"EMAIL","COMPANY","SUBJECT_LINE","EMAIL_BODY"
"ContactSuperTarts@gmail.com","Super Tarts","quick idea for Super Tarts","Hello! I came across Super Tarts and your wax melts / home fragrance really caught my attention.<br><br>My name is Ethan and I'm writing to you with a collaboration proposal.<br><br>I noticed a huge opportunity to increase your products sales through motion design (which has a proven impact on brand perception. 63% of people worldwide prefer watching a short video about a product before buying it.)<br><br>I specialize in motion design and I'd love to create a high-converting video for Super Tarts.<br><br>Here's my <a href=""https://drive.google.com/drive/folders/1QL-_djO9K9sW-ETXCa_t53SuwNP0bOzl?usp=sharing"">portfolio</a><br><br>If you're interested, I'd be happy to discuss the details. I would greatly appreciate any feedback! Have a wonderful day.<br><br>Best regards,<br>Ethan"
"erika@secondandspruce.com","Second & Spruce Handcrafted Co.","quick idea for Second & Spruce Handcrafted Co.","Hello! I came across Second & Spruce Handcrafted Co. and your wax melts / home fragrance really caught my attention.<br><br>My name is Ethan and I'm writing to you with a collaboration proposal.<br><br>I noticed a huge opportunity to increase your products sales through motion design (which has a proven impact on brand perception. 63% of people worldwide prefer watching a short video about a product before buying it.)<br><br>I specialize in motion design and I'd love to create a high-converting video for Second & Spruce Handcrafted Co..<br><br>Here's my <a href=""https://drive.google.com/drive/folders/1QL-_djO9K9sW-ETXCa_t53SuwNP0bOzl?usp=sharing"">portfolio</a><br><br>If you're interested, I'd be happy to discuss the details. I would greatly appreciate any feedback! Have a wonderful day.<br><br>Best regards,<br>Ethan"
"emily@yosoycandle.com","Yo Soy Candle","quick idea for Yo Soy Candle","Hello! I came across Yo Soy Candle and your candles really caught my attention.<br><br>My name is Ethan and I'm writing to you with a collaboration proposal.<br><br>I noticed a huge opportunity to increase your products sales through motion design (which has a proven impact on brand perception. 63% of people worldwide prefer watching a short video about a product before buying it.)<br><br>I specialize in motion design and I'd love to create a high-converting video for Yo Soy Candle.<br><br>Here's my <a href=""https://drive.google.com/drive/folders/1QL-_djO9K9sW-ETXCa_t53SuwNP0bOzl?usp=sharing"">portfolio</a><br><br>If you're interested, I'd be happy to discuss the details. I would greatly appreciate any feedback! Have a wonderful day.<br><br>Best regards,<br>Ethan"
"hello@scenteddesigns.com","Scented Designs Candle Co.","quick idea for Scented Designs Candle Co.","Hello! I came across Scented Designs Candle Co. and your candles really caught my attention.<br><br>My name is Ethan and I'm writing to you with a collaboration proposal.<br><br>I noticed a huge opportunity to increase your products sales through motion design (which has a proven impact on brand perception. 63% of people worldwide prefer watching a short video about a product before buying it.)<br><br>I specialize in motion design and I'd love to create a high-converting video for Scented Designs Candle Co..<br><br>Here's my <a href=""https://drive.google.com/drive/folders/1QL-_djO9K9sW-ETXCa_t53SuwNP0bOzl?usp=sharing"">portfolio</a><br><br>If you're interested, I'd be happy to discuss the details. I would greatly appreciate any feedback! Have a wonderful day.<br><br>Best regards,<br>Ethan"
"hello@candlespice.com","Candlespice Co.","quick idea for Candlespice Co.","Hello! I came across Candlespice Co. and your candles really caught my attention.<br><br>My name is Ethan and I'm writing to you with a collaboration proposal.<br><br>I noticed a huge opportunity to increase your products sales through motion design (which has a proven impact on brand perception. 63% of people worldwide prefer watching a short video about a product before buying it.)<br><br>I specialize in motion design and I'd love to create a high-converting video for Candlespice Co..<br><br>Here's my <a href=""https://drive.google.com/drive/folders/1QL-_djO9K9sW-ETXCa_t53SuwNP0bOzl?usp=sharing"">portfolio</a><br><br>If you're interested, I'd be happy to discuss the details. I would greatly appreciate any feedback! Have a wonderful day.<br><br>Best regards,<br>Ethan"
"info@farmhousecandleshop.com","Farmhouse Candle Shop","quick idea for Farmhouse Candle Shop","Hello! I came across Farmhouse Candle Shop and your candles really caught my attention.<br><br>My name is Ethan and I'm writing to you with a collaboration proposal.<br><br>I noticed a huge opportunity to increase your products sales through motion design (which has a proven impact on brand perception. 63% of people worldwide prefer watching a short video about a product before buying it.)<br><br>I specialize in motion design and I'd love to create a high-converting video for Farmhouse Candle Shop.<br><br>Here's my <a href=""https://drive.google.com/drive/folders/1QL-_djO9K9sW-ETXCa_t53SuwNP0bOzl?usp=sharing"">portfolio</a><br><br>If you're interested, I'd be happy to discuss the details. I would greatly appreciate any feedback! Have a wonderful day.<br><br>Best regards,<br>Ethan"
"howdy@woolywaxcandles.com","Wooly Wax","quick idea for Wooly Wax","Hello! I came across Wooly Wax and your candles really caught my attention.<br><br>My name is Ethan and I'm writing to you with a collaboration proposal.<br><br>I noticed a huge opportunity to increase your products sales through motion design (which has a proven impact on brand perception. 63% of people worldwide prefer watching a short video about a product before buying it.)<br><br>I specialize in motion design and I'd love to create a high-converting video for Wooly Wax.<br><br>Here's my <a href=""https://drive.google.com/drive/folders/1QL-_djO9K9sW-ETXCa_t53SuwNP0bOzl?usp=sharing"">portfolio</a><br><br>If you're interested, I'd be happy to discuss the details. I would greatly appreciate any feedback! Have a wonderful day.<br><br>Best regards,<br>Ethan"
"info@glowcandleco.com","GLOW Candle Co.","quick idea for GLOW Candle Co.","Hello! I came across GLOW Candle Co. and your candles really caught my attention.<br><br>My name is Ethan and I'm writing to you with a collaboration proposal.<br><br>I noticed a huge opportunity to increase your products sales through motion design (which has a proven impact on brand perception. 63% of people worldwide prefer watching a short video about a product before buying it.)<br><br>I specialize in motion design and I'd love to create a high-converting video for GLOW Candle Co..<br><br>Here's my <a href=""https://drive.google.com/drive/folders/1QL-_djO9K9sW-ETXCa_t53SuwNP0bOzl?usp=sharing"">portfolio</a><br><br>If you're interested, I'd be happy to discuss the details. I would greatly appreciate any feedback! Have a wonderful day.<br><br>Best regards,<br>Ethan"
"info@rockycreekcandles.com","Rocky Creek Candle Company","quick idea for Rocky Creek Candle Company","Hello! I came across Rocky Creek Candle Company and your candles / home fragrance really caught my attention.<br><br>My name is Ethan and I'm writing to you with a collaboration proposal.<br><br>I noticed a huge opportunity to increase your products sales through motion design (which has a proven impact on brand perception. 63% of people worldwide prefer watching a short video about a product before buying it.)<br><br>I specialize in motion design and I'd love to create a high-converting video for Rocky Creek Candle Company.<br><br>Here's my <a href=""https://drive.google.com/drive/folders/1QL-_djO9K9sW-ETXCa_t53SuwNP0bOzl?usp=sharing"">portfolio</a><br><br>If you're interested, I'd be happy to discuss the details. I would greatly appreciate any feedback! Have a wonderful day.<br><br>Best regards,<br>Ethan"
"rob@mangumpottery.com","Mangum Pottery","quick idea for Mangum Pottery","Hello! I came across Mangum Pottery and your home decor / pottery really caught my attention.<br><br>My name is Ethan and I'm writing to you with a collaboration proposal.<br><br>I noticed a huge opportunity to increase your products sales through motion design (which has a proven impact on brand perception. 63% of people worldwide prefer watching a short video about a product before buying it.)<br><br>I specialize in motion design and I'd love to create a high-converting video for Mangum Pottery.<br><br>Here's my <a href=""https://drive.google.com/drive/folders/1QL-_djO9K9sW-ETXCa_t53SuwNP0bOzl?usp=sharing"">portfolio</a><br><br>If you're interested, I'd be happy to discuss the details. I would greatly appreciate any feedback! Have a wonderful day.<br><br>Best regards,<br>Ethan"
"support@blanketcreekpottery.com","Blanket Creek Pottery","quick idea for Blanket Creek Pottery","Hello! I came across Blanket Creek Pottery and your home decor / pottery really caught my attention.<br><br>My name is Ethan and I'm writing to you with a collaboration proposal.<br><br>I noticed a huge opportunity to increase your products sales through motion design (which has a proven impact on brand perception. 63% of people worldwide prefer watching a short video about a product before buying it.)<br><br>I specialize in motion design and I'd love to create a high-converting video for Blanket Creek Pottery.<br><br>Here's my <a href=""https://drive.google.com/drive/folders/1QL-_djO9K9sW-ETXCa_t53SuwNP0bOzl?usp=sharing"">portfolio</a><br><br>If you're interested, I'd be happy to discuss the details. I would greatly appreciate any feedback! Have a wonderful day.<br><br>Best regards,<br>Ethan"
"Care@aromaretail.com","Aroma Retail","quick idea for Aroma Retail","Hello! I came across Aroma Retail and your home fragrance really caught my attention.<br><br>My name is Ethan and I'm writing to you with a collaboration proposal.<br><br>I noticed a huge opportunity to increase your products sales through motion design (which has a proven impact on brand perception. 63% of people worldwide prefer watching a short video about a product before buying it.)<br><br>I specialize in motion design and I'd love to create a high-converting video for Aroma Retail.<br><br>Here's my <a href=""https://drive.google.com/drive/folders/1QL-_djO9K9sW-ETXCa_t53SuwNP0bOzl?usp=sharing"">portfolio</a><br><br>If you're interested, I'd be happy to discuss the details. I would greatly appreciate any feedback! Have a wonderful day.<br><br>Best regards,<br>Ethan"
"support@brokentopcandleco.com","Broken Top Candle Co. (Broken Top Brands)","quick idea for Broken Top Candle Co. (Broken Top Brands)","Hello! I came across Broken Top Candle Co. (Broken Top Brands) and your candles / reed diffusers / home fragrance really caught my attention.<br><br>My name is Ethan and I'm writing to you with a collaboration proposal.<br><br>I noticed a huge opportunity to increase your products sales through motion design (which has a proven impact on brand perception. 63% of people worldwide prefer watching a short video about a product before buying it.)<br><br>I specialize in motion design and I'd love to create a high-converting video for Broken Top Candle Co. (Broken Top Brands).<br><br>Here's my <a href=""https://drive.google.com/drive/folders/1QL-_djO9K9sW-ETXCa_t53SuwNP0bOzl?usp=sharing"">portfolio</a><br><br>If you're interested, I'd be happy to discuss the details. I would greatly appreciate any feedback! Have a wonderful day.<br><br>Best regards,<br>Ethan"
"info@assemblycoffee.co.uk","Assembly Coffee","quick idea for Assembly Coffee","Hello! I came across Assembly Coffee and your coffee really caught my attention.<br><br>My name is Ethan and I'm writing to you with a collaboration proposal.<br><br>I noticed a huge opportunity to increase your products sales through motion design (which has a proven impact on brand perception. 63% of people worldwide prefer watching a short video about a product before buying it.)<br><br>I specialize in motion design and I'd love to create a high-converting video for Assembly Coffee.<br><br>Here's my <a href=""https://drive.google.com/drive/folders/1QL-_djO9K9sW-ETXCa_t53SuwNP0bOzl?usp=sharing"">portfolio</a><br><br>If you're interested, I'd be happy to discuss the details. I would greatly appreciate any feedback! Have a wonderful day.<br><br>Best regards,<br>Ethan"
"webshop@smallbatchcoffee.co.uk","Small Batch Coffee Roasters","quick idea for Small Batch Coffee Roasters","Hello! I came across Small Batch Coffee Roasters and your coffee really caught my attention.<br><br>My name is Ethan and I'm writing to you with a collaboration proposal.<br><br>I noticed a huge opportunity to increase your products sales through motion design (which has a proven impact on brand perception. 63% of people worldwide prefer watching a short video about a product before buying it.)<br><br>I specialize in motion design and I'd love to create a high-converting video for Small Batch Coffee Roasters.<br><br>Here's my <a href=""https://drive.google.com/drive/folders/1QL-_djO9K9sW-ETXCa_t53SuwNP0bOzl?usp=sharing"">portfolio</a><br><br>If you're interested, I'd be happy to discuss the details. I would greatly appreciate any feedback! Have a wonderful day.<br><br>Best regards,<br>Ethan"
"johan@cormorantroasters.co.uk","Cormorant Roasters","quick idea for Cormorant Roasters","Hello! I came across Cormorant Roasters and your coffee really caught my attention.<br><br>My name is Ethan and I'm writing to you with a collaboration proposal.<br><br>I noticed a huge opportunity to increase your products sales through motion design (which has a proven impact on brand perception. 63% of people worldwide prefer watching a short video about a product before buying it.)<br><br>I specialize in motion design and I'd love to create a high-converting video for Cormorant Roasters.<br><br>Here's my <a href=""https://drive.google.com/drive/folders/1QL-_djO9K9sW-ETXCa_t53SuwNP0bOzl?usp=sharing"">portfolio</a><br><br>If you're interested, I'd be happy to discuss the details. I would greatly appreciate any feedback! Have a wonderful day.<br><br>Best regards,<br>Ethan"
"support@thecoffeefactory.co.uk","The Coffee Factory","quick idea for The Coffee Factory","Hello! I came across The Coffee Factory and your coffee really caught my attention.<br><br>My name is Ethan and I'm writing to you with a collaboration proposal.<br><br>I noticed a huge opportunity to increase your products sales through motion design (which has a proven impact on brand perception. 63% of people worldwide prefer watching a short video about a product before buying it.)<br><br>I specialize in motion design and I'd love to create a high-converting video for The Coffee Factory.<br><br>Here's my <a href=""https://drive.google.com/drive/folders/1QL-_djO9K9sW-ETXCa_t53SuwNP0bOzl?usp=sharing"">portfolio</a><br><br>If you're interested, I'd be happy to discuss the details. I would greatly appreciate any feedback! Have a wonderful day.<br><br>Best regards,<br>Ethan"
"hello@goodandpropertea.com","Good & Proper Tea","quick idea for Good & Proper Tea","Hello! I came across Good & Proper Tea and your tea really caught my attention.<br><br>My name is Ethan and I'm writing to you with a collaboration proposal.<br><br>I noticed a huge opportunity to increase your products sales through motion design (which has a proven impact on brand perception. 63% of people worldwide prefer watching a short video about a product before buying it.)<br><br>I specialize in motion design and I'd love to create a high-converting video for Good & Proper Tea.<br><br>Here's my <a href=""https://drive.google.com/drive/folders/1QL-_djO9K9sW-ETXCa_t53SuwNP0bOzl?usp=sharing"">portfolio</a><br><br>If you're interested, I'd be happy to discuss the details. I would greatly appreciate any feedback! Have a wonderful day.<br><br>Best regards,<br>Ethan"
"hello@trueteacompany.co.uk","True Tea Company","quick idea for True Tea Company","Hello! I came across True Tea Company and your tea really caught my attention.<br><br>My name is Ethan and I'm writing to you with a collaboration proposal.<br><br>I noticed a huge opportunity to increase your products sales through motion design (which has a proven impact on brand perception. 63% of people worldwide prefer watching a short video about a product before buying it.)<br><br>I specialize in motion design and I'd love to create a high-converting video for True Tea Company.<br><br>Here's my <a href=""https://drive.google.com/drive/folders/1QL-_djO9K9sW-ETXCa_t53SuwNP0bOzl?usp=sharing"">portfolio</a><br><br>If you're interested, I'd be happy to discuss the details. I would greatly appreciate any feedback! Have a wonderful day.<br><br>Best regards,<br>Ethan"
"tea@theproperteaco.co.uk","The Proper Tea Co","quick idea for The Proper Tea Co","Hello! I came across The Proper Tea Co and your tea really caught my attention.<br><br>My name is Ethan and I'm writing to you with a collaboration proposal.<br><br>I noticed a huge opportunity to increase your products sales through motion design (which has a proven impact on brand perception. 63% of people worldwide prefer watching a short video about a product before buying it.)<br><br>I specialize in motion design and I'd love to create a high-converting video for The Proper Tea Co.<br><br>Here's my <a href=""https://drive.google.com/drive/folders/1QL-_djO9K9sW-ETXCa_t53SuwNP0bOzl?usp=sharing"">portfolio</a><br><br>If you're interested, I'd be happy to discuss the details. I would greatly appreciate any feedback! Have a wonderful day.<br><br>Best regards,<br>Ethan"
"soldwithlove@spicekitchenuk.com","Spice Kitchen","quick idea for Spice Kitchen","Hello! I came across Spice Kitchen and your spices really caught my attention.<br><br>My name is Ethan and I'm writing to you with a collaboration proposal.<br><br>I noticed a huge opportunity to increase your products sales through motion design (which has a proven impact on brand perception. 63% of people worldwide prefer watching a short video about a product before buying it.)<br><br>I specialize in motion design and I'd love to create a high-converting video for Spice Kitchen.<br><br>Here's my <a href=""https://drive.google.com/drive/folders/1QL-_djO9K9sW-ETXCa_t53SuwNP0bOzl?usp=sharing"">portfolio</a><br><br>If you're interested, I'd be happy to discuss the details. I would greatly appreciate any feedback! Have a wonderful day.<br><br>Best regards,<br>Ethan"
"staff@thespiceshop.co.uk","The Spice Shop","quick idea for The Spice Shop","Hello! I came across The Spice Shop and your spices really caught my attention.<br><br>My name is Ethan and I'm writing to you with a collaboration proposal.<br><br>I noticed a huge opportunity to increase your products sales through motion design (which has a proven impact on brand perception. 63% of people worldwide prefer watching a short video about a product before buying it.)<br><br>I specialize in motion design and I'd love to create a high-converting video for The Spice Shop.<br><br>Here's my <a href=""https://drive.google.com/drive/folders/1QL-_djO9K9sW-ETXCa_t53SuwNP0bOzl?usp=sharing"">portfolio</a><br><br>If you're interested, I'd be happy to discuss the details. I would greatly appreciate any feedback! Have a wonderful day.<br><br>Best regards,<br>Ethan"
"mail@spicemountain.co.uk","Spice Mountain","quick idea for Spice Mountain","Hello! I came across Spice Mountain and your spices really caught my attention.<br><br>My name is Ethan and I'm writing to you with a collaboration proposal.<br><br>I noticed a huge opportunity to increase your products sales through motion design (which has a proven impact on brand perception. 63% of people worldwide prefer watching a short video about a product before buying it.)<br><br>I specialize in motion design and I'd love to create a high-converting video for Spice Mountain.<br><br>Here's my <a href=""https://drive.google.com/drive/folders/1QL-_djO9K9sW-ETXCa_t53SuwNP0bOzl?usp=sharing"">portfolio</a><br><br>If you're interested, I'd be happy to discuss the details. I would greatly appreciate any feedback! Have a wonderful day.<br><br>Best regards,<br>Ethan"
"hello@nibsetc.com","nibs etc.","quick idea for nibs etc.","Hello! I came across nibs etc. and your snacks / granola really caught my attention.<br><br>My name is Ethan and I'm writing to you with a collaboration proposal.<br><br>I noticed a huge opportunity to increase your products sales through motion design (which has a proven impact on brand perception. 63% of people worldwide prefer watching a short video about a product before buying it.)<br><br>I specialize in motion design and I'd love to create a high-converting video for nibs etc..<br><br>Here's my <a href=""https://drive.google.com/drive/folders/1QL-_djO9K9sW-ETXCa_t53SuwNP0bOzl?usp=sharing"">portfolio</a><br><br>If you're interested, I'd be happy to discuss the details. I would greatly appreciate any feedback! Have a wonderful day.<br><br>Best regards,<br>Ethan"
"hello@forthaygranola.co.uk","Forthay Granola","quick idea for Forthay Granola","Hello! I came across Forthay Granola and your snacks / specialty food really caught my attention.<br><br>My name is Ethan and I'm writing to you with a collaboration proposal.<br><br>I noticed a huge opportunity to increase your products sales through motion design (which has a proven impact on brand perception. 63% of people worldwide prefer watching a short video about a product before buying it.)<br><br>I specialize in motion design and I'd love to create a high-converting video for Forthay Granola.<br><br>Here's my <a href=""https://drive.google.com/drive/folders/1QL-_djO9K9sW-ETXCa_t53SuwNP0bOzl?usp=sharing"">portfolio</a><br><br>If you're interested, I'd be happy to discuss the details. I would greatly appreciate any feedback! Have a wonderful day.<br><br>Best regards,<br>Ethan"
"support@rollagranola.com","Rollagranola","quick idea for Rollagranola","Hello! I came across Rollagranola and your snacks / specialty food really caught my attention.<br><br>My name is Ethan and I'm writing to you with a collaboration proposal.<br><br>I noticed a huge opportunity to increase your products sales through motion design (which has a proven impact on brand perception. 63% of people worldwide prefer watching a short video about a product before buying it.)<br><br>I specialize in motion design and I'd love to create a high-converting video for Rollagranola.<br><br>Here's my <a href=""https://drive.google.com/drive/folders/1QL-_djO9K9sW-ETXCa_t53SuwNP0bOzl?usp=sharing"">portfolio</a><br><br>If you're interested, I'd be happy to discuss the details. I would greatly appreciate any feedback! Have a wonderful day.<br><br>Best regards,<br>Ethan"
"contact@cheekynibble.com","Cheeky Nibble","quick idea for Cheeky Nibble","Hello! I came across Cheeky Nibble and your snacks / specialty food really caught my attention.<br><br>My name is Ethan and I'm writing to you with a collaboration proposal.<br><br>I noticed a huge opportunity to increase your products sales through motion design (which has a proven impact on brand perception. 63% of people worldwide prefer watching a short video about a product before buying it.)<br><br>I specialize in motion design and I'd love to create a high-converting video for Cheeky Nibble.<br><br>Here's my <a href=""https://drive.google.com/drive/folders/1QL-_djO9K9sW-ETXCa_t53SuwNP0bOzl?usp=sharing"">portfolio</a><br><br>If you're interested, I'd be happy to discuss the details. I would greatly appreciate any feedback! Have a wonderful day.<br><br>Best regards,<br>Ethan"
"enquiries@newforestshortbread.co.uk","New Forest Shortbread","quick idea for New Forest Shortbread","Hello! I came across New Forest Shortbread and your snacks / baked goods really caught my attention.<br><br>My name is Ethan and I'm writing to you with a collaboration proposal.<br><br>I noticed a huge opportunity to increase your products sales through motion design (which has a proven impact on brand perception. 63% of people worldwide prefer watching a short video about a product before buying it.)<br><br>I specialize in motion design and I'd love to create a high-converting video for New Forest Shortbread.<br><br>Here's my <a href=""https://drive.google.com/drive/folders/1QL-_djO9K9sW-ETXCa_t53SuwNP0bOzl?usp=sharing"">portfolio</a><br><br>If you're interested, I'd be happy to discuss the details. I would greatly appreciate any feedback! Have a wonderful day.<br><br>Best regards,<br>Ethan"
"info@shortbreadhouse.com","Shortbread House of Edinburgh","quick idea for Shortbread House of Edinburgh","Hello! I came across Shortbread House of Edinburgh and your snacks / baked goods really caught my attention.<br><br>My name is Ethan and I'm writing to you with a collaboration proposal.<br><br>I noticed a huge opportunity to increase your products sales through motion design (which has a proven impact on brand perception. 63% of people worldwide prefer watching a short video about a product before buying it.)<br><br>I specialize in motion design and I'd love to create a high-converting video for Shortbread House of Edinburgh.<br><br>Here's my <a href=""https://drive.google.com/drive/folders/1QL-_djO9K9sW-ETXCa_t53SuwNP0bOzl?usp=sharing"">portfolio</a><br><br>If you're interested, I'd be happy to discuss the details. I would greatly appreciate any feedback! Have a wonderful day.<br><br>Best regards,<br>Ethan"
"info@popcornkitchen.co.uk","Popcorn Kitchen","quick idea for Popcorn Kitchen","Hello! I came across Popcorn Kitchen and your snacks really caught my attention.<br><br>My name is Ethan and I'm writing to you with a collaboration proposal.<br><br>I noticed a huge opportunity to increase your products sales through motion design (which has a proven impact on brand perception. 63% of people worldwide prefer watching a short video about a product before buying it.)<br><br>I specialize in motion design and I'd love to create a high-converting video for Popcorn Kitchen.<br><br>Here's my <a href=""https://drive.google.com/drive/folders/1QL-_djO9K9sW-ETXCa_t53SuwNP0bOzl?usp=sharing"">portfolio</a><br><br>If you're interested, I'd be happy to discuss the details. I would greatly appreciate any feedback! Have a wonderful day.<br><br>Best regards,<br>Ethan"
"meandmydogpetbakery@gmail.com","Me & My Dog Pet Bakery","quick idea for Me & My Dog Pet Bakery","Hello! I came across Me & My Dog Pet Bakery and your dog treats & bakery gifts really caught my attention.<br><br>My name is Ethan and I'm writing to you with a collaboration proposal.<br><br>I noticed a huge opportunity to increase your products sales through motion design (which has a proven impact on brand perception. 63% of people worldwide prefer watching a short video about a product before buying it.)<br><br>I specialize in motion design and I'd love to create a high-converting video for Me & My Dog Pet Bakery.<br><br>Here's my <a href=""https://drive.google.com/drive/folders/1QL-_djO9K9sW-ETXCa_t53SuwNP0bOzl?usp=sharing"">portfolio</a><br><br>If you're interested, I'd be happy to discuss the details. I would greatly appreciate any feedback! Have a wonderful day.<br><br>Best regards,<br>Ethan"
"meow@americatcompany.com","Americat Company","quick idea for Americat Company","Hello! I came across Americat Company and your cat accessories & toys really caught my attention.<br><br>My name is Ethan and I'm writing to you with a collaboration proposal.<br><br>I noticed a huge opportunity to increase your products sales through motion design (which has a proven impact on brand perception. 63% of people worldwide prefer watching a short video about a product before buying it.)<br><br>I specialize in motion design and I'd love to create a high-converting video for Americat Company.<br><br>Here's my <a href=""https://drive.google.com/drive/folders/1QL-_djO9K9sW-ETXCa_t53SuwNP0bOzl?usp=sharing"">portfolio</a><br><br>If you're interested, I'd be happy to discuss the details. I would greatly appreciate any feedback! Have a wonderful day.<br><br>Best regards,<br>Ethan"
"sales@pawsgourmetbakery.com","Paws Gourmet Bakery","quick idea for Paws Gourmet Bakery","Hello! I came across Paws Gourmet Bakery and your dog treats really caught my attention.<br><br>My name is Ethan and I'm writing to you with a collaboration proposal.<br><br>I noticed a huge opportunity to increase your products sales through motion design (which has a proven impact on brand perception. 63% of people worldwide prefer watching a short video about a product before buying it.)<br><br>I specialize in motion design and I'd love to create a high-converting video for Paws Gourmet Bakery.<br><br>Here's my <a href=""https://drive.google.com/drive/folders/1QL-_djO9K9sW-ETXCa_t53SuwNP0bOzl?usp=sharing"">portfolio</a><br><br>If you're interested, I'd be happy to discuss the details. I would greatly appreciate any feedback! Have a wonderful day.<br><br>Best regards,<br>Ethan"
"info@pupcakespet.com","Pupcakes Pet Bakery","quick idea for Pupcakes Pet Bakery","Hello! I came across Pupcakes Pet Bakery and your dog treats & bakery gifts really caught my attention.<br><br>My name is Ethan and I'm writing to you with a collaboration proposal.<br><br>I noticed a huge opportunity to increase your products sales through motion design (which has a proven impact on brand perception. 63% of people worldwide prefer watching a short video about a product before buying it.)<br><br>I specialize in motion design and I'd love to create a high-converting video for Pupcakes Pet Bakery.<br><br>Here's my <a href=""https://drive.google.com/drive/folders/1QL-_djO9K9sW-ETXCa_t53SuwNP0bOzl?usp=sharing"">portfolio</a><br><br>If you're interested, I'd be happy to discuss the details. I would greatly appreciate any feedback! Have a wonderful day.<br><br>Best regards,<br>Ethan"
"info@themobilebarkery.com","The Mobile Barkery","quick idea for The Mobile Barkery","Hello! I came across The Mobile Barkery and your dog treats really caught my attention.<br><br>My name is Ethan and I'm writing to you with a collaboration proposal.<br><br>I noticed a huge opportunity to increase your products sales through motion design (which has a proven impact on brand perception. 63% of people worldwide prefer watching a short video about a product before buying it.)<br><br>I specialize in motion design and I'd love to create a high-converting video for The Mobile Barkery.<br><br>Here's my <a href=""https://drive.google.com/drive/folders/1QL-_djO9K9sW-ETXCa_t53SuwNP0bOzl?usp=sharing"">portfolio</a><br><br>If you're interested, I'd be happy to discuss the details. I would greatly appreciate any feedback! Have a wonderful day.<br><br>Best regards,<br>Ethan"
"contact@dogdelitreats.com","DOGDELI","quick idea for DOGDELI","Hello! I came across DOGDELI and your dog treats really caught my attention.<br><br>My name is Ethan and I'm writing to you with a collaboration proposal.<br><br>I noticed a huge opportunity to increase your products sales through motion design (which has a proven impact on brand perception. 63% of people worldwide prefer watching a short video about a product before buying it.)<br><br>I specialize in motion design and I'd love to create a high-converting video for DOGDELI.<br><br>Here's my <a href=""https://drive.google.com/drive/folders/1QL-_djO9K9sW-ETXCa_t53SuwNP0bOzl?usp=sharing"">portfolio</a><br><br>If you're interested, I'd be happy to discuss the details. I would greatly appreciate any feedback! Have a wonderful day.<br><br>Best regards,<br>Ethan"
"info@cacollarco.com","California Collar Co.","quick idea for California Collar Co.","Hello! I came across California Collar Co. and your dog collars & leashes really caught my attention.<br><br>My name is Ethan and I'm writing to you with a collaboration proposal.<br><br>I noticed a huge opportunity to increase your products sales through motion design (which has a proven impact on brand perception. 63% of people worldwide prefer watching a short video about a product before buying it.)<br><br>I specialize in motion design and I'd love to create a high-converting video for California Collar Co..<br><br>Here's my <a href=""https://drive.google.com/drive/folders/1QL-_djO9K9sW-ETXCa_t53SuwNP0bOzl?usp=sharing"">portfolio</a><br><br>If you're interested, I'd be happy to discuss the details. I would greatly appreciate any feedback! Have a wonderful day.<br><br>Best regards,<br>Ethan"
"CharliesTreatsBakery@gmail.com","Charlie's Treats Bakery","quick idea for Charlie's Treats Bakery","Hello! I came across Charlie's Treats Bakery and your dog treats & bandanas really caught my attention.<br><br>My name is Ethan and I'm writing to you with a collaboration proposal.<br><br>I noticed a huge opportunity to increase your products sales through motion design (which has a proven impact on brand perception. 63% of people worldwide prefer watching a short video about a product before buying it.)<br><br>I specialize in motion design and I'd love to create a high-converting video for Charlie's Treats Bakery.<br><br>Here's my <a href=""https://drive.google.com/drive/folders/1QL-_djO9K9sW-ETXCa_t53SuwNP0bOzl?usp=sharing"">portfolio</a><br><br>If you're interested, I'd be happy to discuss the details. I would greatly appreciate any feedback! Have a wonderful day.<br><br>Best regards,<br>Ethan"
"info@copperleafleather.com","Copper Leaf Leather","quick idea for Copper Leaf Leather","Hello! I came across Copper Leaf Leather and your dog collars & leashes really caught my attention.<br><br>My name is Ethan and I'm writing to you with a collaboration proposal.<br><br>I noticed a huge opportunity to increase your products sales through motion design (which has a proven impact on brand perception. 63% of people worldwide prefer watching a short video about a product before buying it.)<br><br>I specialize in motion design and I'd love to create a high-converting video for Copper Leaf Leather.<br><br>Here's my <a href=""https://drive.google.com/drive/folders/1QL-_djO9K9sW-ETXCa_t53SuwNP0bOzl?usp=sharing"">portfolio</a><br><br>If you're interested, I'd be happy to discuss the details. I would greatly appreciate any feedback! Have a wonderful day.<br><br>Best regards,<br>Ethan"
"hello@hiroandwolf.com","Hiro + Wolf","quick idea for Hiro + Wolf","Hello! I came across Hiro + Wolf and your pet accessories really caught my attention.<br><br>My name is Ethan and I'm writing to you with a collaboration proposal.<br><br>I noticed a huge opportunity to increase your products sales through motion design (which has a proven impact on brand perception. 63% of people worldwide prefer watching a short video about a product before buying it.)<br><br>I specialize in motion design and I'd love to create a high-converting video for Hiro + Wolf.<br><br>Here's my <a href=""https://drive.google.com/drive/folders/1QL-_djO9K9sW-ETXCa_t53SuwNP0bOzl?usp=sharing"">portfolio</a><br><br>If you're interested, I'd be happy to discuss the details. I would greatly appreciate any feedback! Have a wonderful day.<br><br>Best regards,<br>Ethan"
"support@baileyandcoco.co.uk","Bailey and Coco","quick idea for Bailey and Coco","Hello! I came across Bailey and Coco and your dog harnesses & walking accessories really caught my attention.<br><br>My name is Ethan and I'm writing to you with a collaboration proposal.<br><br>I noticed a huge opportunity to increase your products sales through motion design (which has a proven impact on brand perception. 63% of people worldwide prefer watching a short video about a product before buying it.)<br><br>I specialize in motion design and I'd love to create a high-converting video for Bailey and Coco.<br><br>Here's my <a href=""https://drive.google.com/drive/folders/1QL-_djO9K9sW-ETXCa_t53SuwNP0bOzl?usp=sharing"">portfolio</a><br><br>If you're interested, I'd be happy to discuss the details. I would greatly appreciate any feedback! Have a wonderful day.<br><br>Best regards,<br>Ethan"
"kelly@independentpetco.co.uk","Independent Pet Co","quick idea for Independent Pet Co","Hello! I came across Independent Pet Co and your pet food, toys & grooming really caught my attention.<br><br>My name is Ethan and I'm writing to you with a collaboration proposal.<br><br>I noticed a huge opportunity to increase your products sales through motion design (which has a proven impact on brand perception. 63% of people worldwide prefer watching a short video about a product before buying it.)<br><br>I specialize in motion design and I'd love to create a high-converting video for Independent Pet Co.<br><br>Here's my <a href=""https://drive.google.com/drive/folders/1QL-_djO9K9sW-ETXCa_t53SuwNP0bOzl?usp=sharing"">portfolio</a><br><br>If you're interested, I'd be happy to discuss the details. I would greatly appreciate any feedback! Have a wonderful day.<br><br>Best regards,<br>Ethan"
"CustomerServices@thecatgallery.co.uk","The Cat Gallery","quick idea for The Cat Gallery","Hello! I came across The Cat Gallery and your cat toys & gifts really caught my attention.<br><br>My name is Ethan and I'm writing to you with a collaboration proposal.<br><br>I noticed a huge opportunity to increase your products sales through motion design (which has a proven impact on brand perception. 63% of people worldwide prefer watching a short video about a product before buying it.)<br><br>I specialize in motion design and I'd love to create a high-converting video for The Cat Gallery.<br><br>Here's my <a href=""https://drive.google.com/drive/folders/1QL-_djO9K9sW-ETXCa_t53SuwNP0bOzl?usp=sharing"">portfolio</a><br><br>If you're interested, I'd be happy to discuss the details. I would greatly appreciate any feedback! Have a wonderful day.<br><br>Best regards,<br>Ethan"
"hello@sheenamarshall.com","Sheena Marshall Jewelry","quick idea for Sheena Marshall Jewelry","Hello! I came across Sheena Marshall Jewelry and your jewelry really caught my attention.<br><br>My name is Ethan and I'm writing to you with a collaboration proposal.<br><br>I noticed a huge opportunity to increase your products sales through motion design (which has a proven impact on brand perception. 63% of people worldwide prefer watching a short video about a product before buying it.)<br><br>I specialize in motion design and I'd love to create a high-converting video for Sheena Marshall Jewelry.<br><br>Here's my <a href=""https://drive.google.com/drive/folders/1QL-_djO9K9sW-ETXCa_t53SuwNP0bOzl?usp=sharing"">portfolio</a><br><br>If you're interested, I'd be happy to discuss the details. I would greatly appreciate any feedback! Have a wonderful day.<br><br>Best regards,<br>Ethan"
"goldeluxejewelry@gmail.com","Goldeluxe Jewelry","quick idea for Goldeluxe Jewelry","Hello! I came across Goldeluxe Jewelry and your jewelry really caught my attention.<br><br>My name is Ethan and I'm writing to you with a collaboration proposal.<br><br>I noticed a huge opportunity to increase your products sales through motion design (which has a proven impact on brand perception. 63% of people worldwide prefer watching a short video about a product before buying it.)<br><br>I specialize in motion design and I'd love to create a high-converting video for Goldeluxe Jewelry.<br><br>Here's my <a href=""https://drive.google.com/drive/folders/1QL-_djO9K9sW-ETXCa_t53SuwNP0bOzl?usp=sharing"">portfolio</a><br><br>If you're interested, I'd be happy to discuss the details. I would greatly appreciate any feedback! Have a wonderful day.<br><br>Best regards,<br>Ethan"
"info@fewmadejewelry.com","Few Made Jewelry","quick idea for Few Made Jewelry","Hello! I came across Few Made Jewelry and your jewelry really caught my attention.<br><br>My name is Ethan and I'm writing to you with a collaboration proposal.<br><br>I noticed a huge opportunity to increase your products sales through motion design (which has a proven impact on brand perception. 63% of people worldwide prefer watching a short video about a product before buying it.)<br><br>I specialize in motion design and I'd love to create a high-converting video for Few Made Jewelry.<br><br>Here's my <a href=""https://drive.google.com/drive/folders/1QL-_djO9K9sW-ETXCa_t53SuwNP0bOzl?usp=sharing"">portfolio</a><br><br>If you're interested, I'd be happy to discuss the details. I would greatly appreciate any feedback! Have a wonderful day.<br><br>Best regards,<br>Ethan"
"hello@amywaltz.com","Amy Waltz Designs","quick idea for Amy Waltz Designs","Hello! I came across Amy Waltz Designs and your jewelry really caught my attention.<br><br>My name is Ethan and I'm writing to you with a collaboration proposal.<br><br>I noticed a huge opportunity to increase your products sales through motion design (which has a proven impact on brand perception. 63% of people worldwide prefer watching a short video about a product before buying it.)<br><br>I specialize in motion design and I'd love to create a high-converting video for Amy Waltz Designs.<br><br>Here's my <a href=""https://drive.google.com/drive/folders/1QL-_djO9K9sW-ETXCa_t53SuwNP0bOzl?usp=sharing"">portfolio</a><br><br>If you're interested, I'd be happy to discuss the details. I would greatly appreciate any feedback! Have a wonderful day.<br><br>Best regards,<br>Ethan"
"seasidestoneseastport@gmail.com","Seaside Stones","quick idea for Seaside Stones","Hello! I came across Seaside Stones and your jewelry really caught my attention.<br><br>My name is Ethan and I'm writing to you with a collaboration proposal.<br><br>I noticed a huge opportunity to increase your products sales through motion design (which has a proven impact on brand perception. 63% of people worldwide prefer watching a short video about a product before buying it.)<br><br>I specialize in motion design and I'd love to create a high-converting video for Seaside Stones.<br><br>Here's my <a href=""https://drive.google.com/drive/folders/1QL-_djO9K9sW-ETXCa_t53SuwNP0bOzl?usp=sharing"">portfolio</a><br><br>If you're interested, I'd be happy to discuss the details. I would greatly appreciate any feedback! Have a wonderful day.<br><br>Best regards,<br>Ethan"
"Stylebysofii@yahoo.com","Style by Sofi","quick idea for Style by Sofi","Hello! I came across Style by Sofi and your jewelry really caught my attention.<br><br>My name is Ethan and I'm writing to you with a collaboration proposal.<br><br>I noticed a huge opportunity to increase your products sales through motion design (which has a proven impact on brand perception. 63% of people worldwide prefer watching a short video about a product before buying it.)<br><br>I specialize in motion design and I'd love to create a high-converting video for Style by Sofi.<br><br>Here's my <a href=""https://drive.google.com/drive/folders/1QL-_djO9K9sW-ETXCa_t53SuwNP0bOzl?usp=sharing"">portfolio</a><br><br>If you're interested, I'd be happy to discuss the details. I would greatly appreciate any feedback! Have a wonderful day.<br><br>Best regards,<br>Ethan"
"hello@helloadorn.com","Hello Adorn","quick idea for Hello Adorn","Hello! I came across Hello Adorn and your jewelry really caught my attention.<br><br>My name is Ethan and I'm writing to you with a collaboration proposal.<br><br>I noticed a huge opportunity to increase your products sales through motion design (which has a proven impact on brand perception. 63% of people worldwide prefer watching a short video about a product before buying it.)<br><br>I specialize in motion design and I'd love to create a high-converting video for Hello Adorn.<br><br>Here's my <a href=""https://drive.google.com/drive/folders/1QL-_djO9K9sW-ETXCa_t53SuwNP0bOzl?usp=sharing"">portfolio</a><br><br>If you're interested, I'd be happy to discuss the details. I would greatly appreciate any feedback! Have a wonderful day.<br><br>Best regards,<br>Ethan"
"press@shopmachete.com","MACHETE","quick idea for MACHETE","Hello! I came across MACHETE and your sunglasses really caught my attention.<br><br>My name is Ethan and I'm writing to you with a collaboration proposal.<br><br>I noticed a huge opportunity to increase your products sales through motion design (which has a proven impact on brand perception. 63% of people worldwide prefer watching a short video about a product before buying it.)<br><br>I specialize in motion design and I'd love to create a high-converting video for MACHETE.<br><br>Here's my <a href=""https://drive.google.com/drive/folders/1QL-_djO9K9sW-ETXCa_t53SuwNP0bOzl?usp=sharing"">portfolio</a><br><br>If you're interested, I'd be happy to discuss the details. I would greatly appreciate any feedback! Have a wonderful day.<br><br>Best regards,<br>Ethan"
"hello@lowercasenyc.com","Lowercase NYC","quick idea for Lowercase NYC","Hello! I came across Lowercase NYC and your sunglasses really caught my attention.<br><br>My name is Ethan and I'm writing to you with a collaboration proposal.<br><br>I noticed a huge opportunity to increase your products sales through motion design (which has a proven impact on brand perception. 63% of people worldwide prefer watching a short video about a product before buying it.)<br><br>I specialize in motion design and I'd love to create a high-converting video for Lowercase NYC.<br><br>Here's my <a href=""https://drive.google.com/drive/folders/1QL-_djO9K9sW-ETXCa_t53SuwNP0bOzl?usp=sharing"">portfolio</a><br><br>If you're interested, I'd be happy to discuss the details. I would greatly appreciate any feedback! Have a wonderful day.<br><br>Best regards,<br>Ethan"
"sales@brynncapella.com","Brynn Capella","quick idea for Brynn Capella","Hello! I came across Brynn Capella and your bags really caught my attention.<br><br>My name is Ethan and I'm writing to you with a collaboration proposal.<br><br>I noticed a huge opportunity to increase your products sales through motion design (which has a proven impact on brand perception. 63% of people worldwide prefer watching a short video about a product before buying it.)<br><br>I specialize in motion design and I'd love to create a high-converting video for Brynn Capella.<br><br>Here's my <a href=""https://drive.google.com/drive/folders/1QL-_djO9K9sW-ETXCa_t53SuwNP0bOzl?usp=sharing"">portfolio</a><br><br>If you're interested, I'd be happy to discuss the details. I would greatly appreciate any feedback! Have a wonderful day.<br><br>Best regards,<br>Ethan"
"concierge@janessaleone.com","Janessa Leoné","quick idea for Janessa Leoné","Hello! I came across Janessa Leoné and your bags really caught my attention.<br><br>My name is Ethan and I'm writing to you with a collaboration proposal.<br><br>I noticed a huge opportunity to increase your products sales through motion design (which has a proven impact on brand perception. 63% of people worldwide prefer watching a short video about a product before buying it.)<br><br>I specialize in motion design and I'd love to create a high-converting video for Janessa Leoné.<br><br>Here's my <a href=""https://drive.google.com/drive/folders/1QL-_djO9K9sW-ETXCa_t53SuwNP0bOzl?usp=sharing"">portfolio</a><br><br>If you're interested, I'd be happy to discuss the details. I would greatly appreciate any feedback! Have a wonderful day.<br><br>Best regards,<br>Ethan"
"sales@longislandwatch.com","Islander Watch (Long Island Watch)","quick idea for Islander Watch (Long Island Watch)","Hello! I came across Islander Watch (Long Island Watch) and your watches really caught my attention.<br><br>My name is Ethan and I'm writing to you with a collaboration proposal.<br><br>I noticed a huge opportunity to increase your products sales through motion design (which has a proven impact on brand perception. 63% of people worldwide prefer watching a short video about a product before buying it.)<br><br>I specialize in motion design and I'd love to create a high-converting video for Islander Watch (Long Island Watch).<br><br>Here's my <a href=""https://drive.google.com/drive/folders/1QL-_djO9K9sW-ETXCa_t53SuwNP0bOzl?usp=sharing"">portfolio</a><br><br>If you're interested, I'd be happy to discuss the details. I would greatly appreciate any feedback! Have a wonderful day.<br><br>Best regards,<br>Ethan"
"partners@tammyfender.com","Tammy Fender","quick idea for Tammy Fender","Hello! I came across Tammy Fender and your skincare really caught my attention.<br><br>My name is Ethan and I'm writing to you with a collaboration proposal.<br><br>I noticed a huge opportunity to increase your products sales through motion design (which has a proven impact on brand perception. 63% of people worldwide prefer watching a short video about a product before buying it.)<br><br>I specialize in motion design and I'd love to create a high-converting video for Tammy Fender.<br><br>Here's my <a href=""https://drive.google.com/drive/folders/1QL-_djO9K9sW-ETXCa_t53SuwNP0bOzl?usp=sharing"">portfolio</a><br><br>If you're interested, I'd be happy to discuss the details. I would greatly appreciate any feedback! Have a wonderful day.<br><br>Best regards,<br>Ethan"
"service@oneloveorganics.com","One Love Organics","quick idea for One Love Organics","Hello! I came across One Love Organics and your skincare really caught my attention.<br><br>My name is Ethan and I'm writing to you with a collaboration proposal.<br><br>I noticed a huge opportunity to increase your products sales through motion design (which has a proven impact on brand perception. 63% of people worldwide prefer watching a short video about a product before buying it.)<br><br>I specialize in motion design and I'd love to create a high-converting video for One Love Organics.<br><br>Here's my <a href=""https://drive.google.com/drive/folders/1QL-_djO9K9sW-ETXCa_t53SuwNP0bOzl?usp=sharing"">portfolio</a><br><br>If you're interested, I'd be happy to discuss the details. I would greatly appreciate any feedback! Have a wonderful day.<br><br>Best regards,<br>Ethan"
"hello@frenchfarmacie.com","French Farmacie","quick idea for French Farmacie","Hello! I came across French Farmacie and your skincare really caught my attention.<br><br>My name is Ethan and I'm writing to you with a collaboration proposal.<br><br>I noticed a huge opportunity to increase your products sales through motion design (which has a proven impact on brand perception. 63% of people worldwide prefer watching a short video about a product before buying it.)<br><br>I specialize in motion design and I'd love to create a high-converting video for French Farmacie.<br><br>Here's my <a href=""https://drive.google.com/drive/folders/1QL-_djO9K9sW-ETXCa_t53SuwNP0bOzl?usp=sharing"">portfolio</a><br><br>If you're interested, I'd be happy to discuss the details. I would greatly appreciate any feedback! Have a wonderful day.<br><br>Best regards,<br>Ethan"
"info@klur.co","Klur","quick idea for Klur","Hello! I came across Klur and your skincare really caught my attention.<br><br>My name is Ethan and I'm writing to you with a collaboration proposal.<br><br>I noticed a huge opportunity to increase your products sales through motion design (which has a proven impact on brand perception. 63% of people worldwide prefer watching a short video about a product before buying it.)<br><br>I specialize in motion design and I'd love to create a high-converting video for Klur.<br><br>Here's my <a href=""https://drive.google.com/drive/folders/1QL-_djO9K9sW-ETXCa_t53SuwNP0bOzl?usp=sharing"">portfolio</a><br><br>If you're interested, I'd be happy to discuss the details. I would greatly appreciate any feedback! Have a wonderful day.<br><br>Best regards,<br>Ethan"
"support@katemcleod.com","Kate McLeod","quick idea for Kate McLeod","Hello! I came across Kate McLeod and your skincare really caught my attention.<br><br>My name is Ethan and I'm writing to you with a collaboration proposal.<br><br>I noticed a huge opportunity to increase your products sales through motion design (which has a proven impact on brand perception. 63% of people worldwide prefer watching a short video about a product before buying it.)<br><br>I specialize in motion design and I'd love to create a high-converting video for Kate McLeod.<br><br>Here's my <a href=""https://drive.google.com/drive/folders/1QL-_djO9K9sW-ETXCa_t53SuwNP0bOzl?usp=sharing"">portfolio</a><br><br>If you're interested, I'd be happy to discuss the details. I would greatly appreciate any feedback! Have a wonderful day.<br><br>Best regards,<br>Ethan"
"wholesale@captainblankenship.com","Captain Blankenship","quick idea for Captain Blankenship","Hello! I came across Captain Blankenship and your haircare really caught my attention.<br><br>My name is Ethan and I'm writing to you with a collaboration proposal.<br><br>I noticed a huge opportunity to increase your products sales through motion design (which has a proven impact on brand perception. 63% of people worldwide prefer watching a short video about a product before buying it.)<br><br>I specialize in motion design and I'd love to create a high-converting video for Captain Blankenship.<br><br>Here's my <a href=""https://drive.google.com/drive/folders/1QL-_djO9K9sW-ETXCa_t53SuwNP0bOzl?usp=sharing"">portfolio</a><br><br>If you're interested, I'd be happy to discuss the details. I would greatly appreciate any feedback! Have a wonderful day.<br><br>Best regards,<br>Ethan"
"love@kyprisbeauty.com","KYPRIS Beauty","quick idea for KYPRIS Beauty","Hello! I came across KYPRIS Beauty and your skincare really caught my attention.<br><br>My name is Ethan and I'm writing to you with a collaboration proposal.<br><br>I noticed a huge opportunity to increase your products sales through motion design (which has a proven impact on brand perception. 63% of people worldwide prefer watching a short video about a product before buying it.)<br><br>I specialize in motion design and I'd love to create a high-converting video for KYPRIS Beauty.<br><br>Here's my <a href=""https://drive.google.com/drive/folders/1QL-_djO9K9sW-ETXCa_t53SuwNP0bOzl?usp=sharing"">portfolio</a><br><br>If you're interested, I'd be happy to discuss the details. I would greatly appreciate any feedback! Have a wonderful day.<br><br>Best regards,<br>Ethan"
"hello@meowmeowtweet.com","Meow Meow Tweet","quick idea for Meow Meow Tweet","Hello! I came across Meow Meow Tweet and your skincare / deodorant really caught my attention.<br><br>My name is Ethan and I'm writing to you with a collaboration proposal.<br><br>I noticed a huge opportunity to increase your products sales through motion design (which has a proven impact on brand perception. 63% of people worldwide prefer watching a short video about a product before buying it.)<br><br>I specialize in motion design and I'd love to create a high-converting video for Meow Meow Tweet.<br><br>Here's my <a href=""https://drive.google.com/drive/folders/1QL-_djO9K9sW-ETXCa_t53SuwNP0bOzl?usp=sharing"">portfolio</a><br><br>If you're interested, I'd be happy to discuss the details. I would greatly appreciate any feedback! Have a wonderful day.<br><br>Best regards,<br>Ethan"
"hello@furyou.com","Fur","quick idea for Fur","Hello! I came across Fur and your haircare / bodycare really caught my attention.<br><br>My name is Ethan and I'm writing to you with a collaboration proposal.<br><br>I noticed a huge opportunity to increase your products sales through motion design (which has a proven impact on brand perception. 63% of people worldwide prefer watching a short video about a product before buying it.)<br><br>I specialize in motion design and I'd love to create a high-converting video for Fur.<br><br>Here's my <a href=""https://drive.google.com/drive/folders/1QL-_djO9K9sW-ETXCa_t53SuwNP0bOzl?usp=sharing"">portfolio</a><br><br>If you're interested, I'd be happy to discuss the details. I would greatly appreciate any feedback! Have a wonderful day.<br><br>Best regards,<br>Ethan"
"contact@scultura-activewear.com","Scultura Activewear","quick idea for Scultura Activewear","Hello! I came across Scultura Activewear and your activewear really caught my attention.<br><br>My name is Ethan and I'm writing to you with a collaboration proposal.<br><br>I noticed a huge opportunity to increase your products sales through motion design (which has a proven impact on brand perception. 63% of people worldwide prefer watching a short video about a product before buying it.)<br><br>I specialize in motion design and I'd love to create a high-converting video for Scultura Activewear.<br><br>Here's my <a href=""https://drive.google.com/drive/folders/1QL-_djO9K9sW-ETXCa_t53SuwNP0bOzl?usp=sharing"">portfolio</a><br><br>If you're interested, I'd be happy to discuss the details. I would greatly appreciate any feedback! Have a wonderful day.<br><br>Best regards,<br>Ethan"
"contact@inclusiveinc.co.uk","Incl.usiveinc","quick idea for Incl.usiveinc","Hello! I came across Incl.usiveinc and your activewear really caught my attention.<br><br>My name is Ethan and I'm writing to you with a collaboration proposal.<br><br>I noticed a huge opportunity to increase your products sales through motion design (which has a proven impact on brand perception. 63% of people worldwide prefer watching a short video about a product before buying it.)<br><br>I specialize in motion design and I'd love to create a high-converting video for Incl.usiveinc.<br><br>Here's my <a href=""https://drive.google.com/drive/folders/1QL-_djO9K9sW-ETXCa_t53SuwNP0bOzl?usp=sharing"">portfolio</a><br><br>If you're interested, I'd be happy to discuss the details. I would greatly appreciate any feedback! Have a wonderful day.<br><br>Best regards,<br>Ethan"
"info@yogamasti.com","Yogamasti","quick idea for Yogamasti","Hello! I came across Yogamasti and your yoga apparel really caught my attention.<br><br>My name is Ethan and I'm writing to you with a collaboration proposal.<br><br>I noticed a huge opportunity to increase your products sales through motion design (which has a proven impact on brand perception. 63% of people worldwide prefer watching a short video about a product before buying it.)<br><br>I specialize in motion design and I'd love to create a high-converting video for Yogamasti.<br><br>Here's my <a href=""https://drive.google.com/drive/folders/1QL-_djO9K9sW-ETXCa_t53SuwNP0bOzl?usp=sharing"">portfolio</a><br><br>If you're interested, I'd be happy to discuss the details. I would greatly appreciate any feedback! Have a wonderful day.<br><br>Best regards,<br>Ethan"
"management@yanaactive.co.uk","YANA Active","quick idea for YANA Active","Hello! I came across YANA Active and your activewear really caught my attention.<br><br>My name is Ethan and I'm writing to you with a collaboration proposal.<br><br>I noticed a huge opportunity to increase your products sales through motion design (which has a proven impact on brand perception. 63% of people worldwide prefer watching a short video about a product before buying it.)<br><br>I specialize in motion design and I'd love to create a high-converting video for YANA Active.<br><br>Here's my <a href=""https://drive.google.com/drive/folders/1QL-_djO9K9sW-ETXCa_t53SuwNP0bOzl?usp=sharing"">portfolio</a><br><br>If you're interested, I'd be happy to discuss the details. I would greatly appreciate any feedback! Have a wonderful day.<br><br>Best regards,<br>Ethan"
"hello@avoactivewear.com","Avo Activewear","quick idea for Avo Activewear","Hello! I came across Avo Activewear and your activewear really caught my attention.<br><br>My name is Ethan and I'm writing to you with a collaboration proposal.<br><br>I noticed a huge opportunity to increase your products sales through motion design (which has a proven impact on brand perception. 63% of people worldwide prefer watching a short video about a product before buying it.)<br><br>I specialize in motion design and I'd love to create a high-converting video for Avo Activewear.<br><br>Here's my <a href=""https://drive.google.com/drive/folders/1QL-_djO9K9sW-ETXCa_t53SuwNP0bOzl?usp=sharing"">portfolio</a><br><br>If you're interested, I'd be happy to discuss the details. I would greatly appreciate any feedback! Have a wonderful day.<br><br>Best regards,<br>Ethan"
"stayintouch@ekotexyoga.co.uk","Ekotex Yoga","quick idea for Ekotex Yoga","Hello! I came across Ekotex Yoga and your yoga gear really caught my attention.<br><br>My name is Ethan and I'm writing to you with a collaboration proposal.<br><br>I noticed a huge opportunity to increase your products sales through motion design (which has a proven impact on brand perception. 63% of people worldwide prefer watching a short video about a product before buying it.)<br><br>I specialize in motion design and I'd love to create a high-converting video for Ekotex Yoga.<br><br>Here's my <a href=""https://drive.google.com/drive/folders/1QL-_djO9K9sW-ETXCa_t53SuwNP0bOzl?usp=sharing"">portfolio</a><br><br>If you're interested, I'd be happy to discuss the details. I would greatly appreciate any feedback! Have a wonderful day.<br><br>Best regards,<br>Ethan"
"carebare@yogi-bare.com","Yogi Bare","quick idea for Yogi Bare","Hello! I came across Yogi Bare and your yoga gear really caught my attention.<br><br>My name is Ethan and I'm writing to you with a collaboration proposal.<br><br>I noticed a huge opportunity to increase your products sales through motion design (which has a proven impact on brand perception. 63% of people worldwide prefer watching a short video about a product before buying it.)<br><br>I specialize in motion design and I'd love to create a high-converting video for Yogi Bare.<br><br>Here's my <a href=""https://drive.google.com/drive/folders/1QL-_djO9K9sW-ETXCa_t53SuwNP0bOzl?usp=sharing"">portfolio</a><br><br>If you're interested, I'd be happy to discuss the details. I would greatly appreciate any feedback! Have a wonderful day.<br><br>Best regards,<br>Ethan"
"info@budsfitness.co.uk","Buds Fitness","quick idea for Buds Fitness","Hello! I came across Buds Fitness and your fitness accessories/gym equipment really caught my attention.<br><br>My name is Ethan and I'm writing to you with a collaboration proposal.<br><br>I noticed a huge opportunity to increase your products sales through motion design (which has a proven impact on brand perception. 63% of people worldwide prefer watching a short video about a product before buying it.)<br><br>I specialize in motion design and I'd love to create a high-converting video for Buds Fitness.<br><br>Here's my <a href=""https://drive.google.com/drive/folders/1QL-_djO9K9sW-ETXCa_t53SuwNP0bOzl?usp=sharing"">portfolio</a><br><br>If you're interested, I'd be happy to discuss the details. I would greatly appreciate any feedback! Have a wonderful day.<br><br>Best regards,<br>Ethan"
"info@madeofwater.co.uk","Made of Water","quick idea for Made of Water","Hello! I came across Made of Water and your sports accessories really caught my attention.<br><br>My name is Ethan and I'm writing to you with a collaboration proposal.<br><br>I noticed a huge opportunity to increase your products sales through motion design (which has a proven impact on brand perception. 63% of people worldwide prefer watching a short video about a product before buying it.)<br><br>I specialize in motion design and I'd love to create a high-converting video for Made of Water.<br><br>Here's my <a href=""https://drive.google.com/drive/folders/1QL-_djO9K9sW-ETXCa_t53SuwNP0bOzl?usp=sharing"">portfolio</a><br><br>If you're interested, I'd be happy to discuss the details. I would greatly appreciate any feedback! Have a wonderful day.<br><br>Best regards,<br>Ethan"
"hello@atompacks.co.uk","Atom Packs","quick idea for Atom Packs","Hello! I came across Atom Packs and your outdoor gear really caught my attention.<br><br>My name is Ethan and I'm writing to you with a collaboration proposal.<br><br>I noticed a huge opportunity to increase your products sales through motion design (which has a proven impact on brand perception. 63% of people worldwide prefer watching a short video about a product before buying it.)<br><br>I specialize in motion design and I'd love to create a high-converting video for Atom Packs.<br><br>Here's my <a href=""https://drive.google.com/drive/folders/1QL-_djO9K9sW-ETXCa_t53SuwNP0bOzl?usp=sharing"">portfolio</a><br><br>If you're interested, I'd be happy to discuss the details. I would greatly appreciate any feedback! Have a wonderful day.<br><br>Best regards,<br>Ethan"
"shop@madvikingbeard.com","Mad Viking Beard Co.","quick idea for Mad Viking Beard Co.","Hello! I came across Mad Viking Beard Co. and your beard oil, balm, wash really caught my attention.<br><br>My name is Ethan and I'm writing to you with a collaboration proposal.<br><br>I noticed a huge opportunity to increase your products sales through motion design (which has a proven impact on brand perception. 63% of people worldwide prefer watching a short video about a product before buying it.)<br><br>I specialize in motion design and I'd love to create a high-converting video for Mad Viking Beard Co..<br><br>Here's my <a href=""https://drive.google.com/drive/folders/1QL-_djO9K9sW-ETXCa_t53SuwNP0bOzl?usp=sharing"">portfolio</a><br><br>If you're interested, I'd be happy to discuss the details. I would greatly appreciate any feedback! Have a wonderful day.<br><br>Best regards,<br>Ethan"
"info@texasbeardcompany.com","Texas Beard Company","quick idea for Texas Beard Company","Hello! I came across Texas Beard Company and your beard oil, balm, wash really caught my attention.<br><br>My name is Ethan and I'm writing to you with a collaboration proposal.<br><br>I noticed a huge opportunity to increase your products sales through motion design (which has a proven impact on brand perception. 63% of people worldwide prefer watching a short video about a product before buying it.)<br><br>I specialize in motion design and I'd love to create a high-converting video for Texas Beard Company.<br><br>Here's my <a href=""https://drive.google.com/drive/folders/1QL-_djO9K9sW-ETXCa_t53SuwNP0bOzl?usp=sharing"">portfolio</a><br><br>If you're interested, I'd be happy to discuss the details. I would greatly appreciate any feedback! Have a wonderful day.<br><br>Best regards,<br>Ethan"
"support@mountaineerbrand.com","Mountaineer Brand Products","quick idea for Mountaineer Brand Products","Hello! I came across Mountaineer Brand Products and your beard care, shave, body care really caught my attention.<br><br>My name is Ethan and I'm writing to you with a collaboration proposal.<br><br>I noticed a huge opportunity to increase your products sales through motion design (which has a proven impact on brand perception. 63% of people worldwide prefer watching a short video about a product before buying it.)<br><br>I specialize in motion design and I'd love to create a high-converting video for Mountaineer Brand Products.<br><br>Here's my <a href=""https://drive.google.com/drive/folders/1QL-_djO9K9sW-ETXCa_t53SuwNP0bOzl?usp=sharing"">portfolio</a><br><br>If you're interested, I'd be happy to discuss the details. I would greatly appreciate any feedback! Have a wonderful day.<br><br>Best regards,<br>Ethan"
"info@beardedcoast.com","Bearded Coast Grooming Co.","quick idea for Bearded Coast Grooming Co.","Hello! I came across Bearded Coast Grooming Co. and your beard oil, balm, small-batch grooming really caught my attention.<br><br>My name is Ethan and I'm writing to you with a collaboration proposal.<br><br>I noticed a huge opportunity to increase your products sales through motion design (which has a proven impact on brand perception. 63% of people worldwide prefer watching a short video about a product before buying it.)<br><br>I specialize in motion design and I'd love to create a high-converting video for Bearded Coast Grooming Co..<br><br>Here's my <a href=""https://drive.google.com/drive/folders/1QL-_djO9K9sW-ETXCa_t53SuwNP0bOzl?usp=sharing"">portfolio</a><br><br>If you're interested, I'd be happy to discuss the details. I would greatly appreciate any feedback! Have a wonderful day.<br><br>Best regards,<br>Ethan"
"cgrimm@kuhnproducts.com","Kühn Products","quick idea for Kühn Products","Hello! I came across Kühn Products and your beard balm, oil, butter, skincare really caught my attention.<br><br>My name is Ethan and I'm writing to you with a collaboration proposal.<br><br>I noticed a huge opportunity to increase your products sales through motion design (which has a proven impact on brand perception. 63% of people worldwide prefer watching a short video about a product before buying it.)<br><br>I specialize in motion design and I'd love to create a high-converting video for Kühn Products.<br><br>Here's my <a href=""https://drive.google.com/drive/folders/1QL-_djO9K9sW-ETXCa_t53SuwNP0bOzl?usp=sharing"">portfolio</a><br><br>If you're interested, I'd be happy to discuss the details. I would greatly appreciate any feedback! Have a wonderful day.<br><br>Best regards,<br>Ethan"
"info@gotbedlam.com","Bedlam Beard Co.","quick idea for Bedlam Beard Co.","Hello! I came across Bedlam Beard Co. and your beard oil, balm, wash, gear really caught my attention.<br><br>My name is Ethan and I'm writing to you with a collaboration proposal.<br><br>I noticed a huge opportunity to increase your products sales through motion design (which has a proven impact on brand perception. 63% of people worldwide prefer watching a short video about a product before buying it.)<br><br>I specialize in motion design and I'd love to create a high-converting video for Bedlam Beard Co..<br><br>Here's my <a href=""https://drive.google.com/drive/folders/1QL-_djO9K9sW-ETXCa_t53SuwNP0bOzl?usp=sharing"">portfolio</a><br><br>If you're interested, I'd be happy to discuss the details. I would greatly appreciate any feedback! Have a wonderful day.<br><br>Best regards,<br>Ethan"
"info@chattanoogabeard.co","Chattanooga Beard Co.","quick idea for Chattanooga Beard Co.","Hello! I came across Chattanooga Beard Co. and your beard oil, balm really caught my attention.<br><br>My name is Ethan and I'm writing to you with a collaboration proposal.<br><br>I noticed a huge opportunity to increase your products sales through motion design (which has a proven impact on brand perception. 63% of people worldwide prefer watching a short video about a product before buying it.)<br><br>I specialize in motion design and I'd love to create a high-converting video for Chattanooga Beard Co..<br><br>Here's my <a href=""https://drive.google.com/drive/folders/1QL-_djO9K9sW-ETXCa_t53SuwNP0bOzl?usp=sharing"">portfolio</a><br><br>If you're interested, I'd be happy to discuss the details. I would greatly appreciate any feedback! Have a wonderful day.<br><br>Best regards,<br>Ethan"
"info@witandwest.com","Wit & West","quick idea for Wit & West","Hello! I came across Wit & West and your men's natural fragrance/cologne really caught my attention.<br><br>My name is Ethan and I'm writing to you with a collaboration proposal.<br><br>I noticed a huge opportunity to increase your products sales through motion design (which has a proven impact on brand perception. 63% of people worldwide prefer watching a short video about a product before buying it.)<br><br>I specialize in motion design and I'd love to create a high-converting video for Wit & West.<br><br>Here's my <a href=""https://drive.google.com/drive/folders/1QL-_djO9K9sW-ETXCa_t53SuwNP0bOzl?usp=sharing"">portfolio</a><br><br>If you're interested, I'd be happy to discuss the details. I would greatly appreciate any feedback! Have a wonderful day.<br><br>Best regards,<br>Ethan"
"info@meanbeardco.com","MEAN BEARD Co.","quick idea for MEAN BEARD Co.","Hello! I came across MEAN BEARD Co. and your beard oil, balm, wash, conditioner really caught my attention.<br><br>My name is Ethan and I'm writing to you with a collaboration proposal.<br><br>I noticed a huge opportunity to increase your products sales through motion design (which has a proven impact on brand perception. 63% of people worldwide prefer watching a short video about a product before buying it.)<br><br>I specialize in motion design and I'd love to create a high-converting video for MEAN BEARD Co..<br><br>Here's my <a href=""https://drive.google.com/drive/folders/1QL-_djO9K9sW-ETXCa_t53SuwNP0bOzl?usp=sharing"">portfolio</a><br><br>If you're interested, I'd be happy to discuss the details. I would greatly appreciate any feedback! Have a wonderful day.<br><br>Best regards,<br>Ethan"
"hello@thebrightonbeardcompany.co.uk","The Brighton Beard Company","quick idea for The Brighton Beard Company","Hello! I came across The Brighton Beard Company and your beard oil, balm, men's skincare really caught my attention.<br><br>My name is Ethan and I'm writing to you with a collaboration proposal.<br><br>I noticed a huge opportunity to increase your products sales through motion design (which has a proven impact on brand perception. 63% of people worldwide prefer watching a short video about a product before buying it.)<br><br>I specialize in motion design and I'd love to create a high-converting video for The Brighton Beard Company.<br><br>Here's my <a href=""https://drive.google.com/drive/folders/1QL-_djO9K9sW-ETXCa_t53SuwNP0bOzl?usp=sharing"">portfolio</a><br><br>If you're interested, I'd be happy to discuss the details. I would greatly appreciate any feedback! Have a wonderful day.<br><br>Best regards,<br>Ethan"
"info@manmadebeardcompany.com","Man Made Beard Company","quick idea for Man Made Beard Company","Hello! I came across Man Made Beard Company and your beard care products really caught my attention.<br><br>My name is Ethan and I'm writing to you with a collaboration proposal.<br><br>I noticed a huge opportunity to increase your products sales through motion design (which has a proven impact on brand perception. 63% of people worldwide prefer watching a short video about a product before buying it.)<br><br>I specialize in motion design and I'd love to create a high-converting video for Man Made Beard Company.<br><br>Here's my <a href=""https://drive.google.com/drive/folders/1QL-_djO9K9sW-ETXCa_t53SuwNP0bOzl?usp=sharing"">portfolio</a><br><br>If you're interested, I'd be happy to discuss the details. I would greatly appreciate any feedback! Have a wonderful day.<br><br>Best regards,<br>Ethan"
"hello@mobros.co.uk","Mo Bro's","quick idea for Mo Bro's","Hello! I came across Mo Bro's and your beard oil, balm, grooming tools really caught my attention.<br><br>My name is Ethan and I'm writing to you with a collaboration proposal.<br><br>I noticed a huge opportunity to increase your products sales through motion design (which has a proven impact on brand perception. 63% of people worldwide prefer watching a short video about a product before buying it.)<br><br>I specialize in motion design and I'd love to create a high-converting video for Mo Bro's.<br><br>Here's my <a href=""https://drive.google.com/drive/folders/1QL-_djO9K9sW-ETXCa_t53SuwNP0bOzl?usp=sharing"">portfolio</a><br><br>If you're interested, I'd be happy to discuss the details. I would greatly appreciate any feedback! Have a wonderful day.<br><br>Best regards,<br>Ethan"
"info@thebeardshed.co.uk","The Beard Shed","quick idea for The Beard Shed","Hello! I came across The Beard Shed and your beard oil, balm, wash really caught my attention.<br><br>My name is Ethan and I'm writing to you with a collaboration proposal.<br><br>I noticed a huge opportunity to increase your products sales through motion design (which has a proven impact on brand perception. 63% of people worldwide prefer watching a short video about a product before buying it.)<br><br>I specialize in motion design and I'd love to create a high-converting video for The Beard Shed.<br><br>Here's my <a href=""https://drive.google.com/drive/folders/1QL-_djO9K9sW-ETXCa_t53SuwNP0bOzl?usp=sharing"">portfolio</a><br><br>If you're interested, I'd be happy to discuss the details. I would greatly appreciate any feedback! Have a wonderful day.<br><br>Best regards,<br>Ethan"
"callum@thebaldviking.co.uk","The Bald Viking","quick idea for The Bald Viking","Hello! I came across The Bald Viking and your beard oil, butter, balm really caught my attention.<br><br>My name is Ethan and I'm writing to you with a collaboration proposal.<br><br>I noticed a huge opportunity to increase your products sales through motion design (which has a proven impact on brand perception. 63% of people worldwide prefer watching a short video about a product before buying it.)<br><br>I specialize in motion design and I'd love to create a high-converting video for The Bald Viking.<br><br>Here's my <a href=""https://drive.google.com/drive/folders/1QL-_djO9K9sW-ETXCa_t53SuwNP0bOzl?usp=sharing"">portfolio</a><br><br>If you're interested, I'd be happy to discuss the details. I would greatly appreciate any feedback! Have a wonderful day.<br><br>Best regards,<br>Ethan"
"sales@stamfordnotebooks.co.uk","The Stamford Notebook Company","quick idea for The Stamford Notebook Company","Hello! I came across The Stamford Notebook Company and your handbound notebooks, diaries, journals really caught my attention.<br><br>My name is Ethan and I'm writing to you with a collaboration proposal.<br><br>I noticed a huge opportunity to increase your products sales through motion design (which has a proven impact on brand perception. 63% of people worldwide prefer watching a short video about a product before buying it.)<br><br>I specialize in motion design and I'd love to create a high-converting video for The Stamford Notebook Company.<br><br>Here's my <a href=""https://drive.google.com/drive/folders/1QL-_djO9K9sW-ETXCa_t53SuwNP0bOzl?usp=sharing"">portfolio</a><br><br>If you're interested, I'd be happy to discuss the details. I would greatly appreciate any feedback! Have a wonderful day.<br><br>Best regards,<br>Ethan"
"info@boundbyhand.co.uk","Bound by Hand (Susan Green, bookbinder)","quick idea for Bound by Hand (Susan Green, bookbinder)","Hello! I came across Bound by Hand (Susan Green, bookbinder) and your handmade sketchbooks, journals, memory books really caught my attention.<br><br>My name is Ethan and I'm writing to you with a collaboration proposal.<br><br>I noticed a huge opportunity to increase your products sales through motion design (which has a proven impact on brand perception. 63% of people worldwide prefer watching a short video about a product before buying it.)<br><br>I specialize in motion design and I'd love to create a high-converting video for Bound by Hand (Susan Green, bookbinder).<br><br>Here's my <a href=""https://drive.google.com/drive/folders/1QL-_djO9K9sW-ETXCa_t53SuwNP0bOzl?usp=sharing"">portfolio</a><br><br>If you're interested, I'd be happy to discuss the details. I would greatly appreciate any feedback! Have a wonderful day.<br><br>Best regards,<br>Ethan"
"sales@papermirchi.co.uk","Paper Mirchi (Papermirchi Ltd)","quick idea for Paper Mirchi (Papermirchi Ltd)","Hello! I came across Paper Mirchi (Papermirchi Ltd) and your handmade gift wrap, greeting cards, cotton paper stationery really caught my attention.<br><br>My name is Ethan and I'm writing to you with a collaboration proposal.<br><br>I noticed a huge opportunity to increase your products sales through motion design (which has a proven impact on brand perception. 63% of people worldwide prefer watching a short video about a product before buying it.)<br><br>I specialize in motion design and I'd love to create a high-converting video for Paper Mirchi (Papermirchi Ltd).<br><br>Here's my <a href=""https://drive.google.com/drive/folders/1QL-_djO9K9sW-ETXCa_t53SuwNP0bOzl?usp=sharing"">portfolio</a><br><br>If you're interested, I'd be happy to discuss the details. I would greatly appreciate any feedback! Have a wonderful day.<br><br>Best regards,<br>Ethan"
"info@idohandmade.co.uk","I Do Handmade Ltd","quick idea for I Do Handmade Ltd","Hello! I came across I Do Handmade Ltd and your small business planner really caught my attention.<br><br>My name is Ethan and I'm writing to you with a collaboration proposal.<br><br>I noticed a huge opportunity to increase your products sales through motion design (which has a proven impact on brand perception. 63% of people worldwide prefer watching a short video about a product before buying it.)<br><br>I specialize in motion design and I'd love to create a high-converting video for I Do Handmade Ltd.<br><br>Here's my <a href=""https://drive.google.com/drive/folders/1QL-_djO9K9sW-ETXCa_t53SuwNP0bOzl?usp=sharing"">portfolio</a><br><br>If you're interested, I'd be happy to discuss the details. I would greatly appreciate any feedback! Have a wonderful day.<br><br>Best regards,<br>Ethan"
"studio@markandfold.com","MARK+FOLD","quick idea for MARK+FOLD","Hello! I came across MARK+FOLD and your notebooks, diaries, stationery really caught my attention.<br><br>My name is Ethan and I'm writing to you with a collaboration proposal.<br><br>I noticed a huge opportunity to increase your products sales through motion design (which has a proven impact on brand perception. 63% of people worldwide prefer watching a short video about a product before buying it.)<br><br>I specialize in motion design and I'd love to create a high-converting video for MARK+FOLD.<br><br>Here's my <a href=""https://drive.google.com/drive/folders/1QL-_djO9K9sW-ETXCa_t53SuwNP0bOzl?usp=sharing"">portfolio</a><br><br>If you're interested, I'd be happy to discuss the details. I would greatly appreciate any feedback! Have a wonderful day.<br><br>Best regards,<br>Ethan"
"danielle@undertherowantrees.co.uk","Under the Rowan Trees","quick idea for Under the Rowan Trees","Hello! I came across Under the Rowan Trees and your washi tape, journaling supplies, stationery really caught my attention.<br><br>My name is Ethan and I'm writing to you with a collaboration proposal.<br><br>I noticed a huge opportunity to increase your products sales through motion design (which has a proven impact on brand perception. 63% of people worldwide prefer watching a short video about a product before buying it.)<br><br>I specialize in motion design and I'd love to create a high-converting video for Under the Rowan Trees.<br><br>Here's my <a href=""https://drive.google.com/drive/folders/1QL-_djO9K9sW-ETXCa_t53SuwNP0bOzl?usp=sharing"">portfolio</a><br><br>If you're interested, I'd be happy to discuss the details. I would greatly appreciate any feedback! Have a wonderful day.<br><br>Best regards,<br>Ethan"
"info@sukie.co.uk","Sukie Ltd","quick idea for Sukie Ltd","Hello! I came across Sukie Ltd and your hand-finished journals, paper goods, printed stationery really caught my attention.<br><br>My name is Ethan and I'm writing to you with a collaboration proposal.<br><br>I noticed a huge opportunity to increase your products sales through motion design (which has a proven impact on brand perception. 63% of people worldwide prefer watching a short video about a product before buying it.)<br><br>I specialize in motion design and I'd love to create a high-converting video for Sukie Ltd.<br><br>Here's my <a href=""https://drive.google.com/drive/folders/1QL-_djO9K9sW-ETXCa_t53SuwNP0bOzl?usp=sharing"">portfolio</a><br><br>If you're interested, I'd be happy to discuss the details. I would greatly appreciate any feedback! Have a wonderful day.<br><br>Best regards,<br>Ethan"
"hello@bookish.ly","Bookishly Limited","quick idea for Bookishly Limited","Hello! I came across Bookishly Limited and your literary-themed journals, notebooks, stationery really caught my attention.<br><br>My name is Ethan and I'm writing to you with a collaboration proposal.<br><br>I noticed a huge opportunity to increase your products sales through motion design (which has a proven impact on brand perception. 63% of people worldwide prefer watching a short video about a product before buying it.)<br><br>I specialize in motion design and I'd love to create a high-converting video for Bookishly Limited.<br><br>Here's my <a href=""https://drive.google.com/drive/folders/1QL-_djO9K9sW-ETXCa_t53SuwNP0bOzl?usp=sharing"">portfolio</a><br><br>If you're interested, I'd be happy to discuss the details. I would greatly appreciate any feedback! Have a wonderful day.<br><br>Best regards,<br>Ethan"
"hello@wildflowerillustrationco.com","Wildflower Illustration Co.","quick idea for Wildflower Illustration Co.","Hello! I came across Wildflower Illustration Co. and your stationery, gift wrap, paper goods subscription really caught my attention.<br><br>My name is Ethan and I'm writing to you with a collaboration proposal.<br><br>I noticed a huge opportunity to increase your products sales through motion design (which has a proven impact on brand perception. 63% of people worldwide prefer watching a short video about a product before buying it.)<br><br>I specialize in motion design and I'd love to create a high-converting video for Wildflower Illustration Co..<br><br>Here's my <a href=""https://drive.google.com/drive/folders/1QL-_djO9K9sW-ETXCa_t53SuwNP0bOzl?usp=sharing"">portfolio</a><br><br>If you're interested, I'd be happy to discuss the details. I would greatly appreciate any feedback! Have a wonderful day.<br><br>Best regards,<br>Ethan"
"hello@perfectplannerco.com","Perfect Planner Company (iSenna Ltd)","quick idea for Perfect Planner Company (iSenna Ltd)","Hello! I came across Perfect Planner Company (iSenna Ltd) and your undated business/productivity planners really caught my attention.<br><br>My name is Ethan and I'm writing to you with a collaboration proposal.<br><br>I noticed a huge opportunity to increase your products sales through motion design (which has a proven impact on brand perception. 63% of people worldwide prefer watching a short video about a product before buying it.)<br><br>I specialize in motion design and I'd love to create a high-converting video for Perfect Planner Company (iSenna Ltd).<br><br>Here's my <a href=""https://drive.google.com/drive/folders/1QL-_djO9K9sW-ETXCa_t53SuwNP0bOzl?usp=sharing"">portfolio</a><br><br>If you're interested, I'd be happy to discuss the details. I would greatly appreciate any feedback! Have a wonderful day.<br><br>Best regards,<br>Ethan"
"hello@curlicue.uk","Curlicue UK","quick idea for Curlicue UK","Hello! I came across Curlicue UK and your sustainable/recyclable gift wrap really caught my attention.<br><br>My name is Ethan and I'm writing to you with a collaboration proposal.<br><br>I noticed a huge opportunity to increase your products sales through motion design (which has a proven impact on brand perception. 63% of people worldwide prefer watching a short video about a product before buying it.)<br><br>I specialize in motion design and I'd love to create a high-converting video for Curlicue UK.<br><br>Here's my <a href=""https://drive.google.com/drive/folders/1QL-_djO9K9sW-ETXCa_t53SuwNP0bOzl?usp=sharing"">portfolio</a><br><br>If you're interested, I'd be happy to discuss the details. I would greatly appreciate any feedback! Have a wonderful day.<br><br>Best regards,<br>Ethan"
"hello@makingmeadows.co.uk","Making Meadows Ltd","quick idea for Making Meadows Ltd","Hello! I came across Making Meadows Ltd and your luxury/eco-friendly wrapping paper really caught my attention.<br><br>My name is Ethan and I'm writing to you with a collaboration proposal.<br><br>I noticed a huge opportunity to increase your products sales through motion design (which has a proven impact on brand perception. 63% of people worldwide prefer watching a short video about a product before buying it.)<br><br>I specialize in motion design and I'd love to create a high-converting video for Making Meadows Ltd.<br><br>Here's my <a href=""https://drive.google.com/drive/folders/1QL-_djO9K9sW-ETXCa_t53SuwNP0bOzl?usp=sharing"">portfolio</a><br><br>If you're interested, I'd be happy to discuss the details. I would greatly appreciate any feedback! Have a wonderful day.<br><br>Best regards,<br>Ethan"
"orders@notaryceramics.com","Notary Ceramics","quick idea for Notary Ceramics","Hello! I came across Notary Ceramics and your handmade ceramic kitchenware, dinnerware & lighting really caught my attention.<br><br>My name is Ethan and I'm writing to you with a collaboration proposal.<br><br>I noticed a huge opportunity to increase your products sales through motion design (which has a proven impact on brand perception. 63% of people worldwide prefer watching a short video about a product before buying it.)<br><br>I specialize in motion design and I'd love to create a high-converting video for Notary Ceramics.<br><br>Here's my <a href=""https://drive.google.com/drive/folders/1QL-_djO9K9sW-ETXCa_t53SuwNP0bOzl?usp=sharing"">portfolio</a><br><br>If you're interested, I'd be happy to discuss the details. I would greatly appreciate any feedback! Have a wonderful day.<br><br>Best regards,<br>Ethan"
"customercare@jarsofdust.com","Jars of Dust","quick idea for Jars of Dust","Hello! I came across Jars of Dust and your handmade ceramic pottery & tableware really caught my attention.<br><br>My name is Ethan and I'm writing to you with a collaboration proposal.<br><br>I noticed a huge opportunity to increase your products sales through motion design (which has a proven impact on brand perception. 63% of people worldwide prefer watching a short video about a product before buying it.)<br><br>I specialize in motion design and I'd love to create a high-converting video for Jars of Dust.<br><br>Here's my <a href=""https://drive.google.com/drive/folders/1QL-_djO9K9sW-ETXCa_t53SuwNP0bOzl?usp=sharing"">portfolio</a><br><br>If you're interested, I'd be happy to discuss the details. I would greatly appreciate any feedback! Have a wonderful day.<br><br>Best regards,<br>Ethan"
"support@feltandfat.com","Felt+Fat","quick idea for Felt+Fat","Hello! I came across Felt+Fat and your handmade ceramic tableware really caught my attention.<br><br>My name is Ethan and I'm writing to you with a collaboration proposal.<br><br>I noticed a huge opportunity to increase your products sales through motion design (which has a proven impact on brand perception. 63% of people worldwide prefer watching a short video about a product before buying it.)<br><br>I specialize in motion design and I'd love to create a high-converting video for Felt+Fat.<br><br>Here's my <a href=""https://drive.google.com/drive/folders/1QL-_djO9K9sW-ETXCa_t53SuwNP0bOzl?usp=sharing"">portfolio</a><br><br>If you're interested, I'd be happy to discuss the details. I would greatly appreciate any feedback! Have a wonderful day.<br><br>Best regards,<br>Ethan"
"info@nolaboards.com","NOLA Boards","quick idea for NOLA Boards","Hello! I came across NOLA Boards and your handcrafted wooden cutting boards & kitchen accessories really caught my attention.<br><br>My name is Ethan and I'm writing to you with a collaboration proposal.<br><br>I noticed a huge opportunity to increase your products sales through motion design (which has a proven impact on brand perception. 63% of people worldwide prefer watching a short video about a product before buying it.)<br><br>I specialize in motion design and I'd love to create a high-converting video for NOLA Boards.<br><br>Here's my <a href=""https://drive.google.com/drive/folders/1QL-_djO9K9sW-ETXCa_t53SuwNP0bOzl?usp=sharing"">portfolio</a><br><br>If you're interested, I'd be happy to discuss the details. I would greatly appreciate any feedback! Have a wonderful day.<br><br>Best regards,<br>Ethan"
"info.cccboards@gmail.com","Coastal Carolina Cutting Boards","quick idea for Coastal Carolina Cutting Boards","Hello! I came across Coastal Carolina Cutting Boards and your handcrafted wooden cutting boards really caught my attention.<br><br>My name is Ethan and I'm writing to you with a collaboration proposal.<br><br>I noticed a huge opportunity to increase your products sales through motion design (which has a proven impact on brand perception. 63% of people worldwide prefer watching a short video about a product before buying it.)<br><br>I specialize in motion design and I'd love to create a high-converting video for Coastal Carolina Cutting Boards.<br><br>Here's my <a href=""https://drive.google.com/drive/folders/1QL-_djO9K9sW-ETXCa_t53SuwNP0bOzl?usp=sharing"">portfolio</a><br><br>If you're interested, I'd be happy to discuss the details. I would greatly appreciate any feedback! Have a wonderful day.<br><br>Best regards,<br>Ethan"
"sawdust@theboardsmith.com","The Boardsmith","quick idea for The Boardsmith","Hello! I came across The Boardsmith and your handcrafted wooden butcher block cutting boards really caught my attention.<br><br>My name is Ethan and I'm writing to you with a collaboration proposal.<br><br>I noticed a huge opportunity to increase your products sales through motion design (which has a proven impact on brand perception. 63% of people worldwide prefer watching a short video about a product before buying it.)<br><br>I specialize in motion design and I'd love to create a high-converting video for The Boardsmith.<br><br>Here's my <a href=""https://drive.google.com/drive/folders/1QL-_djO9K9sW-ETXCa_t53SuwNP0bOzl?usp=sharing"">portfolio</a><br><br>If you're interested, I'd be happy to discuss the details. I would greatly appreciate any feedback! Have a wonderful day.<br><br>Best regards,<br>Ethan"
"orders@blackoakart.com","Black Oak Art","quick idea for Black Oak Art","Hello! I came across Black Oak Art and your handmade ceramic pottery & tableware really caught my attention.<br><br>My name is Ethan and I'm writing to you with a collaboration proposal.<br><br>I noticed a huge opportunity to increase your products sales through motion design (which has a proven impact on brand perception. 63% of people worldwide prefer watching a short video about a product before buying it.)<br><br>I specialize in motion design and I'd love to create a high-converting video for Black Oak Art.<br><br>Here's my <a href=""https://drive.google.com/drive/folders/1QL-_djO9K9sW-ETXCa_t53SuwNP0bOzl?usp=sharing"">portfolio</a><br><br>If you're interested, I'd be happy to discuss the details. I would greatly appreciate any feedback! Have a wonderful day.<br><br>Best regards,<br>Ethan"
"info@civilstoneware.com","Civil Stoneware","quick idea for Civil Stoneware","Hello! I came across Civil Stoneware and your handmade ceramic tableware & home accessories really caught my attention.<br><br>My name is Ethan and I'm writing to you with a collaboration proposal.<br><br>I noticed a huge opportunity to increase your products sales through motion design (which has a proven impact on brand perception. 63% of people worldwide prefer watching a short video about a product before buying it.)<br><br>I specialize in motion design and I'd love to create a high-converting video for Civil Stoneware.<br><br>Here's my <a href=""https://drive.google.com/drive/folders/1QL-_djO9K9sW-ETXCa_t53SuwNP0bOzl?usp=sharing"">portfolio</a><br><br>If you're interested, I'd be happy to discuss the details. I would greatly appreciate any feedback! Have a wonderful day.<br><br>Best regards,<br>Ethan"
"contact@homestedt.com","Homestedt","quick idea for Homestedt","Hello! I came across Homestedt and your handmade stoneware kitchenware really caught my attention.<br><br>My name is Ethan and I'm writing to you with a collaboration proposal.<br><br>I noticed a huge opportunity to increase your products sales through motion design (which has a proven impact on brand perception. 63% of people worldwide prefer watching a short video about a product before buying it.)<br><br>I specialize in motion design and I'd love to create a high-converting video for Homestedt.<br><br>Here's my <a href=""https://drive.google.com/drive/folders/1QL-_djO9K9sW-ETXCa_t53SuwNP0bOzl?usp=sharing"">portfolio</a><br><br>If you're interested, I'd be happy to discuss the details. I would greatly appreciate any feedback! Have a wonderful day.<br><br>Best regards,<br>Ethan"
"customersuccess@texashillcountryoliveco.com","Texas Hill Country Olive Co.","quick idea for Texas Hill Country Olive Co.","Hello! I came across Texas Hill Country Olive Co. and your handcrafted olive wood kitchen utensils & kitchenware really caught my attention.<br><br>My name is Ethan and I'm writing to you with a collaboration proposal.<br><br>I noticed a huge opportunity to increase your products sales through motion design (which has a proven impact on brand perception. 63% of people worldwide prefer watching a short video about a product before buying it.)<br><br>I specialize in motion design and I'd love to create a high-converting video for Texas Hill Country Olive Co..<br><br>Here's my <a href=""https://drive.google.com/drive/folders/1QL-_djO9K9sW-ETXCa_t53SuwNP0bOzl?usp=sharing"">portfolio</a><br><br>If you're interested, I'd be happy to discuss the details. I would greatly appreciate any feedback! Have a wonderful day.<br><br>Best regards,<br>Ethan"
"hello@recreationcentershop.com","Recreation Center","quick idea for Recreation Center","Hello! I came across Recreation Center and your handmade ceramic mugs & tableware really caught my attention.<br><br>My name is Ethan and I'm writing to you with a collaboration proposal.<br><br>I noticed a huge opportunity to increase your products sales through motion design (which has a proven impact on brand perception. 63% of people worldwide prefer watching a short video about a product before buying it.)<br><br>I specialize in motion design and I'd love to create a high-converting video for Recreation Center.<br><br>Here's my <a href=""https://drive.google.com/drive/folders/1QL-_djO9K9sW-ETXCa_t53SuwNP0bOzl?usp=sharing"">portfolio</a><br><br>If you're interested, I'd be happy to discuss the details. I would greatly appreciate any feedback! Have a wonderful day.<br><br>Best regards,<br>Ethan"
"info@earlywooddesigns.com","Earlywood","quick idea for Earlywood","Hello! I came across Earlywood and your handcrafted wooden kitchen utensils really caught my attention.<br><br>My name is Ethan and I'm writing to you with a collaboration proposal.<br><br>I noticed a huge opportunity to increase your products sales through motion design (which has a proven impact on brand perception. 63% of people worldwide prefer watching a short video about a product before buying it.)<br><br>I specialize in motion design and I'd love to create a high-converting video for Earlywood.<br><br>Here's my <a href=""https://drive.google.com/drive/folders/1QL-_djO9K9sW-ETXCa_t53SuwNP0bOzl?usp=sharing"">portfolio</a><br><br>If you're interested, I'd be happy to discuss the details. I would greatly appreciate any feedback! Have a wonderful day.<br><br>Best regards,<br>Ethan"
"help@portlandaproncompany.com","Portland Apron Company","quick idea for Portland Apron Company","Hello! I came across Portland Apron Company and your linen kitchen aprons & kitchen textiles really caught my attention.<br><br>My name is Ethan and I'm writing to you with a collaboration proposal.<br><br>I noticed a huge opportunity to increase your products sales through motion design (which has a proven impact on brand perception. 63% of people worldwide prefer watching a short video about a product before buying it.)<br><br>I specialize in motion design and I'd love to create a high-converting video for Portland Apron Company.<br><br>Here's my <a href=""https://drive.google.com/drive/folders/1QL-_djO9K9sW-ETXCa_t53SuwNP0bOzl?usp=sharing"">portfolio</a><br><br>If you're interested, I'd be happy to discuss the details. I would greatly appreciate any feedback! Have a wonderful day.<br><br>Best regards,<br>Ethan"
"hello@wolfceramics.com","Wolf Ceramics","quick idea for Wolf Ceramics","Hello! I came across Wolf Ceramics and your handmade ceramic tableware really caught my attention.<br><br>My name is Ethan and I'm writing to you with a collaboration proposal.<br><br>I noticed a huge opportunity to increase your products sales through motion design (which has a proven impact on brand perception. 63% of people worldwide prefer watching a short video about a product before buying it.)<br><br>I specialize in motion design and I'd love to create a high-converting video for Wolf Ceramics.<br><br>Here's my <a href=""https://drive.google.com/drive/folders/1QL-_djO9K9sW-ETXCa_t53SuwNP0bOzl?usp=sharing"">portfolio</a><br><br>If you're interested, I'd be happy to discuss the details. I would greatly appreciate any feedback! Have a wonderful day.<br><br>Best regards,<br>Ethan"
"hello@cmceramicstudio.com","C&M Ceramics","quick idea for C&M Ceramics","Hello! I came across C&M Ceramics and your handmade ceramic mugs & tableware really caught my attention.<br><br>My name is Ethan and I'm writing to you with a collaboration proposal.<br><br>I noticed a huge opportunity to increase your products sales through motion design (which has a proven impact on brand perception. 63% of people worldwide prefer watching a short video about a product before buying it.)<br><br>I specialize in motion design and I'd love to create a high-converting video for C&M Ceramics.<br><br>Here's my <a href=""https://drive.google.com/drive/folders/1QL-_djO9K9sW-ETXCa_t53SuwNP0bOzl?usp=sharing"">portfolio</a><br><br>If you're interested, I'd be happy to discuss the details. I would greatly appreciate any feedback! Have a wonderful day.<br><br>Best regards,<br>Ethan"
"hello@earthandelement.com","Earth + Element","quick idea for Earth + Element","Hello! I came across Earth + Element and your handmade ceramic tableware really caught my attention.<br><br>My name is Ethan and I'm writing to you with a collaboration proposal.<br><br>I noticed a huge opportunity to increase your products sales through motion design (which has a proven impact on brand perception. 63% of people worldwide prefer watching a short video about a product before buying it.)<br><br>I specialize in motion design and I'd love to create a high-converting video for Earth + Element.<br><br>Here's my <a href=""https://drive.google.com/drive/folders/1QL-_djO9K9sW-ETXCa_t53SuwNP0bOzl?usp=sharing"">portfolio</a><br><br>If you're interested, I'd be happy to discuss the details. I would greatly appreciate any feedback! Have a wonderful day.<br><br>Best regards,<br>Ethan"
"care@moraceramics.com","Mora Ceramics","quick idea for Mora Ceramics","Hello! I came across Mora Ceramics and your handmade ceramic tableware really caught my attention.<br><br>My name is Ethan and I'm writing to you with a collaboration proposal.<br><br>I noticed a huge opportunity to increase your products sales through motion design (which has a proven impact on brand perception. 63% of people worldwide prefer watching a short video about a product before buying it.)<br><br>I specialize in motion design and I'd love to create a high-converting video for Mora Ceramics.<br><br>Here's my <a href=""https://drive.google.com/drive/folders/1QL-_djO9K9sW-ETXCa_t53SuwNP0bOzl?usp=sharing"">portfolio</a><br><br>If you're interested, I'd be happy to discuss the details. I would greatly appreciate any feedback! Have a wonderful day.<br><br>Best regards,<br>Ethan"
"store@sixmoondesigns.com","Six Moon Designs","quick idea for Six Moon Designs","Hello! I came across Six Moon Designs and your ultralight tents & backpacks really caught my attention.<br><br>My name is Ethan and I'm writing to you with a collaboration proposal.<br><br>I noticed a huge opportunity to increase your products sales through motion design (which has a proven impact on brand perception. 63% of people worldwide prefer watching a short video about a product before buying it.)<br><br>I specialize in motion design and I'd love to create a high-converting video for Six Moon Designs.<br><br>Here's my <a href=""https://drive.google.com/drive/folders/1QL-_djO9K9sW-ETXCa_t53SuwNP0bOzl?usp=sharing"">portfolio</a><br><br>If you're interested, I'd be happy to discuss the details. I would greatly appreciate any feedback! Have a wonderful day.<br><br>Best regards,<br>Ethan"
"sales@hammockgear.com","Hammock Gear","quick idea for Hammock Gear","Hello! I came across Hammock Gear and your hammock camping quilts & gear really caught my attention.<br><br>My name is Ethan and I'm writing to you with a collaboration proposal.<br><br>I noticed a huge opportunity to increase your products sales through motion design (which has a proven impact on brand perception. 63% of people worldwide prefer watching a short video about a product before buying it.)<br><br>I specialize in motion design and I'd love to create a high-converting video for Hammock Gear.<br><br>Here's my <a href=""https://drive.google.com/drive/folders/1QL-_djO9K9sW-ETXCa_t53SuwNP0bOzl?usp=sharing"">portfolio</a><br><br>If you're interested, I'd be happy to discuss the details. I would greatly appreciate any feedback! Have a wonderful day.<br><br>Best regards,<br>Ethan"
"info@slingfin.com","SlingFin","quick idea for SlingFin","Hello! I came across SlingFin and your expedition & backpacking tents really caught my attention.<br><br>My name is Ethan and I'm writing to you with a collaboration proposal.<br><br>I noticed a huge opportunity to increase your products sales through motion design (which has a proven impact on brand perception. 63% of people worldwide prefer watching a short video about a product before buying it.)<br><br>I specialize in motion design and I'd love to create a high-converting video for SlingFin.<br><br>Here's my <a href=""https://drive.google.com/drive/folders/1QL-_djO9K9sW-ETXCa_t53SuwNP0bOzl?usp=sharing"">portfolio</a><br><br>If you're interested, I'd be happy to discuss the details. I would greatly appreciate any feedback! Have a wonderful day.<br><br>Best regards,<br>Ethan"
"support@westernmountaineering.com","Western Mountaineering","quick idea for Western Mountaineering","Hello! I came across Western Mountaineering and your down sleeping bags & camping gear really caught my attention.<br><br>My name is Ethan and I'm writing to you with a collaboration proposal.<br><br>I noticed a huge opportunity to increase your products sales through motion design (which has a proven impact on brand perception. 63% of people worldwide prefer watching a short video about a product before buying it.)<br><br>I specialize in motion design and I'd love to create a high-converting video for Western Mountaineering.<br><br>Here's my <a href=""https://drive.google.com/drive/folders/1QL-_djO9K9sW-ETXCa_t53SuwNP0bOzl?usp=sharing"">portfolio</a><br><br>If you're interested, I'd be happy to discuss the details. I would greatly appreciate any feedback! Have a wonderful day.<br><br>Best regards,<br>Ethan"
"hello@kammok.com","Kammok","quick idea for Kammok","Hello! I came across Kammok and your camping hammocks, tarps & outdoor gear really caught my attention.<br><br>My name is Ethan and I'm writing to you with a collaboration proposal.<br><br>I noticed a huge opportunity to increase your products sales through motion design (which has a proven impact on brand perception. 63% of people worldwide prefer watching a short video about a product before buying it.)<br><br>I specialize in motion design and I'd love to create a high-converting video for Kammok.<br><br>Here's my <a href=""https://drive.google.com/drive/folders/1QL-_djO9K9sW-ETXCa_t53SuwNP0bOzl?usp=sharing"">portfolio</a><br><br>If you're interested, I'd be happy to discuss the details. I would greatly appreciate any feedback! Have a wonderful day.<br><br>Best regards,<br>Ethan"
"customerservice@coalatree.com","Coalatree","quick idea for Coalatree","Hello! I came across Coalatree and your outdoor/camping apparel & gear really caught my attention.<br><br>My name is Ethan and I'm writing to you with a collaboration proposal.<br><br>I noticed a huge opportunity to increase your products sales through motion design (which has a proven impact on brand perception. 63% of people worldwide prefer watching a short video about a product before buying it.)<br><br>I specialize in motion design and I'd love to create a high-converting video for Coalatree.<br><br>Here's my <a href=""https://drive.google.com/drive/folders/1QL-_djO9K9sW-ETXCa_t53SuwNP0bOzl?usp=sharing"">portfolio</a><br><br>If you're interested, I'd be happy to discuss the details. I would greatly appreciate any feedback! Have a wonderful day.<br><br>Best regards,<br>Ethan"
"info@pariaoutdoorproducts.com","Paria Outdoor Products","quick idea for Paria Outdoor Products","Hello! I came across Paria Outdoor Products and your budget backpacking tents, packs & camping gear really caught my attention.<br><br>My name is Ethan and I'm writing to you with a collaboration proposal.<br><br>I noticed a huge opportunity to increase your products sales through motion design (which has a proven impact on brand perception. 63% of people worldwide prefer watching a short video about a product before buying it.)<br><br>I specialize in motion design and I'd love to create a high-converting video for Paria Outdoor Products.<br><br>Here's my <a href=""https://drive.google.com/drive/folders/1QL-_djO9K9sW-ETXCa_t53SuwNP0bOzl?usp=sharing"">portfolio</a><br><br>If you're interested, I'd be happy to discuss the details. I would greatly appreciate any feedback! Have a wonderful day.<br><br>Best regards,<br>Ethan"
"support@barebonesliving.com","Barebones Living","quick idea for Barebones Living","Hello! I came across Barebones Living and your camping cookware, lanterns & outdoor living gear really caught my attention.<br><br>My name is Ethan and I'm writing to you with a collaboration proposal.<br><br>I noticed a huge opportunity to increase your products sales through motion design (which has a proven impact on brand perception. 63% of people worldwide prefer watching a short video about a product before buying it.)<br><br>I specialize in motion design and I'd love to create a high-converting video for Barebones Living.<br><br>Here's my <a href=""https://drive.google.com/drive/folders/1QL-_djO9K9sW-ETXCa_t53SuwNP0bOzl?usp=sharing"">portfolio</a><br><br>If you're interested, I'd be happy to discuss the details. I would greatly appreciate any feedback! Have a wonderful day.<br><br>Best regards,<br>Ethan"
"hello@wiseowloutfitters.com","Wise Owl Outfitters","quick idea for Wise Owl Outfitters","Hello! I came across Wise Owl Outfitters and your camping hammocks & outdoor gear really caught my attention.<br><br>My name is Ethan and I'm writing to you with a collaboration proposal.<br><br>I noticed a huge opportunity to increase your products sales through motion design (which has a proven impact on brand perception. 63% of people worldwide prefer watching a short video about a product before buying it.)<br><br>I specialize in motion design and I'd love to create a high-converting video for Wise Owl Outfitters.<br><br>Here's my <a href=""https://drive.google.com/drive/folders/1QL-_djO9K9sW-ETXCa_t53SuwNP0bOzl?usp=sharing"">portfolio</a><br><br>If you're interested, I'd be happy to discuss the details. I would greatly appreciate any feedback! Have a wonderful day.<br><br>Best regards,<br>Ethan"
"CustomerService@BigSkyInternational.com","Big Sky International","quick idea for Big Sky International","Hello! I came across Big Sky International and your ultralight backpacking tents & camping accessories really caught my attention.<br><br>My name is Ethan and I'm writing to you with a collaboration proposal.<br><br>I noticed a huge opportunity to increase your products sales through motion design (which has a proven impact on brand perception. 63% of people worldwide prefer watching a short video about a product before buying it.)<br><br>I specialize in motion design and I'd love to create a high-converting video for Big Sky International.<br><br>Here's my <a href=""https://drive.google.com/drive/folders/1QL-_djO9K9sW-ETXCa_t53SuwNP0bOzl?usp=sharing"">portfolio</a><br><br>If you're interested, I'd be happy to discuss the details. I would greatly appreciate any feedback! Have a wonderful day.<br><br>Best regards,<br>Ethan"
"paul@backpackingadventuregear.com","Etowah Outfitters","quick idea for Etowah Outfitters","Hello! I came across Etowah Outfitters and your ultralight backpacking gear & alcohol stoves really caught my attention.<br><br>My name is Ethan and I'm writing to you with a collaboration proposal.<br><br>I noticed a huge opportunity to increase your products sales through motion design (which has a proven impact on brand perception. 63% of people worldwide prefer watching a short video about a product before buying it.)<br><br>I specialize in motion design and I'd love to create a high-converting video for Etowah Outfitters.<br><br>Here's my <a href=""https://drive.google.com/drive/folders/1QL-_djO9K9sW-ETXCa_t53SuwNP0bOzl?usp=sharing"">portfolio</a><br><br>If you're interested, I'd be happy to discuss the details. I would greatly appreciate any feedback! Have a wonderful day.<br><br>Best regards,<br>Ethan"
"support@alpenglowgear.co","Alpenglow Gear","quick idea for Alpenglow Gear","Hello! I came across Alpenglow Gear and your ultralight backpacking accessories really caught my attention.<br><br>My name is Ethan and I'm writing to you with a collaboration proposal.<br><br>I noticed a huge opportunity to increase your products sales through motion design (which has a proven impact on brand perception. 63% of people worldwide prefer watching a short video about a product before buying it.)<br><br>I specialize in motion design and I'd love to create a high-converting video for Alpenglow Gear.<br><br>Here's my <a href=""https://drive.google.com/drive/folders/1QL-_djO9K9sW-ETXCa_t53SuwNP0bOzl?usp=sharing"">portfolio</a><br><br>If you're interested, I'd be happy to discuss the details. I would greatly appreciate any feedback! Have a wonderful day.<br><br>Best regards,<br>Ethan"
"Hello@Bannortoys.com","Bannor Toys","quick idea for Bannor Toys","Hello! I came across Bannor Toys and your kids toys really caught my attention.<br><br>My name is Ethan and I'm writing to you with a collaboration proposal.<br><br>I noticed a huge opportunity to increase your products sales through motion design (which has a proven impact on brand perception. 63% of people worldwide prefer watching a short video about a product before buying it.)<br><br>I specialize in motion design and I'd love to create a high-converting video for Bannor Toys.<br><br>Here's my <a href=""https://drive.google.com/drive/folders/1QL-_djO9K9sW-ETXCa_t53SuwNP0bOzl?usp=sharing"">portfolio</a><br><br>If you're interested, I'd be happy to discuss the details. I would greatly appreciate any feedback! Have a wonderful day.<br><br>Best regards,<br>Ethan"
"friends@audreyandbear.com","Audrey & Bear","quick idea for Audrey & Bear","Hello! I came across Audrey & Bear and your baby blankets & swaddles really caught my attention.<br><br>My name is Ethan and I'm writing to you with a collaboration proposal.<br><br>I noticed a huge opportunity to increase your products sales through motion design (which has a proven impact on brand perception. 63% of people worldwide prefer watching a short video about a product before buying it.)<br><br>I specialize in motion design and I'd love to create a high-converting video for Audrey & Bear.<br><br>Here's my <a href=""https://drive.google.com/drive/folders/1QL-_djO9K9sW-ETXCa_t53SuwNP0bOzl?usp=sharing"">portfolio</a><br><br>If you're interested, I'd be happy to discuss the details. I would greatly appreciate any feedback! Have a wonderful day.<br><br>Best regards,<br>Ethan"
"hello@miniandmeep.com","mini + meep","quick idea for mini + meep","Hello! I came across mini + meep and your organic baby & toddler clothing really caught my attention.<br><br>My name is Ethan and I'm writing to you with a collaboration proposal.<br><br>I noticed a huge opportunity to increase your products sales through motion design (which has a proven impact on brand perception. 63% of people worldwide prefer watching a short video about a product before buying it.)<br><br>I specialize in motion design and I'd love to create a high-converting video for mini + meep.<br><br>Here's my <a href=""https://drive.google.com/drive/folders/1QL-_djO9K9sW-ETXCa_t53SuwNP0bOzl?usp=sharing"">portfolio</a><br><br>If you're interested, I'd be happy to discuss the details. I would greatly appreciate any feedback! Have a wonderful day.<br><br>Best regards,<br>Ethan"
"Support@davinandadley.com","Davin & Adley","quick idea for Davin & Adley","Hello! I came across Davin & Adley and your nursing & pumping bras really caught my attention.<br><br>My name is Ethan and I'm writing to you with a collaboration proposal.<br><br>I noticed a huge opportunity to increase your products sales through motion design (which has a proven impact on brand perception. 63% of people worldwide prefer watching a short video about a product before buying it.)<br><br>I specialize in motion design and I'd love to create a high-converting video for Davin & Adley.<br><br>Here's my <a href=""https://drive.google.com/drive/folders/1QL-_djO9K9sW-ETXCa_t53SuwNP0bOzl?usp=sharing"">portfolio</a><br><br>If you're interested, I'd be happy to discuss the details. I would greatly appreciate any feedback! Have a wonderful day.<br><br>Best regards,<br>Ethan"
"info@happybabycarriers.com","Happy Baby Carriers","quick idea for Happy Baby Carriers","Hello! I came across Happy Baby Carriers and your baby carriers really caught my attention.<br><br>My name is Ethan and I'm writing to you with a collaboration proposal.<br><br>I noticed a huge opportunity to increase your products sales through motion design (which has a proven impact on brand perception. 63% of people worldwide prefer watching a short video about a product before buying it.)<br><br>I specialize in motion design and I'd love to create a high-converting video for Happy Baby Carriers.<br><br>Here's my <a href=""https://drive.google.com/drive/folders/1QL-_djO9K9sW-ETXCa_t53SuwNP0bOzl?usp=sharing"">portfolio</a><br><br>If you're interested, I'd be happy to discuss the details. I would greatly appreciate any feedback! Have a wonderful day.<br><br>Best regards,<br>Ethan"
"support@dannicowoodworks.com","Dannico Woodworks","quick idea for Dannico Woodworks","Hello! I came across Dannico Woodworks and your kids furniture really caught my attention.<br><br>My name is Ethan and I'm writing to you with a collaboration proposal.<br><br>I noticed a huge opportunity to increase your products sales through motion design (which has a proven impact on brand perception. 63% of people worldwide prefer watching a short video about a product before buying it.)<br><br>I specialize in motion design and I'd love to create a high-converting video for Dannico Woodworks.<br><br>Here's my <a href=""https://drive.google.com/drive/folders/1QL-_djO9K9sW-ETXCa_t53SuwNP0bOzl?usp=sharing"">portfolio</a><br><br>If you're interested, I'd be happy to discuss the details. I would greatly appreciate any feedback! Have a wonderful day.<br><br>Best regards,<br>Ethan"
"info@moonjax.com","Moonjax","quick idea for Moonjax","Hello! I came across Moonjax and your baby teething toys really caught my attention.<br><br>My name is Ethan and I'm writing to you with a collaboration proposal.<br><br>I noticed a huge opportunity to increase your products sales through motion design (which has a proven impact on brand perception. 63% of people worldwide prefer watching a short video about a product before buying it.)<br><br>I specialize in motion design and I'd love to create a high-converting video for Moonjax.<br><br>Here's my <a href=""https://drive.google.com/drive/folders/1QL-_djO9K9sW-ETXCa_t53SuwNP0bOzl?usp=sharing"">portfolio</a><br><br>If you're interested, I'd be happy to discuss the details. I would greatly appreciate any feedback! Have a wonderful day.<br><br>Best regards,<br>Ethan"
"hello@littleteether.com","Little Teether","quick idea for Little Teether","Hello! I came across Little Teether and your baby teething toys/jewelry really caught my attention.<br><br>My name is Ethan and I'm writing to you with a collaboration proposal.<br><br>I noticed a huge opportunity to increase your products sales through motion design (which has a proven impact on brand perception. 63% of people worldwide prefer watching a short video about a product before buying it.)<br><br>I specialize in motion design and I'd love to create a high-converting video for Little Teether.<br><br>Here's my <a href=""https://drive.google.com/drive/folders/1QL-_djO9K9sW-ETXCa_t53SuwNP0bOzl?usp=sharing"">portfolio</a><br><br>If you're interested, I'd be happy to discuss the details. I would greatly appreciate any feedback! Have a wonderful day.<br><br>Best regards,<br>Ethan"
"info@wonderfullymadebabymobiles.com","Wonderfully Made Baby Mobiles","quick idea for Wonderfully Made Baby Mobiles","Hello! I came across Wonderfully Made Baby Mobiles and your nursery decor really caught my attention.<br><br>My name is Ethan and I'm writing to you with a collaboration proposal.<br><br>I noticed a huge opportunity to increase your products sales through motion design (which has a proven impact on brand perception. 63% of people worldwide prefer watching a short video about a product before buying it.)<br><br>I specialize in motion design and I'd love to create a high-converting video for Wonderfully Made Baby Mobiles.<br><br>Here's my <a href=""https://drive.google.com/drive/folders/1QL-_djO9K9sW-ETXCa_t53SuwNP0bOzl?usp=sharing"">portfolio</a><br><br>If you're interested, I'd be happy to discuss the details. I would greatly appreciate any feedback! Have a wonderful day.<br><br>Best regards,<br>Ethan"
"Hello@back40life.com","Back40Life","quick idea for Back40Life","Hello! I came across Back40Life and your nursery decor really caught my attention.<br><br>My name is Ethan and I'm writing to you with a collaboration proposal.<br><br>I noticed a huge opportunity to increase your products sales through motion design (which has a proven impact on brand perception. 63% of people worldwide prefer watching a short video about a product before buying it.)<br><br>I specialize in motion design and I'd love to create a high-converting video for Back40Life.<br><br>Here's my <a href=""https://drive.google.com/drive/folders/1QL-_djO9K9sW-ETXCa_t53SuwNP0bOzl?usp=sharing"">portfolio</a><br><br>If you're interested, I'd be happy to discuss the details. I would greatly appreciate any feedback! Have a wonderful day.<br><br>Best regards,<br>Ethan"
"nasaa.hellobirdiebirdie@gmail.com","Hello Birdie Birdie","quick idea for Hello Birdie Birdie","Hello! I came across Hello Birdie Birdie and your nursery decor really caught my attention.<br><br>My name is Ethan and I'm writing to you with a collaboration proposal.<br><br>I noticed a huge opportunity to increase your products sales through motion design (which has a proven impact on brand perception. 63% of people worldwide prefer watching a short video about a product before buying it.)<br><br>I specialize in motion design and I'd love to create a high-converting video for Hello Birdie Birdie.<br><br>Here's my <a href=""https://drive.google.com/drive/folders/1QL-_djO9K9sW-ETXCa_t53SuwNP0bOzl?usp=sharing"">portfolio</a><br><br>If you're interested, I'd be happy to discuss the details. I would greatly appreciate any feedback! Have a wonderful day.<br><br>Best regards,<br>Ethan"
"support@hexcal.com","Hexcal","quick idea for Hexcal","Hello! I came across Hexcal and your desk/home-office charging stations & tech organization really caught my attention.<br><br>My name is Ethan and I'm writing to you with a collaboration proposal.<br><br>I noticed a huge opportunity to increase your products sales through motion design (which has a proven impact on brand perception. 63% of people worldwide prefer watching a short video about a product before buying it.)<br><br>I specialize in motion design and I'd love to create a high-converting video for Hexcal.<br><br>Here's my <a href=""https://drive.google.com/drive/folders/1QL-_djO9K9sW-ETXCa_t53SuwNP0bOzl?usp=sharing"">portfolio</a><br><br>If you're interested, I'd be happy to discuss the details. I would greatly appreciate any feedback! Have a wonderful day.<br><br>Best regards,<br>Ethan"
"hello@shopcaselix.com","Caselix","quick idea for Caselix","Hello! I came across Caselix and your airpods cases / phone accessories really caught my attention.<br><br>My name is Ethan and I'm writing to you with a collaboration proposal.<br><br>I noticed a huge opportunity to increase your products sales through motion design (which has a proven impact on brand perception. 63% of people worldwide prefer watching a short video about a product before buying it.)<br><br>I specialize in motion design and I'd love to create a high-converting video for Caselix.<br><br>Here's my <a href=""https://drive.google.com/drive/folders/1QL-_djO9K9sW-ETXCa_t53SuwNP0bOzl?usp=sharing"">portfolio</a><br><br>If you're interested, I'd be happy to discuss the details. I would greatly appreciate any feedback! Have a wonderful day.<br><br>Best regards,<br>Ethan"
"help@lovehandle.com","LoveHandle","quick idea for LoveHandle","Hello! I came across LoveHandle and your phone grips & magsafe accessories really caught my attention.<br><br>My name is Ethan and I'm writing to you with a collaboration proposal.<br><br>I noticed a huge opportunity to increase your products sales through motion design (which has a proven impact on brand perception. 63% of people worldwide prefer watching a short video about a product before buying it.)<br><br>I specialize in motion design and I'd love to create a high-converting video for LoveHandle.<br><br>Here's my <a href=""https://drive.google.com/drive/folders/1QL-_djO9K9sW-ETXCa_t53SuwNP0bOzl?usp=sharing"">portfolio</a><br><br>If you're interested, I'd be happy to discuss the details. I would greatly appreciate any feedback! Have a wonderful day.<br><br>Best regards,<br>Ethan"
"sales@therooststand.com","Roost","quick idea for Roost","Hello! I came across Roost and your laptop stands really caught my attention.<br><br>My name is Ethan and I'm writing to you with a collaboration proposal.<br><br>I noticed a huge opportunity to increase your products sales through motion design (which has a proven impact on brand perception. 63% of people worldwide prefer watching a short video about a product before buying it.)<br><br>I specialize in motion design and I'd love to create a high-converting video for Roost.<br><br>Here's my <a href=""https://drive.google.com/drive/folders/1QL-_djO9K9sW-ETXCa_t53SuwNP0bOzl?usp=sharing"">portfolio</a><br><br>If you're interested, I'd be happy to discuss the details. I would greatly appreciate any feedback! Have a wonderful day.<br><br>Best regards,<br>Ethan"
"hello@velvetcaviar.com","Velvet Caviar","quick idea for Velvet Caviar","Hello! I came across Velvet Caviar and your magsafe accessories & phone cases really caught my attention.<br><br>My name is Ethan and I'm writing to you with a collaboration proposal.<br><br>I noticed a huge opportunity to increase your products sales through motion design (which has a proven impact on brand perception. 63% of people worldwide prefer watching a short video about a product before buying it.)<br><br>I specialize in motion design and I'd love to create a high-converting video for Velvet Caviar.<br><br>Here's my <a href=""https://drive.google.com/drive/folders/1QL-_djO9K9sW-ETXCa_t53SuwNP0bOzl?usp=sharing"">portfolio</a><br><br>If you're interested, I'd be happy to discuss the details. I would greatly appreciate any feedback! Have a wonderful day.<br><br>Best regards,<br>Ethan"
"support@smartish.com","Smartish","quick idea for Smartish","Hello! I came across Smartish and your phone cases, magsafe wallets & charging accessories really caught my attention.<br><br>My name is Ethan and I'm writing to you with a collaboration proposal.<br><br>I noticed a huge opportunity to increase your products sales through motion design (which has a proven impact on brand perception. 63% of people worldwide prefer watching a short video about a product before buying it.)<br><br>I specialize in motion design and I'd love to create a high-converting video for Smartish.<br><br>Here's my <a href=""https://drive.google.com/drive/folders/1QL-_djO9K9sW-ETXCa_t53SuwNP0bOzl?usp=sharing"">portfolio</a><br><br>If you're interested, I'd be happy to discuss the details. I would greatly appreciate any feedback! Have a wonderful day.<br><br>Best regards,<br>Ethan"
"info@magbak.com","MagBak","quick idea for MagBak","Hello! I came across MagBak and your magsafe wallets, car mounts & wireless charging accessories really caught my attention.<br><br>My name is Ethan and I'm writing to you with a collaboration proposal.<br><br>I noticed a huge opportunity to increase your products sales through motion design (which has a proven impact on brand perception. 63% of people worldwide prefer watching a short video about a product before buying it.)<br><br>I specialize in motion design and I'd love to create a high-converting video for MagBak.<br><br>Here's my <a href=""https://drive.google.com/drive/folders/1QL-_djO9K9sW-ETXCa_t53SuwNP0bOzl?usp=sharing"">portfolio</a><br><br>If you're interested, I'd be happy to discuss the details. I would greatly appreciate any feedback! Have a wonderful day.<br><br>Best regards,<br>Ethan"
"hello@studioneat.com","Studio Neat","quick idea for Studio Neat","Hello! I came across Studio Neat and your phone mounts& desk/pocket accessories really caught my attention.<br><br>My name is Ethan and I'm writing to you with a collaboration proposal.<br><br>I noticed a huge opportunity to increase your products sales through motion design (which has a proven impact on brand perception. 63% of people worldwide prefer watching a short video about a product before buying it.)<br><br>I specialize in motion design and I'd love to create a high-converting video for Studio Neat.<br><br>Here's my <a href=""https://drive.google.com/drive/folders/1QL-_djO9K9sW-ETXCa_t53SuwNP0bOzl?usp=sharing"">portfolio</a><br><br>If you're interested, I'd be happy to discuss the details. I would greatly appreciate any feedback! Have a wonderful day.<br><br>Best regards,<br>Ethan"
"support@screenskinz.co","Screen Skinz","quick idea for Screen Skinz","Hello! I came across Screen Skinz and your custom screen protectors really caught my attention.<br><br>My name is Ethan and I'm writing to you with a collaboration proposal.<br><br>I noticed a huge opportunity to increase your products sales through motion design (which has a proven impact on brand perception. 63% of people worldwide prefer watching a short video about a product before buying it.)<br><br>I specialize in motion design and I'd love to create a high-converting video for Screen Skinz.<br><br>Here's my <a href=""https://drive.google.com/drive/folders/1QL-_djO9K9sW-ETXCa_t53SuwNP0bOzl?usp=sharing"">portfolio</a><br><br>If you're interested, I'd be happy to discuss the details. I would greatly appreciate any feedback! Have a wonderful day.<br><br>Best regards,<br>Ethan"
"sales@wildflowercases.com","Wildflower Cases","quick idea for Wildflower Cases","Hello! I came across Wildflower Cases and your phone cases really caught my attention.<br><br>My name is Ethan and I'm writing to you with a collaboration proposal.<br><br>I noticed a huge opportunity to increase your products sales through motion design (which has a proven impact on brand perception. 63% of people worldwide prefer watching a short video about a product before buying it.)<br><br>I specialize in motion design and I'd love to create a high-converting video for Wildflower Cases.<br><br>Here's my <a href=""https://drive.google.com/drive/folders/1QL-_djO9K9sW-ETXCa_t53SuwNP0bOzl?usp=sharing"">portfolio</a><br><br>If you're interested, I'd be happy to discuss the details. I would greatly appreciate any feedback! Have a wonderful day.<br><br>Best regards,<br>Ethan"
"info@ohsnap.com","OhSnap","quick idea for OhSnap","Hello! I came across OhSnap and your magsafe phone grips really caught my attention.<br><br>My name is Ethan and I'm writing to you with a collaboration proposal.<br><br>I noticed a huge opportunity to increase your products sales through motion design (which has a proven impact on brand perception. 63% of people worldwide prefer watching a short video about a product before buying it.)<br><br>I specialize in motion design and I'd love to create a high-converting video for OhSnap.<br><br>Here's my <a href=""https://drive.google.com/drive/folders/1QL-_djO9K9sW-ETXCa_t53SuwNP0bOzl?usp=sharing"">portfolio</a><br><br>If you're interested, I'd be happy to discuss the details. I would greatly appreciate any feedback! Have a wonderful day.<br><br>Best regards,<br>Ethan"
"support@xenvopro.com","Xenvo","quick idea for Xenvo","Hello! I came across Xenvo and your smartphone camera lens kits really caught my attention.<br><br>My name is Ethan and I'm writing to you with a collaboration proposal.<br><br>I noticed a huge opportunity to increase your products sales through motion design (which has a proven impact on brand perception. 63% of people worldwide prefer watching a short video about a product before buying it.)<br><br>I specialize in motion design and I'd love to create a high-converting video for Xenvo.<br><br>Here's my <a href=""https://drive.google.com/drive/folders/1QL-_djO9K9sW-ETXCa_t53SuwNP0bOzl?usp=sharing"">portfolio</a><br><br>If you're interested, I'd be happy to discuss the details. I would greatly appreciate any feedback! Have a wonderful day.<br><br>Best regards,<br>Ethan"
"hello@gonimble.com","Nimble","quick idea for Nimble","Hello! I came across Nimble and your sustainable chargers & power banks really caught my attention.<br><br>My name is Ethan and I'm writing to you with a collaboration proposal.<br><br>I noticed a huge opportunity to increase your products sales through motion design (which has a proven impact on brand perception. 63% of people worldwide prefer watching a short video about a product before buying it.)<br><br>I specialize in motion design and I'd love to create a high-converting video for Nimble.<br><br>Here's my <a href=""https://drive.google.com/drive/folders/1QL-_djO9K9sW-ETXCa_t53SuwNP0bOzl?usp=sharing"">portfolio</a><br><br>If you're interested, I'd be happy to discuss the details. I would greatly appreciate any feedback! Have a wonderful day.<br><br>Best regards,<br>Ethan"
"Team@FitCord.com","FitCord","quick idea for FitCord","Hello! I came across FitCord and your resistance bands / home gym cords really caught my attention.<br><br>My name is Ethan and I'm writing to you with a collaboration proposal.<br><br>I noticed a huge opportunity to increase your products sales through motion design (which has a proven impact on brand perception. 63% of people worldwide prefer watching a short video about a product before buying it.)<br><br>I specialize in motion design and I'd love to create a high-converting video for FitCord.<br><br>Here's my <a href=""https://drive.google.com/drive/folders/1QL-_djO9K9sW-ETXCa_t53SuwNP0bOzl?usp=sharing"">portfolio</a><br><br>If you're interested, I'd be happy to discuss the details. I would greatly appreciate any feedback! Have a wonderful day.<br><br>Best regards,<br>Ethan"
"hello@usa-iron.com","USA Iron Kettlebells","quick idea for USA Iron Kettlebells","Hello! I came across USA Iron Kettlebells and your kettlebells really caught my attention.<br><br>My name is Ethan and I'm writing to you with a collaboration proposal.<br><br>I noticed a huge opportunity to increase your products sales through motion design (which has a proven impact on brand perception. 63% of people worldwide prefer watching a short video about a product before buying it.)<br><br>I specialize in motion design and I'd love to create a high-converting video for USA Iron Kettlebells.<br><br>Here's my <a href=""https://drive.google.com/drive/folders/1QL-_djO9K9sW-ETXCa_t53SuwNP0bOzl?usp=sharing"">portfolio</a><br><br>If you're interested, I'd be happy to discuss the details. I would greatly appreciate any feedback! Have a wonderful day.<br><br>Best regards,<br>Ethan"
"orders@prokettlebell.com","Pro Kettlebell","quick idea for Pro Kettlebell","Hello! I came across Pro Kettlebell and your kettlebells really caught my attention.<br><br>My name is Ethan and I'm writing to you with a collaboration proposal.<br><br>I noticed a huge opportunity to increase your products sales through motion design (which has a proven impact on brand perception. 63% of people worldwide prefer watching a short video about a product before buying it.)<br><br>I specialize in motion design and I'd love to create a high-converting video for Pro Kettlebell.<br><br>Here's my <a href=""https://drive.google.com/drive/folders/1QL-_djO9K9sW-ETXCa_t53SuwNP0bOzl?usp=sharing"">portfolio</a><br><br>If you're interested, I'd be happy to discuss the details. I would greatly appreciate any feedback! Have a wonderful day.<br><br>Best regards,<br>Ethan"
"sales@tigertailusa.com","Tiger Tail USA","quick idea for Tiger Tail USA","Hello! I came across Tiger Tail USA and your muscle recovery tools really caught my attention.<br><br>My name is Ethan and I'm writing to you with a collaboration proposal.<br><br>I noticed a huge opportunity to increase your products sales through motion design (which has a proven impact on brand perception. 63% of people worldwide prefer watching a short video about a product before buying it.)<br><br>I specialize in motion design and I'd love to create a high-converting video for Tiger Tail USA.<br><br>Here's my <a href=""https://drive.google.com/drive/folders/1QL-_djO9K9sW-ETXCa_t53SuwNP0bOzl?usp=sharing"">portfolio</a><br><br>If you're interested, I'd be happy to discuss the details. I would greatly appreciate any feedback! Have a wonderful day.<br><br>Best regards,<br>Ethan"
"info@rollrecovery.com","ROLL Recovery","quick idea for ROLL Recovery","Hello! I came across ROLL Recovery and your recovery tools really caught my attention.<br><br>My name is Ethan and I'm writing to you with a collaboration proposal.<br><br>I noticed a huge opportunity to increase your products sales through motion design (which has a proven impact on brand perception. 63% of people worldwide prefer watching a short video about a product before buying it.)<br><br>I specialize in motion design and I'd love to create a high-converting video for ROLL Recovery.<br><br>Here's my <a href=""https://drive.google.com/drive/folders/1QL-_djO9K9sW-ETXCa_t53SuwNP0bOzl?usp=sharing"">portfolio</a><br><br>If you're interested, I'd be happy to discuss the details. I would greatly appreciate any feedback! Have a wonderful day.<br><br>Best regards,<br>Ethan"
"bands@suziebfit.com","SuzieB Fitness","quick idea for SuzieB Fitness","Hello! I came across SuzieB Fitness and your resistance bands really caught my attention.<br><br>My name is Ethan and I'm writing to you with a collaboration proposal.<br><br>I noticed a huge opportunity to increase your products sales through motion design (which has a proven impact on brand perception. 63% of people worldwide prefer watching a short video about a product before buying it.)<br><br>I specialize in motion design and I'd love to create a high-converting video for SuzieB Fitness.<br><br>Here's my <a href=""https://drive.google.com/drive/folders/1QL-_djO9K9sW-ETXCa_t53SuwNP0bOzl?usp=sharing"">portfolio</a><br><br>If you're interested, I'd be happy to discuss the details. I would greatly appreciate any feedback! Have a wonderful day.<br><br>Best regards,<br>Ethan"
"info@epitomiefitness.com","Epitomie Fitness","quick idea for Epitomie Fitness","Hello! I came across Epitomie Fitness and your gliding discs / sliders, jump ropes really caught my attention.<br><br>My name is Ethan and I'm writing to you with a collaboration proposal.<br><br>I noticed a huge opportunity to increase your products sales through motion design (which has a proven impact on brand perception. 63% of people worldwide prefer watching a short video about a product before buying it.)<br><br>I specialize in motion design and I'd love to create a high-converting video for Epitomie Fitness.<br><br>Here's my <a href=""https://drive.google.com/drive/folders/1QL-_djO9K9sW-ETXCa_t53SuwNP0bOzl?usp=sharing"">portfolio</a><br><br>If you're interested, I'd be happy to discuss the details. I would greatly appreciate any feedback! Have a wonderful day.<br><br>Best regards,<br>Ethan"
"contact@elitejumpsco.com","Elite Jumps","quick idea for Elite Jumps","Hello! I came across Elite Jumps and your jump ropes really caught my attention.<br><br>My name is Ethan and I'm writing to you with a collaboration proposal.<br><br>I noticed a huge opportunity to increase your products sales through motion design (which has a proven impact on brand perception. 63% of people worldwide prefer watching a short video about a product before buying it.)<br><br>I specialize in motion design and I'd love to create a high-converting video for Elite Jumps.<br><br>Here's my <a href=""https://drive.google.com/drive/folders/1QL-_djO9K9sW-ETXCa_t53SuwNP0bOzl?usp=sharing"">portfolio</a><br><br>If you're interested, I'd be happy to discuss the details. I would greatly appreciate any feedback! Have a wonderful day.<br><br>Best regards,<br>Ethan"
"hello@torqropes.com","TORQ Ropes","quick idea for TORQ Ropes","Hello! I came across TORQ Ropes and your jump ropes really caught my attention.<br><br>My name is Ethan and I'm writing to you with a collaboration proposal.<br><br>I noticed a huge opportunity to increase your products sales through motion design (which has a proven impact on brand perception. 63% of people worldwide prefer watching a short video about a product before buying it.)<br><br>I specialize in motion design and I'd love to create a high-converting video for TORQ Ropes.<br><br>Here's my <a href=""https://drive.google.com/drive/folders/1QL-_djO9K9sW-ETXCa_t53SuwNP0bOzl?usp=sharing"">portfolio</a><br><br>If you're interested, I'd be happy to discuss the details. I would greatly appreciate any feedback! Have a wonderful day.<br><br>Best regards,<br>Ethan"
"support@rubberbanditz.com","Rubberbanditz","quick idea for Rubberbanditz","Hello! I came across Rubberbanditz and your resistance bands, door pull-up bar really caught my attention.<br><br>My name is Ethan and I'm writing to you with a collaboration proposal.<br><br>I noticed a huge opportunity to increase your products sales through motion design (which has a proven impact on brand perception. 63% of people worldwide prefer watching a short video about a product before buying it.)<br><br>I specialize in motion design and I'd love to create a high-converting video for Rubberbanditz.<br><br>Here's my <a href=""https://drive.google.com/drive/folders/1QL-_djO9K9sW-ETXCa_t53SuwNP0bOzl?usp=sharing"">portfolio</a><br><br>If you're interested, I'd be happy to discuss the details. I would greatly appreciate any feedback! Have a wonderful day.<br><br>Best regards,<br>Ethan"
"collab@gayoshop.com","Gayo","quick idea for Gayo","Hello! I came across Gayo and your cork yoga blocks and yoga accessories really caught my attention.<br><br>My name is Ethan and I'm writing to you with a collaboration proposal.<br><br>I noticed a huge opportunity to increase your products sales through motion design (which has a proven impact on brand perception. 63% of people worldwide prefer watching a short video about a product before buying it.)<br><br>I specialize in motion design and I'd love to create a high-converting video for Gayo.<br><br>Here's my <a href=""https://drive.google.com/drive/folders/1QL-_djO9K9sW-ETXCa_t53SuwNP0bOzl?usp=sharing"">portfolio</a><br><br>If you're interested, I'd be happy to discuss the details. I would greatly appreciate any feedback! Have a wonderful day.<br><br>Best regards,<br>Ethan"
"info@FitBarStrong.com","FitBar Strong","quick idea for FitBar Strong","Hello! I came across FitBar Strong and your pull-up bars / calisthenics equipment really caught my attention.<br><br>My name is Ethan and I'm writing to you with a collaboration proposal.<br><br>I noticed a huge opportunity to increase your products sales through motion design (which has a proven impact on brand perception. 63% of people worldwide prefer watching a short video about a product before buying it.)<br><br>I specialize in motion design and I'd love to create a high-converting video for FitBar Strong.<br><br>Here's my <a href=""https://drive.google.com/drive/folders/1QL-_djO9K9sW-ETXCa_t53SuwNP0bOzl?usp=sharing"">portfolio</a><br><br>If you're interested, I'd be happy to discuss the details. I would greatly appreciate any feedback! Have a wonderful day.<br><br>Best regards,<br>Ethan"
"info@kettlebellsusa.com","Kettlebells USA","quick idea for Kettlebells USA","Hello! I came across Kettlebells USA and your kettlebells really caught my attention.<br><br>My name is Ethan and I'm writing to you with a collaboration proposal.<br><br>I noticed a huge opportunity to increase your products sales through motion design (which has a proven impact on brand perception. 63% of people worldwide prefer watching a short video about a product before buying it.)<br><br>I specialize in motion design and I'd love to create a high-converting video for Kettlebells USA.<br><br>Here's my <a href=""https://drive.google.com/drive/folders/1QL-_djO9K9sW-ETXCa_t53SuwNP0bOzl?usp=sharing"">portfolio</a><br><br>If you're interested, I'd be happy to discuss the details. I would greatly appreciate any feedback! Have a wonderful day.<br><br>Best regards,<br>Ethan"
"info@purenuffstuff.co.uk","Pure Nuff Stuff","quick idea for Pure Nuff Stuff","Hello! I came across Pure Nuff Stuff and your natural skincare / bamboo toothbrushes really caught my attention.<br><br>My name is Ethan and I'm writing to you with a collaboration proposal.<br><br>I noticed a huge opportunity to increase your products sales through motion design (which has a proven impact on brand perception. 63% of people worldwide prefer watching a short video about a product before buying it.)<br><br>I specialize in motion design and I'd love to create a high-converting video for Pure Nuff Stuff.<br><br>Here's my <a href=""https://drive.google.com/drive/folders/1QL-_djO9K9sW-ETXCa_t53SuwNP0bOzl?usp=sharing"">portfolio</a><br><br>If you're interested, I'd be happy to discuss the details. I would greatly appreciate any feedback! Have a wonderful day.<br><br>Best regards,<br>Ethan"
"info@regn.co.uk","Re:gn (REGN)","quick idea for Re:gn (REGN)","Hello! I came across Re:gn (REGN) and your reusable/plastic-free everyday essentials really caught my attention.<br><br>My name is Ethan and I'm writing to you with a collaboration proposal.<br><br>I noticed a huge opportunity to increase your products sales through motion design (which has a proven impact on brand perception. 63% of people worldwide prefer watching a short video about a product before buying it.)<br><br>I specialize in motion design and I'd love to create a high-converting video for Re:gn (REGN).<br><br>Here's my <a href=""https://drive.google.com/drive/folders/1QL-_djO9K9sW-ETXCa_t53SuwNP0bOzl?usp=sharing"">portfolio</a><br><br>If you're interested, I'd be happy to discuss the details. I would greatly appreciate any feedback! Have a wonderful day.<br><br>Best regards,<br>Ethan"
"support@kinkind.co.uk","KinKind","quick idea for KinKind","Hello! I came across KinKind and your plastic-free shampoo & conditioner bars really caught my attention.<br><br>My name is Ethan and I'm writing to you with a collaboration proposal.<br><br>I noticed a huge opportunity to increase your products sales through motion design (which has a proven impact on brand perception. 63% of people worldwide prefer watching a short video about a product before buying it.)<br><br>I specialize in motion design and I'd love to create a high-converting video for KinKind.<br><br>Here's my <a href=""https://drive.google.com/drive/folders/1QL-_djO9K9sW-ETXCa_t53SuwNP0bOzl?usp=sharing"">portfolio</a><br><br>If you're interested, I'd be happy to discuss the details. I would greatly appreciate any feedback! Have a wonderful day.<br><br>Best regards,<br>Ethan"
"jayne@hairyjaynehandmade.co.uk","Hairy Jayne","quick idea for Hairy Jayne","Hello! I came across Hairy Jayne and your handmade zero-waste hair & body care bars really caught my attention.<br><br>My name is Ethan and I'm writing to you with a collaboration proposal.<br><br>I noticed a huge opportunity to increase your products sales through motion design (which has a proven impact on brand perception. 63% of people worldwide prefer watching a short video about a product before buying it.)<br><br>I specialize in motion design and I'd love to create a high-converting video for Hairy Jayne.<br><br>Here's my <a href=""https://drive.google.com/drive/folders/1QL-_djO9K9sW-ETXCa_t53SuwNP0bOzl?usp=sharing"">portfolio</a><br><br>If you're interested, I'd be happy to discuss the details. I would greatly appreciate any feedback! Have a wonderful day.<br><br>Best regards,<br>Ethan"
"info@thesolidbarcompany.com","The Solid Bar Company","quick idea for The Solid Bar Company","Hello! I came across The Solid Bar Company and your solid shampoo/soap bars, plastic-free personal care really caught my attention.<br><br>My name is Ethan and I'm writing to you with a collaboration proposal.<br><br>I noticed a huge opportunity to increase your products sales through motion design (which has a proven impact on brand perception. 63% of people worldwide prefer watching a short video about a product before buying it.)<br><br>I specialize in motion design and I'd love to create a high-converting video for The Solid Bar Company.<br><br>Here's my <a href=""https://drive.google.com/drive/folders/1QL-_djO9K9sW-ETXCa_t53SuwNP0bOzl?usp=sharing"">portfolio</a><br><br>If you're interested, I'd be happy to discuss the details. I would greatly appreciate any feedback! Have a wonderful day.<br><br>Best regards,<br>Ethan"
"julie@wild-sage.co.uk","Wild Sage + Co","quick idea for Wild Sage + Co","Hello! I came across Wild Sage + Co and your natural soaps, shampoo bars & skincare really caught my attention.<br><br>My name is Ethan and I'm writing to you with a collaboration proposal.<br><br>I noticed a huge opportunity to increase your products sales through motion design (which has a proven impact on brand perception. 63% of people worldwide prefer watching a short video about a product before buying it.)<br><br>I specialize in motion design and I'd love to create a high-converting video for Wild Sage + Co.<br><br>Here's my <a href=""https://drive.google.com/drive/folders/1QL-_djO9K9sW-ETXCa_t53SuwNP0bOzl?usp=sharing"">portfolio</a><br><br>If you're interested, I'd be happy to discuss the details. I would greatly appreciate any feedback! Have a wonderful day.<br><br>Best regards,<br>Ethan"
"info@friendlysoap.co.uk","Friendly Soap","quick idea for Friendly Soap","Hello! I came across Friendly Soap and your handmade vegan soap & shampoo bars really caught my attention.<br><br>My name is Ethan and I'm writing to you with a collaboration proposal.<br><br>I noticed a huge opportunity to increase your products sales through motion design (which has a proven impact on brand perception. 63% of people worldwide prefer watching a short video about a product before buying it.)<br><br>I specialize in motion design and I'd love to create a high-converting video for Friendly Soap.<br><br>Here's my <a href=""https://drive.google.com/drive/folders/1QL-_djO9K9sW-ETXCa_t53SuwNP0bOzl?usp=sharing"">portfolio</a><br><br>If you're interested, I'd be happy to discuss the details. I would greatly appreciate any feedback! Have a wonderful day.<br><br>Best regards,<br>Ethan"
"anni@funkysoapshop.co.uk","Funky Soap","quick idea for Funky Soap","Hello! I came across Funky Soap and your plastic-free soap & haircare bars really caught my attention.<br><br>My name is Ethan and I'm writing to you with a collaboration proposal.<br><br>I noticed a huge opportunity to increase your products sales through motion design (which has a proven impact on brand perception. 63% of people worldwide prefer watching a short video about a product before buying it.)<br><br>I specialize in motion design and I'd love to create a high-converting video for Funky Soap.<br><br>Here's my <a href=""https://drive.google.com/drive/folders/1QL-_djO9K9sW-ETXCa_t53SuwNP0bOzl?usp=sharing"">portfolio</a><br><br>If you're interested, I'd be happy to discuss the details. I would greatly appreciate any feedback! Have a wonderful day.<br><br>Best regards,<br>Ethan"
"hello@kind2.me","KIND2","quick idea for KIND2","Hello! I came across KIND2 and your solid shampoo & conditioner bars really caught my attention.<br><br>My name is Ethan and I'm writing to you with a collaboration proposal.<br><br>I noticed a huge opportunity to increase your products sales through motion design (which has a proven impact on brand perception. 63% of people worldwide prefer watching a short video about a product before buying it.)<br><br>I specialize in motion design and I'd love to create a high-converting video for KIND2.<br><br>Here's my <a href=""https://drive.google.com/drive/folders/1QL-_djO9K9sW-ETXCa_t53SuwNP0bOzl?usp=sharing"">portfolio</a><br><br>If you're interested, I'd be happy to discuss the details. I would greatly appreciate any feedback! Have a wonderful day.<br><br>Best regards,<br>Ethan"
"bryden@queenbeewraps.co.uk","Queen Bee Wraps","quick idea for Queen Bee Wraps","Hello! I came across Queen Bee Wraps and your reusable beeswax food wraps really caught my attention.<br><br>My name is Ethan and I'm writing to you with a collaboration proposal.<br><br>I noticed a huge opportunity to increase your products sales through motion design (which has a proven impact on brand perception. 63% of people worldwide prefer watching a short video about a product before buying it.)<br><br>I specialize in motion design and I'd love to create a high-converting video for Queen Bee Wraps.<br><br>Here's my <a href=""https://drive.google.com/drive/folders/1QL-_djO9K9sW-ETXCa_t53SuwNP0bOzl?usp=sharing"">portfolio</a><br><br>If you're interested, I'd be happy to discuss the details. I would greatly appreciate any feedback! Have a wonderful day.<br><br>Best regards,<br>Ethan"
"customercare@jungleculture.eco","Jungle Culture","quick idea for Jungle Culture","Hello! I came across Jungle Culture and your plastic-free household & bathroom essentials really caught my attention.<br><br>My name is Ethan and I'm writing to you with a collaboration proposal.<br><br>I noticed a huge opportunity to increase your products sales through motion design (which has a proven impact on brand perception. 63% of people worldwide prefer watching a short video about a product before buying it.)<br><br>I specialize in motion design and I'd love to create a high-converting video for Jungle Culture.<br><br>Here's my <a href=""https://drive.google.com/drive/folders/1QL-_djO9K9sW-ETXCa_t53SuwNP0bOzl?usp=sharing"">portfolio</a><br><br>If you're interested, I'd be happy to discuss the details. I would greatly appreciate any feedback! Have a wonderful day.<br><br>Best regards,<br>Ethan"
"hello@friendlyturtle.com","The Friendly Turtle","quick idea for The Friendly Turtle","Hello! I came across The Friendly Turtle and your zero-waste household & bathroom essentials really caught my attention.<br><br>My name is Ethan and I'm writing to you with a collaboration proposal.<br><br>I noticed a huge opportunity to increase your products sales through motion design (which has a proven impact on brand perception. 63% of people worldwide prefer watching a short video about a product before buying it.)<br><br>I specialize in motion design and I'd love to create a high-converting video for The Friendly Turtle.<br><br>Here's my <a href=""https://drive.google.com/drive/folders/1QL-_djO9K9sW-ETXCa_t53SuwNP0bOzl?usp=sharing"">portfolio</a><br><br>If you're interested, I'd be happy to discuss the details. I would greatly appreciate any feedback! Have a wonderful day.<br><br>Best regards,<br>Ethan"
"support@georganics.com","Georganics","quick idea for Georganics","Hello! I came across Georganics and your plastic-free natural oral care really caught my attention.<br><br>My name is Ethan and I'm writing to you with a collaboration proposal.<br><br>I noticed a huge opportunity to increase your products sales through motion design (which has a proven impact on brand perception. 63% of people worldwide prefer watching a short video about a product before buying it.)<br><br>I specialize in motion design and I'd love to create a high-converting video for Georganics.<br><br>Here's my <a href=""https://drive.google.com/drive/folders/1QL-_djO9K9sW-ETXCa_t53SuwNP0bOzl?usp=sharing"">portfolio</a><br><br>If you're interested, I'd be happy to discuss the details. I would greatly appreciate any feedback! Have a wonderful day.<br><br>Best regards,<br>Ethan"
"info@houseplantshop.com","House Plant Shop","quick idea for House Plant Shop","Hello! I came across House Plant Shop and your indoor houseplants online shop really caught my attention.<br><br>My name is Ethan and I'm writing to you with a collaboration proposal.<br><br>I noticed a huge opportunity to increase your products sales through motion design (which has a proven impact on brand perception. 63% of people worldwide prefer watching a short video about a product before buying it.)<br><br>I specialize in motion design and I'd love to create a high-converting video for House Plant Shop.<br><br>Here's my <a href=""https://drive.google.com/drive/folders/1QL-_djO9K9sW-ETXCa_t53SuwNP0bOzl?usp=sharing"">portfolio</a><br><br>If you're interested, I'd be happy to discuss the details. I would greatly appreciate any feedback! Have a wonderful day.<br><br>Best regards,<br>Ethan"
"cs@anniesheirloomseeds.com","Annie's Heirloom Seeds","quick idea for Annie's Heirloom Seeds","Hello! I came across Annie's Heirloom Seeds and your heirloom, organic & non-gmo vegetable seeds really caught my attention.<br><br>My name is Ethan and I'm writing to you with a collaboration proposal.<br><br>I noticed a huge opportunity to increase your products sales through motion design (which has a proven impact on brand perception. 63% of people worldwide prefer watching a short video about a product before buying it.)<br><br>I specialize in motion design and I'd love to create a high-converting video for Annie's Heirloom Seeds.<br><br>Here's my <a href=""https://drive.google.com/drive/folders/1QL-_djO9K9sW-ETXCa_t53SuwNP0bOzl?usp=sharing"">portfolio</a><br><br>If you're interested, I'd be happy to discuss the details. I would greatly appreciate any feedback! Have a wonderful day.<br><br>Best regards,<br>Ethan"
"info@francanyc.com","Franca NYC","quick idea for Franca NYC","Hello! I came across Franca NYC and your handmade ceramic plant pots/planters really caught my attention.<br><br>My name is Ethan and I'm writing to you with a collaboration proposal.<br><br>I noticed a huge opportunity to increase your products sales through motion design (which has a proven impact on brand perception. 63% of people worldwide prefer watching a short video about a product before buying it.)<br><br>I specialize in motion design and I'd love to create a high-converting video for Franca NYC.<br><br>Here's my <a href=""https://drive.google.com/drive/folders/1QL-_djO9K9sW-ETXCa_t53SuwNP0bOzl?usp=sharing"">portfolio</a><br><br>If you're interested, I'd be happy to discuss the details. I would greatly appreciate any feedback! Have a wonderful day.<br><br>Best regards,<br>Ethan"
"info@pottedstore.com","Potted","quick idea for Potted","Hello! I came across Potted and your designer/handmade garden planters & décor really caught my attention.<br><br>My name is Ethan and I'm writing to you with a collaboration proposal.<br><br>I noticed a huge opportunity to increase your products sales through motion design (which has a proven impact on brand perception. 63% of people worldwide prefer watching a short video about a product before buying it.)<br><br>I specialize in motion design and I'd love to create a high-converting video for Potted.<br><br>Here's my <a href=""https://drive.google.com/drive/folders/1QL-_djO9K9sW-ETXCa_t53SuwNP0bOzl?usp=sharing"">portfolio</a><br><br>If you're interested, I'd be happy to discuss the details. I would greatly appreciate any feedback! Have a wonderful day.<br><br>Best regards,<br>Ethan"
"support@happyhouseplants.co.uk","Happy Houseplants","quick idea for Happy Houseplants","Hello! I came across Happy Houseplants and your houseplant delivery really caught my attention.<br><br>My name is Ethan and I'm writing to you with a collaboration proposal.<br><br>I noticed a huge opportunity to increase your products sales through motion design (which has a proven impact on brand perception. 63% of people worldwide prefer watching a short video about a product before buying it.)<br><br>I specialize in motion design and I'd love to create a high-converting video for Happy Houseplants.<br><br>Here's my <a href=""https://drive.google.com/drive/folders/1QL-_djO9K9sW-ETXCa_t53SuwNP0bOzl?usp=sharing"">portfolio</a><br><br>If you're interested, I'd be happy to discuss the details. I would greatly appreciate any feedback! Have a wonderful day.<br><br>Best regards,<br>Ethan"
"hello@pileaplantshop.com","Pilea Plant Shop","quick idea for Pilea Plant Shop","Hello! I came across Pilea Plant Shop and your houseplants, pots & accessories really caught my attention.<br><br>My name is Ethan and I'm writing to you with a collaboration proposal.<br><br>I noticed a huge opportunity to increase your products sales through motion design (which has a proven impact on brand perception. 63% of people worldwide prefer watching a short video about a product before buying it.)<br><br>I specialize in motion design and I'd love to create a high-converting video for Pilea Plant Shop.<br><br>Here's my <a href=""https://drive.google.com/drive/folders/1QL-_djO9K9sW-ETXCa_t53SuwNP0bOzl?usp=sharing"">portfolio</a><br><br>If you're interested, I'd be happy to discuss the details. I would greatly appreciate any feedback! Have a wonderful day.<br><br>Best regards,<br>Ethan"
"hello@hutchhouseplants.co.uk","Hutch Houseplants","quick idea for Hutch Houseplants","Hello! I came across Hutch Houseplants and your rare/exotic houseplants & accessories really caught my attention.<br><br>My name is Ethan and I'm writing to you with a collaboration proposal.<br><br>I noticed a huge opportunity to increase your products sales through motion design (which has a proven impact on brand perception. 63% of people worldwide prefer watching a short video about a product before buying it.)<br><br>I specialize in motion design and I'd love to create a high-converting video for Hutch Houseplants.<br><br>Here's my <a href=""https://drive.google.com/drive/folders/1QL-_djO9K9sW-ETXCa_t53SuwNP0bOzl?usp=sharing"">portfolio</a><br><br>If you're interested, I'd be happy to discuss the details. I would greatly appreciate any feedback! Have a wonderful day.<br><br>Best regards,<br>Ethan"
"info@vitalseeds.co.uk","Vital Seeds","quick idea for Vital Seeds","Hello! I came across Vital Seeds and your organic vegetable/herb/flower seeds really caught my attention.<br><br>My name is Ethan and I'm writing to you with a collaboration proposal.<br><br>I noticed a huge opportunity to increase your products sales through motion design (which has a proven impact on brand perception. 63% of people worldwide prefer watching a short video about a product before buying it.)<br><br>I specialize in motion design and I'd love to create a high-converting video for Vital Seeds.<br><br>Here's my <a href=""https://drive.google.com/drive/folders/1QL-_djO9K9sW-ETXCa_t53SuwNP0bOzl?usp=sharing"">portfolio</a><br><br>If you're interested, I'd be happy to discuss the details. I would greatly appreciate any feedback! Have a wonderful day.<br><br>Best regards,<br>Ethan"
"support@sirgordonbennett.com","Sir Gordon Bennett","quick idea for Sir Gordon Bennett","Hello! I came across Sir Gordon Bennett and your british-made garden accessories & homeware really caught my attention.<br><br>My name is Ethan and I'm writing to you with a collaboration proposal.<br><br>I noticed a huge opportunity to increase your products sales through motion design (which has a proven impact on brand perception. 63% of people worldwide prefer watching a short video about a product before buying it.)<br><br>I specialize in motion design and I'd love to create a high-converting video for Sir Gordon Bennett.<br><br>Here's my <a href=""https://drive.google.com/drive/folders/1QL-_djO9K9sW-ETXCa_t53SuwNP0bOzl?usp=sharing"">portfolio</a><br><br>If you're interested, I'd be happy to discuss the details. I would greatly appreciate any feedback! Have a wonderful day.<br><br>Best regards,<br>Ethan"
"info@plantsofdistinction.co.uk","Plants of Distinction","quick idea for Plants of Distinction","Hello! I came across Plants of Distinction and your rare & heirloom flower/vegetable seeds really caught my attention.<br><br>My name is Ethan and I'm writing to you with a collaboration proposal.<br><br>I noticed a huge opportunity to increase your products sales through motion design (which has a proven impact on brand perception. 63% of people worldwide prefer watching a short video about a product before buying it.)<br><br>I specialize in motion design and I'd love to create a high-converting video for Plants of Distinction.<br><br>Here's my <a href=""https://drive.google.com/drive/folders/1QL-_djO9K9sW-ETXCa_t53SuwNP0bOzl?usp=sharing"">portfolio</a><br><br>If you're interested, I'd be happy to discuss the details. I would greatly appreciate any feedback! Have a wonderful day.<br><br>Best regards,<br>Ethan"
"admin@ajludlow.co.uk","A J Ludlow Professional Watercolour Paints","quick idea for A J Ludlow Professional Watercolour Paints","Hello! I came across A J Ludlow Professional Watercolour Paints and your professional handmade watercolour paints really caught my attention.<br><br>My name is Ethan and I'm writing to you with a collaboration proposal.<br><br>I noticed a huge opportunity to increase your products sales through motion design (which has a proven impact on brand perception. 63% of people worldwide prefer watching a short video about a product before buying it.)<br><br>I specialize in motion design and I'd love to create a high-converting video for A J Ludlow Professional Watercolour Paints.<br><br>Here's my <a href=""https://drive.google.com/drive/folders/1QL-_djO9K9sW-ETXCa_t53SuwNP0bOzl?usp=sharing"">portfolio</a><br><br>If you're interested, I'd be happy to discuss the details. I would greatly appreciate any feedback! Have a wonderful day.<br><br>Best regards,<br>Ethan"
"danielle@undertherowantrees.co.uk","Under the Rowan Trees","quick idea for Under the Rowan Trees","Hello! I came across Under the Rowan Trees and your washi tape, journaling & stationery subscription boxes really caught my attention.<br><br>My name is Ethan and I'm writing to you with a collaboration proposal.<br><br>I noticed a huge opportunity to increase your products sales through motion design (which has a proven impact on brand perception. 63% of people worldwide prefer watching a short video about a product before buying it.)<br><br>I specialize in motion design and I'd love to create a high-converting video for Under the Rowan Trees.<br><br>Here's my <a href=""https://drive.google.com/drive/folders/1QL-_djO9K9sW-ETXCa_t53SuwNP0bOzl?usp=sharing"">portfolio</a><br><br>If you're interested, I'd be happy to discuss the details. I would greatly appreciate any feedback! Have a wonderful day.<br><br>Best regards,<br>Ethan"
"info@bluebellhillcrafts.co.uk","Bluebell Hill Crafts","quick idea for Bluebell Hill Crafts","Hello! I came across Bluebell Hill Crafts and your washi tape & journaling/scrapbooking supplies really caught my attention.<br><br>My name is Ethan and I'm writing to you with a collaboration proposal.<br><br>I noticed a huge opportunity to increase your products sales through motion design (which has a proven impact on brand perception. 63% of people worldwide prefer watching a short video about a product before buying it.)<br><br>I specialize in motion design and I'd love to create a high-converting video for Bluebell Hill Crafts.<br><br>Here's my <a href=""https://drive.google.com/drive/folders/1QL-_djO9K9sW-ETXCa_t53SuwNP0bOzl?usp=sharing"">portfolio</a><br><br>If you're interested, I'd be happy to discuss the details. I would greatly appreciate any feedback! Have a wonderful day.<br><br>Best regards,<br>Ethan"
"info@theorrymill.co.uk","The Orry Mill","quick idea for The Orry Mill","Hello! I came across The Orry Mill and your natural fibre yarn, knitting & crochet supplies really caught my attention.<br><br>My name is Ethan and I'm writing to you with a collaboration proposal.<br><br>I noticed a huge opportunity to increase your products sales through motion design (which has a proven impact on brand perception. 63% of people worldwide prefer watching a short video about a product before buying it.)<br><br>I specialize in motion design and I'd love to create a high-converting video for The Orry Mill.<br><br>Here's my <a href=""https://drive.google.com/drive/folders/1QL-_djO9K9sW-ETXCa_t53SuwNP0bOzl?usp=sharing"">portfolio</a><br><br>If you're interested, I'd be happy to discuss the details. I would greatly appreciate any feedback! Have a wonderful day.<br><br>Best regards,<br>Ethan"
"hello@cosycraft.club","Cosy Craft Club","quick idea for Cosy Craft Club","Hello! I came across Cosy Craft Club and your craft kit subscription boxes really caught my attention.<br><br>My name is Ethan and I'm writing to you with a collaboration proposal.<br><br>I noticed a huge opportunity to increase your products sales through motion design (which has a proven impact on brand perception. 63% of people worldwide prefer watching a short video about a product before buying it.)<br><br>I specialize in motion design and I'd love to create a high-converting video for Cosy Craft Club.<br><br>Here's my <a href=""https://drive.google.com/drive/folders/1QL-_djO9K9sW-ETXCa_t53SuwNP0bOzl?usp=sharing"">portfolio</a><br><br>If you're interested, I'd be happy to discuss the details. I would greatly appreciate any feedback! Have a wonderful day.<br><br>Best regards,<br>Ethan"
"adam@craftboxclub.co.uk","Craft Box Club","quick idea for Craft Box Club","Hello! I came across Craft Box Club and your eco-friendly craft kit subscription really caught my attention.<br><br>My name is Ethan and I'm writing to you with a collaboration proposal.<br><br>I noticed a huge opportunity to increase your products sales through motion design (which has a proven impact on brand perception. 63% of people worldwide prefer watching a short video about a product before buying it.)<br><br>I specialize in motion design and I'd love to create a high-converting video for Craft Box Club.<br><br>Here's my <a href=""https://drive.google.com/drive/folders/1QL-_djO9K9sW-ETXCa_t53SuwNP0bOzl?usp=sharing"">portfolio</a><br><br>If you're interested, I'd be happy to discuss the details. I would greatly appreciate any feedback! Have a wonderful day.<br><br>Best regards,<br>Ethan"
"info@sewinspiringUK.co.uk","Sew Inspiring UK","quick idea for Sew Inspiring UK","Hello! I came across Sew Inspiring UK and your sewing & haberdashery supplies, modern cross stitch kits really caught my attention.<br><br>My name is Ethan and I'm writing to you with a collaboration proposal.<br><br>I noticed a huge opportunity to increase your products sales through motion design (which has a proven impact on brand perception. 63% of people worldwide prefer watching a short video about a product before buying it.)<br><br>I specialize in motion design and I'd love to create a high-converting video for Sew Inspiring UK.<br><br>Here's my <a href=""https://drive.google.com/drive/folders/1QL-_djO9K9sW-ETXCa_t53SuwNP0bOzl?usp=sharing"">portfolio</a><br><br>If you're interested, I'd be happy to discuss the details. I would greatly appreciate any feedback! Have a wonderful day.<br><br>Best regards,<br>Ethan"
"info@truesouthpuzzlecompany.com","True South Puzzle Co.","quick idea for True South Puzzle Co.","Hello! I came across True South Puzzle Co. and your jigsaw puzzles really caught my attention.<br><br>My name is Ethan and I'm writing to you with a collaboration proposal.<br><br>I noticed a huge opportunity to increase your products sales through motion design (which has a proven impact on brand perception. 63% of people worldwide prefer watching a short video about a product before buying it.)<br><br>I specialize in motion design and I'd love to create a high-converting video for True South Puzzle Co..<br><br>Here's my <a href=""https://drive.google.com/drive/folders/1QL-_djO9K9sW-ETXCa_t53SuwNP0bOzl?usp=sharing"">portfolio</a><br><br>If you're interested, I'd be happy to discuss the details. I would greatly appreciate any feedback! Have a wonderful day.<br><br>Best regards,<br>Ethan"
"support@apostrophepuzzles.com","Apostrophe Puzzles","quick idea for Apostrophe Puzzles","Hello! I came across Apostrophe Puzzles and your jigsaw puzzles featuring contemporary artists of color really caught my attention.<br><br>My name is Ethan and I'm writing to you with a collaboration proposal.<br><br>I noticed a huge opportunity to increase your products sales through motion design (which has a proven impact on brand perception. 63% of people worldwide prefer watching a short video about a product before buying it.)<br><br>I specialize in motion design and I'd love to create a high-converting video for Apostrophe Puzzles.<br><br>Here's my <a href=""https://drive.google.com/drive/folders/1QL-_djO9K9sW-ETXCa_t53SuwNP0bOzl?usp=sharing"">portfolio</a><br><br>If you're interested, I'd be happy to discuss the details. I would greatly appreciate any feedback! Have a wonderful day.<br><br>Best regards,<br>Ethan"
"help@whiled.co","Whiled","quick idea for Whiled","Hello! I came across Whiled and your artful jigsaw puzzles really caught my attention.<br><br>My name is Ethan and I'm writing to you with a collaboration proposal.<br><br>I noticed a huge opportunity to increase your products sales through motion design (which has a proven impact on brand perception. 63% of people worldwide prefer watching a short video about a product before buying it.)<br><br>I specialize in motion design and I'd love to create a high-converting video for Whiled.<br><br>Here's my <a href=""https://drive.google.com/drive/folders/1QL-_djO9K9sW-ETXCa_t53SuwNP0bOzl?usp=sharing"">portfolio</a><br><br>If you're interested, I'd be happy to discuss the details. I would greatly appreciate any feedback! Have a wonderful day.<br><br>Best regards,<br>Ethan"
"castmessage@viridiandice.com","Viridian Dice","quick idea for Viridian Dice","Hello! I came across Viridian Dice and your ttrpg / d&d dice sets and gaming accessories really caught my attention.<br><br>My name is Ethan and I'm writing to you with a collaboration proposal.<br><br>I noticed a huge opportunity to increase your products sales through motion design (which has a proven impact on brand perception. 63% of people worldwide prefer watching a short video about a product before buying it.)<br><br>I specialize in motion design and I'd love to create a high-converting video for Viridian Dice.<br><br>Here's my <a href=""https://drive.google.com/drive/folders/1QL-_djO9K9sW-ETXCa_t53SuwNP0bOzl?usp=sharing"">portfolio</a><br><br>If you're interested, I'd be happy to discuss the details. I would greatly appreciate any feedback! Have a wonderful day.<br><br>Best regards,<br>Ethan"
"Support@KrakenDice.com","Kraken Dice","quick idea for Kraken Dice","Hello! I came across Kraken Dice and your resin/metal dice sets and tabletop accessories really caught my attention.<br><br>My name is Ethan and I'm writing to you with a collaboration proposal.<br><br>I noticed a huge opportunity to increase your products sales through motion design (which has a proven impact on brand perception. 63% of people worldwide prefer watching a short video about a product before buying it.)<br><br>I specialize in motion design and I'd love to create a high-converting video for Kraken Dice.<br><br>Here's my <a href=""https://drive.google.com/drive/folders/1QL-_djO9K9sW-ETXCa_t53SuwNP0bOzl?usp=sharing"">portfolio</a><br><br>If you're interested, I'd be happy to discuss the details. I would greatly appreciate any feedback! Have a wonderful day.<br><br>Best regards,<br>Ethan"
"contact@artisandice.com","Artisan Dice","quick idea for Artisan Dice","Hello! I came across Artisan Dice and your handcrafted wooden dice really caught my attention.<br><br>My name is Ethan and I'm writing to you with a collaboration proposal.<br><br>I noticed a huge opportunity to increase your products sales through motion design (which has a proven impact on brand perception. 63% of people worldwide prefer watching a short video about a product before buying it.)<br><br>I specialize in motion design and I'd love to create a high-converting video for Artisan Dice.<br><br>Here's my <a href=""https://drive.google.com/drive/folders/1QL-_djO9K9sW-ETXCa_t53SuwNP0bOzl?usp=sharing"">portfolio</a><br><br>If you're interested, I'd be happy to discuss the details. I would greatly appreciate any feedback! Have a wonderful day.<br><br>Best regards,<br>Ethan"
"service@dieharddice.com","Die Hard Dice","quick idea for Die Hard Dice","Hello! I came across Die Hard Dice and your ttrpg dice sets and gaming accessories really caught my attention.<br><br>My name is Ethan and I'm writing to you with a collaboration proposal.<br><br>I noticed a huge opportunity to increase your products sales through motion design (which has a proven impact on brand perception. 63% of people worldwide prefer watching a short video about a product before buying it.)<br><br>I specialize in motion design and I'd love to create a high-converting video for Die Hard Dice.<br><br>Here's my <a href=""https://drive.google.com/drive/folders/1QL-_djO9K9sW-ETXCa_t53SuwNP0bOzl?usp=sharing"">portfolio</a><br><br>If you're interested, I'd be happy to discuss the details. I would greatly appreciate any feedback! Have a wonderful day.<br><br>Best regards,<br>Ethan"
"hello@pieceworkpuzzles.com","Piecework Puzzles","quick idea for Piecework Puzzles","Hello! I came across Piecework Puzzles and your jigsaw puzzles really caught my attention.<br><br>My name is Ethan and I'm writing to you with a collaboration proposal.<br><br>I noticed a huge opportunity to increase your products sales through motion design (which has a proven impact on brand perception. 63% of people worldwide prefer watching a short video about a product before buying it.)<br><br>I specialize in motion design and I'd love to create a high-converting video for Piecework Puzzles.<br><br>Here's my <a href=""https://drive.google.com/drive/folders/1QL-_djO9K9sW-ETXCa_t53SuwNP0bOzl?usp=sharing"">portfolio</a><br><br>If you're interested, I'd be happy to discuss the details. I would greatly appreciate any feedback! Have a wonderful day.<br><br>Best regards,<br>Ethan"
"contact@puzzlehuddle.com","Puzzle Huddle","quick idea for Puzzle Huddle","Hello! I came across Puzzle Huddle and your puzzles and children's products really caught my attention.<br><br>My name is Ethan and I'm writing to you with a collaboration proposal.<br><br>I noticed a huge opportunity to increase your products sales through motion design (which has a proven impact on brand perception. 63% of people worldwide prefer watching a short video about a product before buying it.)<br><br>I specialize in motion design and I'd love to create a high-converting video for Puzzle Huddle.<br><br>Here's my <a href=""https://drive.google.com/drive/folders/1QL-_djO9K9sW-ETXCa_t53SuwNP0bOzl?usp=sharing"">portfolio</a><br><br>If you're interested, I'd be happy to discuss the details. I would greatly appreciate any feedback! Have a wonderful day.<br><br>Best regards,<br>Ethan"
"hi@betterco.com","BetterCo.","quick idea for BetterCo.","Hello! I came across BetterCo. and your modern art jigsaw puzzles really caught my attention.<br><br>My name is Ethan and I'm writing to you with a collaboration proposal.<br><br>I noticed a huge opportunity to increase your products sales through motion design (which has a proven impact on brand perception. 63% of people worldwide prefer watching a short video about a product before buying it.)<br><br>I specialize in motion design and I'd love to create a high-converting video for BetterCo..<br><br>Here's my <a href=""https://drive.google.com/drive/folders/1QL-_djO9K9sW-ETXCa_t53SuwNP0bOzl?usp=sharing"">portfolio</a><br><br>If you're interested, I'd be happy to discuss the details. I would greatly appreciate any feedback! Have a wonderful day.<br><br>Best regards,<br>Ethan"
"hello@wearebrainstorm.com","Brainstorm Puzzle Co.","quick idea for Brainstorm Puzzle Co.","Hello! I came across Brainstorm Puzzle Co. and your jigsaw puzzles really caught my attention.<br><br>My name is Ethan and I'm writing to you with a collaboration proposal.<br><br>I noticed a huge opportunity to increase your products sales through motion design (which has a proven impact on brand perception. 63% of people worldwide prefer watching a short video about a product before buying it.)<br><br>I specialize in motion design and I'd love to create a high-converting video for Brainstorm Puzzle Co..<br><br>Here's my <a href=""https://drive.google.com/drive/folders/1QL-_djO9K9sW-ETXCa_t53SuwNP0bOzl?usp=sharing"">portfolio</a><br><br>If you're interested, I'd be happy to discuss the details. I would greatly appreciate any feedback! Have a wonderful day.<br><br>Best regards,<br>Ethan"
"Info@franksboots.com","Frank's Boots","quick idea for Frank's Boots","Hello! I came across Frank's Boots and your handmade leather work boots really caught my attention.<br><br>My name is Ethan and I'm writing to you with a collaboration proposal.<br><br>I noticed a huge opportunity to increase your products sales through motion design (which has a proven impact on brand perception. 63% of people worldwide prefer watching a short video about a product before buying it.)<br><br>I specialize in motion design and I'd love to create a high-converting video for Frank's Boots.<br><br>Here's my <a href=""https://drive.google.com/drive/folders/1QL-_djO9K9sW-ETXCa_t53SuwNP0bOzl?usp=sharing"">portfolio</a><br><br>If you're interested, I'd be happy to discuss the details. I would greatly appreciate any feedback! Have a wonderful day.<br><br>Best regards,<br>Ethan"
"dave@pipersandals.com","Piper Sandal Company","quick idea for Piper Sandal Company","Hello! I came across Piper Sandal Company and your handmade leather sandals really caught my attention.<br><br>My name is Ethan and I'm writing to you with a collaboration proposal.<br><br>I noticed a huge opportunity to increase your products sales through motion design (which has a proven impact on brand perception. 63% of people worldwide prefer watching a short video about a product before buying it.)<br><br>I specialize in motion design and I'd love to create a high-converting video for Piper Sandal Company.<br><br>Here's my <a href=""https://drive.google.com/drive/folders/1QL-_djO9K9sW-ETXCa_t53SuwNP0bOzl?usp=sharing"">portfolio</a><br><br>If you're interested, I'd be happy to discuss the details. I would greatly appreciate any feedback! Have a wonderful day.<br><br>Best regards,<br>Ethan"
"support@milwaukeebootcompany.com","Milwaukee Boot Company","quick idea for Milwaukee Boot Company","Hello! I came across Milwaukee Boot Company and your handmade leather work boots really caught my attention.<br><br>My name is Ethan and I'm writing to you with a collaboration proposal.<br><br>I noticed a huge opportunity to increase your products sales through motion design (which has a proven impact on brand perception. 63% of people worldwide prefer watching a short video about a product before buying it.)<br><br>I specialize in motion design and I'd love to create a high-converting video for Milwaukee Boot Company.<br><br>Here's my <a href=""https://drive.google.com/drive/folders/1QL-_djO9K9sW-ETXCa_t53SuwNP0bOzl?usp=sharing"">portfolio</a><br><br>If you're interested, I'd be happy to discuss the details. I would greatly appreciate any feedback! Have a wonderful day.<br><br>Best regards,<br>Ethan"
"office@paulbondboots.com","Paul Bond Boots","quick idea for Paul Bond Boots","Hello! I came across Paul Bond Boots and your custom handmade cowboy boots really caught my attention.<br><br>My name is Ethan and I'm writing to you with a collaboration proposal.<br><br>I noticed a huge opportunity to increase your products sales through motion design (which has a proven impact on brand perception. 63% of people worldwide prefer watching a short video about a product before buying it.)<br><br>I specialize in motion design and I'd love to create a high-converting video for Paul Bond Boots.<br><br>Here's my <a href=""https://drive.google.com/drive/folders/1QL-_djO9K9sW-ETXCa_t53SuwNP0bOzl?usp=sharing"">portfolio</a><br><br>If you're interested, I'd be happy to discuss the details. I would greatly appreciate any feedback! Have a wonderful day.<br><br>Best regards,<br>Ethan"
"montecito@shop-jamiehaller.com","Jamie Haller","quick idea for Jamie Haller","Hello! I came across Jamie Haller and your handmade leather loafers & boat shoes really caught my attention.<br><br>My name is Ethan and I'm writing to you with a collaboration proposal.<br><br>I noticed a huge opportunity to increase your products sales through motion design (which has a proven impact on brand perception. 63% of people worldwide prefer watching a short video about a product before buying it.)<br><br>I specialize in motion design and I'd love to create a high-converting video for Jamie Haller.<br><br>Here's my <a href=""https://drive.google.com/drive/folders/1QL-_djO9K9sW-ETXCa_t53SuwNP0bOzl?usp=sharing"">portfolio</a><br><br>If you're interested, I'd be happy to discuss the details. I would greatly appreciate any feedback! Have a wonderful day.<br><br>Best regards,<br>Ethan"
"orders@whitesboots.com","White's Boots","quick idea for White's Boots","Hello! I came across White's Boots and your handmade leather work boots really caught my attention.<br><br>My name is Ethan and I'm writing to you with a collaboration proposal.<br><br>I noticed a huge opportunity to increase your products sales through motion design (which has a proven impact on brand perception. 63% of people worldwide prefer watching a short video about a product before buying it.)<br><br>I specialize in motion design and I'd love to create a high-converting video for White's Boots.<br><br>Here's my <a href=""https://drive.google.com/drive/folders/1QL-_djO9K9sW-ETXCa_t53SuwNP0bOzl?usp=sharing"">portfolio</a><br><br>If you're interested, I'd be happy to discuss the details. I would greatly appreciate any feedback! Have a wonderful day.<br><br>Best regards,<br>Ethan"
"customerservice@espiritu.com","Espiritu","quick idea for Espiritu","Hello! I came across Espiritu and your handwoven huarache leather sandals really caught my attention.<br><br>My name is Ethan and I'm writing to you with a collaboration proposal.<br><br>I noticed a huge opportunity to increase your products sales through motion design (which has a proven impact on brand perception. 63% of people worldwide prefer watching a short video about a product before buying it.)<br><br>I specialize in motion design and I'd love to create a high-converting video for Espiritu.<br><br>Here's my <a href=""https://drive.google.com/drive/folders/1QL-_djO9K9sW-ETXCa_t53SuwNP0bOzl?usp=sharing"">portfolio</a><br><br>If you're interested, I'd be happy to discuss the details. I would greatly appreciate any feedback! Have a wonderful day.<br><br>Best regards,<br>Ethan"
"holla@blackstockandweber.com","Blackstock & Weber","quick idea for Blackstock & Weber","Hello! I came across Blackstock & Weber and your handcrafted leather loafers & sneakers really caught my attention.<br><br>My name is Ethan and I'm writing to you with a collaboration proposal.<br><br>I noticed a huge opportunity to increase your products sales through motion design (which has a proven impact on brand perception. 63% of people worldwide prefer watching a short video about a product before buying it.)<br><br>I specialize in motion design and I'd love to create a high-converting video for Blackstock & Weber.<br><br>Here's my <a href=""https://drive.google.com/drive/folders/1QL-_djO9K9sW-ETXCa_t53SuwNP0bOzl?usp=sharing"">portfolio</a><br><br>If you're interested, I'd be happy to discuss the details. I would greatly appreciate any feedback! Have a wonderful day.<br><br>Best regards,<br>Ethan"
"contact@trumanboot.com","Truman Boot Co.","quick idea for Truman Boot Co.","Hello! I came across Truman Boot Co. and your handmade leather work & casual boots really caught my attention.<br><br>My name is Ethan and I'm writing to you with a collaboration proposal.<br><br>I noticed a huge opportunity to increase your products sales through motion design (which has a proven impact on brand perception. 63% of people worldwide prefer watching a short video about a product before buying it.)<br><br>I specialize in motion design and I'd love to create a high-converting video for Truman Boot Co..<br><br>Here's my <a href=""https://drive.google.com/drive/folders/1QL-_djO9K9sW-ETXCa_t53SuwNP0bOzl?usp=sharing"">portfolio</a><br><br>If you're interested, I'd be happy to discuss the details. I would greatly appreciate any feedback! Have a wonderful day.<br><br>Best regards,<br>Ethan"
"info@aurorashoeco.com","Aurora Shoe Co.","quick idea for Aurora Shoe Co.","Hello! I came across Aurora Shoe Co. and your handmade minimalist leather shoes & moccasins really caught my attention.<br><br>My name is Ethan and I'm writing to you with a collaboration proposal.<br><br>I noticed a huge opportunity to increase your products sales through motion design (which has a proven impact on brand perception. 63% of people worldwide prefer watching a short video about a product before buying it.)<br><br>I specialize in motion design and I'd love to create a high-converting video for Aurora Shoe Co..<br><br>Here's my <a href=""https://drive.google.com/drive/folders/1QL-_djO9K9sW-ETXCa_t53SuwNP0bOzl?usp=sharing"">portfolio</a><br><br>If you're interested, I'd be happy to discuss the details. I would greatly appreciate any feedback! Have a wonderful day.<br><br>Best regards,<br>Ethan"
"sentinelgolfusa@gmail.com","Sentinel Golf","quick idea for Sentinel Golf","Hello! I came across Sentinel Golf and your golf apparel & outdoor gear really caught my attention.<br><br>My name is Ethan and I'm writing to you with a collaboration proposal.<br><br>I noticed a huge opportunity to increase your products sales through motion design (which has a proven impact on brand perception. 63% of people worldwide prefer watching a short video about a product before buying it.)<br><br>I specialize in motion design and I'd love to create a high-converting video for Sentinel Golf.<br><br>Here's my <a href=""https://drive.google.com/drive/folders/1QL-_djO9K9sW-ETXCa_t53SuwNP0bOzl?usp=sharing"">portfolio</a><br><br>If you're interested, I'd be happy to discuss the details. I would greatly appreciate any feedback! Have a wonderful day.<br><br>Best regards,<br>Ethan"
"help@soundergolf.com","Sounder Golf","quick idea for Sounder Golf","Hello! I came across Sounder Golf and your golf apparel & accessories really caught my attention.<br><br>My name is Ethan and I'm writing to you with a collaboration proposal.<br><br>I noticed a huge opportunity to increase your products sales through motion design (which has a proven impact on brand perception. 63% of people worldwide prefer watching a short video about a product before buying it.)<br><br>I specialize in motion design and I'd love to create a high-converting video for Sounder Golf.<br><br>Here's my <a href=""https://drive.google.com/drive/folders/1QL-_djO9K9sW-ETXCa_t53SuwNP0bOzl?usp=sharing"">portfolio</a><br><br>If you're interested, I'd be happy to discuss the details. I would greatly appreciate any feedback! Have a wonderful day.<br><br>Best regards,<br>Ethan"
"hello@macadegolf.com","Macade Golf","quick idea for Macade Golf","Hello! I came across Macade Golf and your contemporary golf apparel really caught my attention.<br><br>My name is Ethan and I'm writing to you with a collaboration proposal.<br><br>I noticed a huge opportunity to increase your products sales through motion design (which has a proven impact on brand perception. 63% of people worldwide prefer watching a short video about a product before buying it.)<br><br>I specialize in motion design and I'd love to create a high-converting video for Macade Golf.<br><br>Here's my <a href=""https://drive.google.com/drive/folders/1QL-_djO9K9sW-ETXCa_t53SuwNP0bOzl?usp=sharing"">portfolio</a><br><br>If you're interested, I'd be happy to discuss the details. I would greatly appreciate any feedback! Have a wonderful day.<br><br>Best regards,<br>Ethan"
"contact@reinlandgolfco.com","Reinland Golf Co.","quick idea for Reinland Golf Co.","Hello! I came across Reinland Golf Co. and your handmade golf headcovers & accessories really caught my attention.<br><br>My name is Ethan and I'm writing to you with a collaboration proposal.<br><br>I noticed a huge opportunity to increase your products sales through motion design (which has a proven impact on brand perception. 63% of people worldwide prefer watching a short video about a product before buying it.)<br><br>I specialize in motion design and I'd love to create a high-converting video for Reinland Golf Co..<br><br>Here's my <a href=""https://drive.google.com/drive/folders/1QL-_djO9K9sW-ETXCa_t53SuwNP0bOzl?usp=sharing"">portfolio</a><br><br>If you're interested, I'd be happy to discuss the details. I would greatly appreciate any feedback! Have a wonderful day.<br><br>Best regards,<br>Ethan"
"info@ashergolf.com","Asher Golf","quick idea for Asher Golf","Hello! I came across Asher Golf and your golf gloves & apparel really caught my attention.<br><br>My name is Ethan and I'm writing to you with a collaboration proposal.<br><br>I noticed a huge opportunity to increase your products sales through motion design (which has a proven impact on brand perception. 63% of people worldwide prefer watching a short video about a product before buying it.)<br><br>I specialize in motion design and I'd love to create a high-converting video for Asher Golf.<br><br>Here's my <a href=""https://drive.google.com/drive/folders/1QL-_djO9K9sW-ETXCa_t53SuwNP0bOzl?usp=sharing"">portfolio</a><br><br>If you're interested, I'd be happy to discuss the details. I would greatly appreciate any feedback! Have a wonderful day.<br><br>Best regards,<br>Ethan"
"caddie@northcoastgolfco.com","North Coast Golf Co.","quick idea for North Coast Golf Co.","Hello! I came across North Coast Golf Co. and your golf gloves & apparel really caught my attention.<br><br>My name is Ethan and I'm writing to you with a collaboration proposal.<br><br>I noticed a huge opportunity to increase your products sales through motion design (which has a proven impact on brand perception. 63% of people worldwide prefer watching a short video about a product before buying it.)<br><br>I specialize in motion design and I'd love to create a high-converting video for North Coast Golf Co..<br><br>Here's my <a href=""https://drive.google.com/drive/folders/1QL-_djO9K9sW-ETXCa_t53SuwNP0bOzl?usp=sharing"">portfolio</a><br><br>If you're interested, I'd be happy to discuss the details. I would greatly appreciate any feedback! Have a wonderful day.<br><br>Best regards,<br>Ethan"
"team@tremontsportingco.com","Tremont Sporting Co.","quick idea for Tremont Sporting Co.","Hello! I came across Tremont Sporting Co. and your leather golf headcovers & accessories really caught my attention.<br><br>My name is Ethan and I'm writing to you with a collaboration proposal.<br><br>I noticed a huge opportunity to increase your products sales through motion design (which has a proven impact on brand perception. 63% of people worldwide prefer watching a short video about a product before buying it.)<br><br>I specialize in motion design and I'd love to create a high-converting video for Tremont Sporting Co..<br><br>Here's my <a href=""https://drive.google.com/drive/folders/1QL-_djO9K9sW-ETXCa_t53SuwNP0bOzl?usp=sharing"">portfolio</a><br><br>If you're interested, I'd be happy to discuss the details. I would greatly appreciate any feedback! Have a wonderful day.<br><br>Best regards,<br>Ethan"
"help@studentsgolf.com","Students Golf","quick idea for Students Golf","Hello! I came across Students Golf and your golf apparel with graphic/story-driven collections really caught my attention.<br><br>My name is Ethan and I'm writing to you with a collaboration proposal.<br><br>I noticed a huge opportunity to increase your products sales through motion design (which has a proven impact on brand perception. 63% of people worldwide prefer watching a short video about a product before buying it.)<br><br>I specialize in motion design and I'd love to create a high-converting video for Students Golf.<br><br>Here's my <a href=""https://drive.google.com/drive/folders/1QL-_djO9K9sW-ETXCa_t53SuwNP0bOzl?usp=sharing"">portfolio</a><br><br>If you're interested, I'd be happy to discuss the details. I would greatly appreciate any feedback! Have a wonderful day.<br><br>Best regards,<br>Ethan"
"support@hudsonsutler.com","Hudson Sutler","quick idea for Hudson Sutler","Hello! I came across Hudson Sutler and your handcrafted golf bags & accessories really caught my attention.<br><br>My name is Ethan and I'm writing to you with a collaboration proposal.<br><br>I noticed a huge opportunity to increase your products sales through motion design (which has a proven impact on brand perception. 63% of people worldwide prefer watching a short video about a product before buying it.)<br><br>I specialize in motion design and I'd love to create a high-converting video for Hudson Sutler.<br><br>Here's my <a href=""https://drive.google.com/drive/folders/1QL-_djO9K9sW-ETXCa_t53SuwNP0bOzl?usp=sharing"">portfolio</a><br><br>If you're interested, I'd be happy to discuss the details. I would greatly appreciate any feedback! Have a wonderful day.<br><br>Best regards,<br>Ethan"
"party@prettylittlepartyshop.co.uk","Pretty Little Party Shop","quick idea for Pretty Little Party Shop","Hello! I came across Pretty Little Party Shop and your balloons & party decorations really caught my attention.<br><br>My name is Ethan and I'm writing to you with a collaboration proposal.<br><br>I noticed a huge opportunity to increase your products sales through motion design (which has a proven impact on brand perception. 63% of people worldwide prefer watching a short video about a product before buying it.)<br><br>I specialize in motion design and I'd love to create a high-converting video for Pretty Little Party Shop.<br><br>Here's my <a href=""https://drive.google.com/drive/folders/1QL-_djO9K9sW-ETXCa_t53SuwNP0bOzl?usp=sharing"">portfolio</a><br><br>If you're interested, I'd be happy to discuss the details. I would greatly appreciate any feedback! Have a wonderful day.<br><br>Best regards,<br>Ethan"
"info@mydreampartyshop.com","My Dream Party Shop","quick idea for My Dream Party Shop","Hello! I came across My Dream Party Shop and your party decorations, balloons, candles & tableware really caught my attention.<br><br>My name is Ethan and I'm writing to you with a collaboration proposal.<br><br>I noticed a huge opportunity to increase your products sales through motion design (which has a proven impact on brand perception. 63% of people worldwide prefer watching a short video about a product before buying it.)<br><br>I specialize in motion design and I'd love to create a high-converting video for My Dream Party Shop.<br><br>Here's my <a href=""https://drive.google.com/drive/folders/1QL-_djO9K9sW-ETXCa_t53SuwNP0bOzl?usp=sharing"">portfolio</a><br><br>If you're interested, I'd be happy to discuss the details. I would greatly appreciate any feedback! Have a wonderful day.<br><br>Best regards,<br>Ethan"
"hello@foreverparty.co.uk","Forever Party","quick idea for Forever Party","Hello! I came across Forever Party and your party & cake supplies, balloons, tableware really caught my attention.<br><br>My name is Ethan and I'm writing to you with a collaboration proposal.<br><br>I noticed a huge opportunity to increase your products sales through motion design (which has a proven impact on brand perception. 63% of people worldwide prefer watching a short video about a product before buying it.)<br><br>I specialize in motion design and I'd love to create a high-converting video for Forever Party.<br><br>Here's my <a href=""https://drive.google.com/drive/folders/1QL-_djO9K9sW-ETXCa_t53SuwNP0bOzl?usp=sharing"">portfolio</a><br><br>If you're interested, I'd be happy to discuss the details. I would greatly appreciate any feedback! Have a wonderful day.<br><br>Best regards,<br>Ethan"
"sales@ellaspartyshop.co.uk","Ella's Party Shop","quick idea for Ella's Party Shop","Hello! I came across Ella's Party Shop and your balloon designs & party supplies really caught my attention.<br><br>My name is Ethan and I'm writing to you with a collaboration proposal.<br><br>I noticed a huge opportunity to increase your products sales through motion design (which has a proven impact on brand perception. 63% of people worldwide prefer watching a short video about a product before buying it.)<br><br>I specialize in motion design and I'd love to create a high-converting video for Ella's Party Shop.<br><br>Here's my <a href=""https://drive.google.com/drive/folders/1QL-_djO9K9sW-ETXCa_t53SuwNP0bOzl?usp=sharing"">portfolio</a><br><br>If you're interested, I'd be happy to discuss the details. I would greatly appreciate any feedback! Have a wonderful day.<br><br>Best regards,<br>Ethan"
"sales@roaringpartyz.co.uk","Roaring Partyz","quick idea for Roaring Partyz","Hello! I came across Roaring Partyz and your balloon decor & venue dressing really caught my attention.<br><br>My name is Ethan and I'm writing to you with a collaboration proposal.<br><br>I noticed a huge opportunity to increase your products sales through motion design (which has a proven impact on brand perception. 63% of people worldwide prefer watching a short video about a product before buying it.)<br><br>I specialize in motion design and I'd love to create a high-converting video for Roaring Partyz.<br><br>Here's my <a href=""https://drive.google.com/drive/folders/1QL-_djO9K9sW-ETXCa_t53SuwNP0bOzl?usp=sharing"">portfolio</a><br><br>If you're interested, I'd be happy to discuss the details. I would greatly appreciate any feedback! Have a wonderful day.<br><br>Best regards,<br>Ethan"
"hello@thepersonalisedpartyshop.co.uk","The Personalised Party Shop","quick idea for The Personalised Party Shop","Hello! I came across The Personalised Party Shop and your personalised party banners & decorations really caught my attention.<br><br>My name is Ethan and I'm writing to you with a collaboration proposal.<br><br>I noticed a huge opportunity to increase your products sales through motion design (which has a proven impact on brand perception. 63% of people worldwide prefer watching a short video about a product before buying it.)<br><br>I specialize in motion design and I'd love to create a high-converting video for The Personalised Party Shop.<br><br>Here's my <a href=""https://drive.google.com/drive/folders/1QL-_djO9K9sW-ETXCa_t53SuwNP0bOzl?usp=sharing"">portfolio</a><br><br>If you're interested, I'd be happy to discuss the details. I would greatly appreciate any feedback! Have a wonderful day.<br><br>Best regards,<br>Ethan"
"info@partyfox.co.uk","Party Fox","quick idea for Party Fox","Hello! I came across Party Fox and your eco-friendly party decorations & balloons really caught my attention.<br><br>My name is Ethan and I'm writing to you with a collaboration proposal.<br><br>I noticed a huge opportunity to increase your products sales through motion design (which has a proven impact on brand perception. 63% of people worldwide prefer watching a short video about a product before buying it.)<br><br>I specialize in motion design and I'd love to create a high-converting video for Party Fox.<br><br>Here's my <a href=""https://drive.google.com/drive/folders/1QL-_djO9K9sW-ETXCa_t53SuwNP0bOzl?usp=sharing"">portfolio</a><br><br>If you're interested, I'd be happy to discuss the details. I would greatly appreciate any feedback! Have a wonderful day.<br><br>Best regards,<br>Ethan"
"info@allaboutpartybags.co.uk","All About Party Bags","quick idea for All About Party Bags","Hello! I came across All About Party Bags and your party bags & party bag fillers really caught my attention.<br><br>My name is Ethan and I'm writing to you with a collaboration proposal.<br><br>I noticed a huge opportunity to increase your products sales through motion design (which has a proven impact on brand perception. 63% of people worldwide prefer watching a short video about a product before buying it.)<br><br>I specialize in motion design and I'd love to create a high-converting video for All About Party Bags.<br><br>Here's my <a href=""https://drive.google.com/drive/folders/1QL-_djO9K9sW-ETXCa_t53SuwNP0bOzl?usp=sharing"">portfolio</a><br><br>If you're interested, I'd be happy to discuss the details. I would greatly appreciate any feedback! Have a wonderful day.<br><br>Best regards,<br>Ethan"
"info@cottonbunting.co.uk","Cotton Bunting Company","quick idea for Cotton Bunting Company","Hello! I came across Cotton Bunting Company and your fabric bunting & garlands really caught my attention.<br><br>My name is Ethan and I'm writing to you with a collaboration proposal.<br><br>I noticed a huge opportunity to increase your products sales through motion design (which has a proven impact on brand perception. 63% of people worldwide prefer watching a short video about a product before buying it.)<br><br>I specialize in motion design and I'd love to create a high-converting video for Cotton Bunting Company.<br><br>Here's my <a href=""https://drive.google.com/drive/folders/1QL-_djO9K9sW-ETXCa_t53SuwNP0bOzl?usp=sharing"">portfolio</a><br><br>If you're interested, I'd be happy to discuss the details. I would greatly appreciate any feedback! Have a wonderful day.<br><br>Best regards,<br>Ethan"
"info@printedlittlethings.co.uk","Printed Little Things","quick idea for Printed Little Things","Hello! I came across Printed Little Things and your personalised photo bunting & garlands really caught my attention.<br><br>My name is Ethan and I'm writing to you with a collaboration proposal.<br><br>I noticed a huge opportunity to increase your products sales through motion design (which has a proven impact on brand perception. 63% of people worldwide prefer watching a short video about a product before buying it.)<br><br>I specialize in motion design and I'd love to create a high-converting video for Printed Little Things.<br><br>Here's my <a href=""https://drive.google.com/drive/folders/1QL-_djO9K9sW-ETXCa_t53SuwNP0bOzl?usp=sharing"">portfolio</a><br><br>If you're interested, I'd be happy to discuss the details. I would greatly appreciate any feedback! Have a wonderful day.<br><br>Best regards,<br>Ethan"
"Sales@partycentralcardiff.com","Party Central Cardiff","quick idea for Party Central Cardiff","Hello! I came across Party Central Cardiff and your balloons & party decor really caught my attention.<br><br>My name is Ethan and I'm writing to you with a collaboration proposal.<br><br>I noticed a huge opportunity to increase your products sales through motion design (which has a proven impact on brand perception. 63% of people worldwide prefer watching a short video about a product before buying it.)<br><br>I specialize in motion design and I'd love to create a high-converting video for Party Central Cardiff.<br><br>Here's my <a href=""https://drive.google.com/drive/folders/1QL-_djO9K9sW-ETXCa_t53SuwNP0bOzl?usp=sharing"">portfolio</a><br><br>If you're interested, I'd be happy to discuss the details. I would greatly appreciate any feedback! Have a wonderful day.<br><br>Best regards,<br>Ethan"
"info@custompartydecorations.com","Custom Party Decorations","quick idea for Custom Party Decorations","Hello! I came across Custom Party Decorations and your personalised banners, toppers & confetti really caught my attention.<br><br>My name is Ethan and I'm writing to you with a collaboration proposal.<br><br>I noticed a huge opportunity to increase your products sales through motion design (which has a proven impact on brand perception. 63% of people worldwide prefer watching a short video about a product before buying it.)<br><br>I specialize in motion design and I'd love to create a high-converting video for Custom Party Decorations.<br><br>Here's my <a href=""https://drive.google.com/drive/folders/1QL-_djO9K9sW-ETXCa_t53SuwNP0bOzl?usp=sharing"">portfolio</a><br><br>If you're interested, I'd be happy to discuss the details. I would greatly appreciate any feedback! Have a wonderful day.<br><br>Best regards,<br>Ethan"
"concierge@roamluggage.com","ROAM Luggage","quick idea for ROAM Luggage","Hello! I came across ROAM Luggage and your hardshell carry-on & travel luggage really caught my attention.<br><br>My name is Ethan and I'm writing to you with a collaboration proposal.<br><br>I noticed a huge opportunity to increase your products sales through motion design (which has a proven impact on brand perception. 63% of people worldwide prefer watching a short video about a product before buying it.)<br><br>I specialize in motion design and I'd love to create a high-converting video for ROAM Luggage.<br><br>Here's my <a href=""https://drive.google.com/drive/folders/1QL-_djO9K9sW-ETXCa_t53SuwNP0bOzl?usp=sharing"">portfolio</a><br><br>If you're interested, I'd be happy to discuss the details. I would greatly appreciate any feedback! Have a wonderful day.<br><br>Best regards,<br>Ethan"
"support@rogue-industries.com","Rogue Industries","quick idea for Rogue Industries","Hello! I came across Rogue Industries and your waxed canvas & leather bags, duffels, wallets really caught my attention.<br><br>My name is Ethan and I'm writing to you with a collaboration proposal.<br><br>I noticed a huge opportunity to increase your products sales through motion design (which has a proven impact on brand perception. 63% of people worldwide prefer watching a short video about a product before buying it.)<br><br>I specialize in motion design and I'd love to create a high-converting video for Rogue Industries.<br><br>Here's my <a href=""https://drive.google.com/drive/folders/1QL-_djO9K9sW-ETXCa_t53SuwNP0bOzl?usp=sharing"">portfolio</a><br><br>If you're interested, I'd be happy to discuss the details. I would greatly appreciate any feedback! Have a wonderful day.<br><br>Best regards,<br>Ethan"
"shopkeeper@missionmercantile.com","Mission Mercantile Leather Goods","quick idea for Mission Mercantile Leather Goods","Hello! I came across Mission Mercantile Leather Goods and your full-grain leather duffel & travel bags really caught my attention.<br><br>My name is Ethan and I'm writing to you with a collaboration proposal.<br><br>I noticed a huge opportunity to increase your products sales through motion design (which has a proven impact on brand perception. 63% of people worldwide prefer watching a short video about a product before buying it.)<br><br>I specialize in motion design and I'd love to create a high-converting video for Mission Mercantile Leather Goods.<br><br>Here's my <a href=""https://drive.google.com/drive/folders/1QL-_djO9K9sW-ETXCa_t53SuwNP0bOzl?usp=sharing"">portfolio</a><br><br>If you're interested, I'd be happy to discuss the details. I would greatly appreciate any feedback! Have a wonderful day.<br><br>Best regards,<br>Ethan"
"frinfo@frostriver.com","Frost River","quick idea for Frost River","Hello! I came across Frost River and your canvas & leather bags, packs, duffels really caught my attention.<br><br>My name is Ethan and I'm writing to you with a collaboration proposal.<br><br>I noticed a huge opportunity to increase your products sales through motion design (which has a proven impact on brand perception. 63% of people worldwide prefer watching a short video about a product before buying it.)<br><br>I specialize in motion design and I'd love to create a high-converting video for Frost River.<br><br>Here's my <a href=""https://drive.google.com/drive/folders/1QL-_djO9K9sW-ETXCa_t53SuwNP0bOzl?usp=sharing"">portfolio</a><br><br>If you're interested, I'd be happy to discuss the details. I would greatly appreciate any feedback! Have a wonderful day.<br><br>Best regards,<br>Ethan"
"greg.kise@nutsac.com","NutSac","quick idea for NutSac","Hello! I came across NutSac and your everyday carry bags, backpacks, slings really caught my attention.<br><br>My name is Ethan and I'm writing to you with a collaboration proposal.<br><br>I noticed a huge opportunity to increase your products sales through motion design (which has a proven impact on brand perception. 63% of people worldwide prefer watching a short video about a product before buying it.)<br><br>I specialize in motion design and I'd love to create a high-converting video for NutSac.<br><br>Here's my <a href=""https://drive.google.com/drive/folders/1QL-_djO9K9sW-ETXCa_t53SuwNP0bOzl?usp=sharing"">portfolio</a><br><br>If you're interested, I'd be happy to discuss the details. I would greatly appreciate any feedback! Have a wonderful day.<br><br>Best regards,<br>Ethan"
"info@clarev.com","Clare V.","quick idea for Clare V.","Hello! I came across Clare V. and your women's leather handbags & totes really caught my attention.<br><br>My name is Ethan and I'm writing to you with a collaboration proposal.<br><br>I noticed a huge opportunity to increase your products sales through motion design (which has a proven impact on brand perception. 63% of people worldwide prefer watching a short video about a product before buying it.)<br><br>I specialize in motion design and I'd love to create a high-converting video for Clare V..<br><br>Here's my <a href=""https://drive.google.com/drive/folders/1QL-_djO9K9sW-ETXCa_t53SuwNP0bOzl?usp=sharing"">portfolio</a><br><br>If you're interested, I'd be happy to discuss the details. I would greatly appreciate any feedback! Have a wonderful day.<br><br>Best regards,<br>Ethan"
"customercare@goforthgoods.com","Go Forth Goods","quick idea for Go Forth Goods","Hello! I came across Go Forth Goods and your full-grain leather & waxed canvas duffel bags really caught my attention.<br><br>My name is Ethan and I'm writing to you with a collaboration proposal.<br><br>I noticed a huge opportunity to increase your products sales through motion design (which has a proven impact on brand perception. 63% of people worldwide prefer watching a short video about a product before buying it.)<br><br>I specialize in motion design and I'd love to create a high-converting video for Go Forth Goods.<br><br>Here's my <a href=""https://drive.google.com/drive/folders/1QL-_djO9K9sW-ETXCa_t53SuwNP0bOzl?usp=sharing"">portfolio</a><br><br>If you're interested, I'd be happy to discuss the details. I would greatly appreciate any feedback! Have a wonderful day.<br><br>Best regards,<br>Ethan"
"shipping@bradleymountain.com","Bradley Mountain","quick idea for Bradley Mountain","Hello! I came across Bradley Mountain and your backpacks, duffels & leather goods really caught my attention.<br><br>My name is Ethan and I'm writing to you with a collaboration proposal.<br><br>I noticed a huge opportunity to increase your products sales through motion design (which has a proven impact on brand perception. 63% of people worldwide prefer watching a short video about a product before buying it.)<br><br>I specialize in motion design and I'd love to create a high-converting video for Bradley Mountain.<br><br>Here's my <a href=""https://drive.google.com/drive/folders/1QL-_djO9K9sW-ETXCa_t53SuwNP0bOzl?usp=sharing"">portfolio</a><br><br>If you're interested, I'd be happy to discuss the details. I would greatly appreciate any feedback! Have a wonderful day.<br><br>Best regards,<br>Ethan"
"customerservice@statebags.com","STATE Bags","quick idea for STATE Bags","Hello! I came across STATE Bags and your backpacks, totes & kids bags really caught my attention.<br><br>My name is Ethan and I'm writing to you with a collaboration proposal.<br><br>I noticed a huge opportunity to increase your products sales through motion design (which has a proven impact on brand perception. 63% of people worldwide prefer watching a short video about a product before buying it.)<br><br>I specialize in motion design and I'd love to create a high-converting video for STATE Bags.<br><br>Here's my <a href=""https://drive.google.com/drive/folders/1QL-_djO9K9sW-ETXCa_t53SuwNP0bOzl?usp=sharing"">portfolio</a><br><br>If you're interested, I'd be happy to discuss the details. I would greatly appreciate any feedback! Have a wonderful day.<br><br>Best regards,<br>Ethan"
"gordy@gordyscamerastraps.com","Gordy's Camera Straps","quick idea for Gordy's Camera Straps","Hello! I came across Gordy's Camera Straps and your camera straps really caught my attention.<br><br>My name is Ethan and I'm writing to you with a collaboration proposal.<br><br>I noticed a huge opportunity to increase your products sales through motion design (which has a proven impact on brand perception. 63% of people worldwide prefer watching a short video about a product before buying it.)<br><br>I specialize in motion design and I'd love to create a high-converting video for Gordy's Camera Straps.<br><br>Here's my <a href=""https://drive.google.com/drive/folders/1QL-_djO9K9sW-ETXCa_t53SuwNP0bOzl?usp=sharing"">portfolio</a><br><br>If you're interested, I'd be happy to discuss the details. I would greatly appreciate any feedback! Have a wonderful day.<br><br>Best regards,<br>Ethan"
"support@fotostrap.com","FOTO (Fotostrap)","quick idea for FOTO (Fotostrap)","Hello! I came across FOTO (Fotostrap) and your camera straps really caught my attention.<br><br>My name is Ethan and I'm writing to you with a collaboration proposal.<br><br>I noticed a huge opportunity to increase your products sales through motion design (which has a proven impact on brand perception. 63% of people worldwide prefer watching a short video about a product before buying it.)<br><br>I specialize in motion design and I'd love to create a high-converting video for FOTO (Fotostrap).<br><br>Here's my <a href=""https://drive.google.com/drive/folders/1QL-_djO9K9sW-ETXCa_t53SuwNP0bOzl?usp=sharing"">portfolio</a><br><br>If you're interested, I'd be happy to discuss the details. I would greatly appreciate any feedback! Have a wonderful day.<br><br>Best regards,<br>Ethan"
"rmonkey@redmonkeydesigns.com","Red Monkey Designs","quick idea for Red Monkey Designs","Hello! I came across Red Monkey Designs and your camera straps really caught my attention.<br><br>My name is Ethan and I'm writing to you with a collaboration proposal.<br><br>I noticed a huge opportunity to increase your products sales through motion design (which has a proven impact on brand perception. 63% of people worldwide prefer watching a short video about a product before buying it.)<br><br>I specialize in motion design and I'd love to create a high-converting video for Red Monkey Designs.<br><br>Here's my <a href=""https://drive.google.com/drive/folders/1QL-_djO9K9sW-ETXCa_t53SuwNP0bOzl?usp=sharing"">portfolio</a><br><br>If you're interested, I'd be happy to discuss the details. I would greatly appreciate any feedback! Have a wonderful day.<br><br>Best regards,<br>Ethan"
"customercare@onabags.com","ONA Bags","quick idea for ONA Bags","Hello! I came across ONA Bags and your camera bags really caught my attention.<br><br>My name is Ethan and I'm writing to you with a collaboration proposal.<br><br>I noticed a huge opportunity to increase your products sales through motion design (which has a proven impact on brand perception. 63% of people worldwide prefer watching a short video about a product before buying it.)<br><br>I specialize in motion design and I'd love to create a high-converting video for ONA Bags.<br><br>Here's my <a href=""https://drive.google.com/drive/folders/1QL-_djO9K9sW-ETXCa_t53SuwNP0bOzl?usp=sharing"">portfolio</a><br><br>If you're interested, I'd be happy to discuss the details. I would greatly appreciate any feedback! Have a wonderful day.<br><br>Best regards,<br>Ethan"
"hello@langly.co","Langly Co","quick idea for Langly Co","Hello! I came across Langly Co and your camera bags / backpacks really caught my attention.<br><br>My name is Ethan and I'm writing to you with a collaboration proposal.<br><br>I noticed a huge opportunity to increase your products sales through motion design (which has a proven impact on brand perception. 63% of people worldwide prefer watching a short video about a product before buying it.)<br><br>I specialize in motion design and I'd love to create a high-converting video for Langly Co.<br><br>Here's my <a href=""https://drive.google.com/drive/folders/1QL-_djO9K9sW-ETXCa_t53SuwNP0bOzl?usp=sharing"">portfolio</a><br><br>If you're interested, I'd be happy to discuss the details. I would greatly appreciate any feedback! Have a wonderful day.<br><br>Best regards,<br>Ethan"
"service@platypod.com","Platypod","quick idea for Platypod","Hello! I came across Platypod and your tripod alternative / camera support really caught my attention.<br><br>My name is Ethan and I'm writing to you with a collaboration proposal.<br><br>I noticed a huge opportunity to increase your products sales through motion design (which has a proven impact on brand perception. 63% of people worldwide prefer watching a short video about a product before buying it.)<br><br>I specialize in motion design and I'd love to create a high-converting video for Platypod.<br><br>Here's my <a href=""https://drive.google.com/drive/folders/1QL-_djO9K9sW-ETXCa_t53SuwNP0bOzl?usp=sharing"">portfolio</a><br><br>If you're interested, I'd be happy to discuss the details. I would greatly appreciate any feedback! Have a wonderful day.<br><br>Best regards,<br>Ethan"
"support@pinholepress.com","Pinhole Press","quick idea for Pinhole Press","Hello! I came across Pinhole Press and your photo books / albums really caught my attention.<br><br>My name is Ethan and I'm writing to you with a collaboration proposal.<br><br>I noticed a huge opportunity to increase your products sales through motion design (which has a proven impact on brand perception. 63% of people worldwide prefer watching a short video about a product before buying it.)<br><br>I specialize in motion design and I'd love to create a high-converting video for Pinhole Press.<br><br>Here's my <a href=""https://drive.google.com/drive/folders/1QL-_djO9K9sW-ETXCa_t53SuwNP0bOzl?usp=sharing"">portfolio</a><br><br>If you're interested, I'd be happy to discuss the details. I would greatly appreciate any feedback! Have a wonderful day.<br><br>Best regards,<br>Ethan"
"hello@sps.io","Social Print Studio","quick idea for Social Print Studio","Hello! I came across Social Print Studio and your photo books / prints really caught my attention.<br><br>My name is Ethan and I'm writing to you with a collaboration proposal.<br><br>I noticed a huge opportunity to increase your products sales through motion design (which has a proven impact on brand perception. 63% of people worldwide prefer watching a short video about a product before buying it.)<br><br>I specialize in motion design and I'd love to create a high-converting video for Social Print Studio.<br><br>Here's my <a href=""https://drive.google.com/drive/folders/1QL-_djO9K9sW-ETXCa_t53SuwNP0bOzl?usp=sharing"">portfolio</a><br><br>If you're interested, I'd be happy to discuss the details. I would greatly appreciate any feedback! Have a wonderful day.<br><br>Best regards,<br>Ethan"
"orders@killspencer.com","KILLSPENCER","quick idea for KILLSPENCER","Hello! I came across KILLSPENCER and your camera straps / leather goods really caught my attention.<br><br>My name is Ethan and I'm writing to you with a collaboration proposal.<br><br>I noticed a huge opportunity to increase your products sales through motion design (which has a proven impact on brand perception. 63% of people worldwide prefer watching a short video about a product before buying it.)<br><br>I specialize in motion design and I'd love to create a high-converting video for KILLSPENCER.<br><br>Here's my <a href=""https://drive.google.com/drive/folders/1QL-_djO9K9sW-ETXCa_t53SuwNP0bOzl?usp=sharing"">portfolio</a><br><br>If you're interested, I'd be happy to discuss the details. I would greatly appreciate any feedback! Have a wonderful day.<br><br>Best regards,<br>Ethan"
"pmg@promediagear.com","ProMediaGear","quick idea for ProMediaGear","Hello! I came across ProMediaGear and your tripods / camera support really caught my attention.<br><br>My name is Ethan and I'm writing to you with a collaboration proposal.<br><br>I noticed a huge opportunity to increase your products sales through motion design (which has a proven impact on brand perception. 63% of people worldwide prefer watching a short video about a product before buying it.)<br><br>I specialize in motion design and I'd love to create a high-converting video for ProMediaGear.<br><br>Here's my <a href=""https://drive.google.com/drive/folders/1QL-_djO9K9sW-ETXCa_t53SuwNP0bOzl?usp=sharing"">portfolio</a><br><br>If you're interested, I'd be happy to discuss the details. I would greatly appreciate any feedback! Have a wonderful day.<br><br>Best regards,<br>Ethan"
"support@hexbrand.com","HEX Brand","quick idea for HEX Brand","Hello! I came across HEX Brand and your camera bags really caught my attention.<br><br>My name is Ethan and I'm writing to you with a collaboration proposal.<br><br>I noticed a huge opportunity to increase your products sales through motion design (which has a proven impact on brand perception. 63% of people worldwide prefer watching a short video about a product before buying it.)<br><br>I specialize in motion design and I'd love to create a high-converting video for HEX Brand.<br><br>Here's my <a href=""https://drive.google.com/drive/folders/1QL-_djO9K9sW-ETXCa_t53SuwNP0bOzl?usp=sharing"">portfolio</a><br><br>If you're interested, I'd be happy to discuss the details. I would greatly appreciate any feedback! Have a wonderful day.<br><br>Best regards,<br>Ethan"
"Info@singh-ray.com","Singh-Ray Filters","quick idea for Singh-Ray Filters","Hello! I came across Singh-Ray Filters and your lens filters really caught my attention.<br><br>My name is Ethan and I'm writing to you with a collaboration proposal.<br><br>I noticed a huge opportunity to increase your products sales through motion design (which has a proven impact on brand perception. 63% of people worldwide prefer watching a short video about a product before buying it.)<br><br>I specialize in motion design and I'd love to create a high-converting video for Singh-Ray Filters.<br><br>Here's my <a href=""https://drive.google.com/drive/folders/1QL-_djO9K9sW-ETXCa_t53SuwNP0bOzl?usp=sharing"">portfolio</a><br><br>If you're interested, I'd be happy to discuss the details. I would greatly appreciate any feedback! Have a wonderful day.<br><br>Best regards,<br>Ethan"
"support@valourworks.co.uk","Valour Works","quick idea for Valour Works","Hello! I came across Valour Works and your personalised whisky decanter sets / engraved barware gifts really caught my attention.<br><br>My name is Ethan and I'm writing to you with a collaboration proposal.<br><br>I noticed a huge opportunity to increase your products sales through motion design (which has a proven impact on brand perception. 63% of people worldwide prefer watching a short video about a product before buying it.)<br><br>I specialize in motion design and I'd love to create a high-converting video for Valour Works.<br><br>Here's my <a href=""https://drive.google.com/drive/folders/1QL-_djO9K9sW-ETXCa_t53SuwNP0bOzl?usp=sharing"">portfolio</a><br><br>If you're interested, I'd be happy to discuss the details. I would greatly appreciate any feedback! Have a wonderful day.<br><br>Best regards,<br>Ethan"
"support@spokengifts.co.uk","Spoken Gifts","quick idea for Spoken Gifts","Hello! I came across Spoken Gifts and your personalised/engraved wine glasses & wine coolers really caught my attention.<br><br>My name is Ethan and I'm writing to you with a collaboration proposal.<br><br>I noticed a huge opportunity to increase your products sales through motion design (which has a proven impact on brand perception. 63% of people worldwide prefer watching a short video about a product before buying it.)<br><br>I specialize in motion design and I'd love to create a high-converting video for Spoken Gifts.<br><br>Here's my <a href=""https://drive.google.com/drive/folders/1QL-_djO9K9sW-ETXCa_t53SuwNP0bOzl?usp=sharing"">portfolio</a><br><br>If you're interested, I'd be happy to discuss the details. I would greatly appreciate any feedback! Have a wonderful day.<br><br>Best regards,<br>Ethan"
"info@wineware.co.uk","Wineware","quick idea for Wineware","Hello! I came across Wineware and your glassware, decanters, corkscrews, wine racks & cabinets really caught my attention.<br><br>My name is Ethan and I'm writing to you with a collaboration proposal.<br><br>I noticed a huge opportunity to increase your products sales through motion design (which has a proven impact on brand perception. 63% of people worldwide prefer watching a short video about a product before buying it.)<br><br>I specialize in motion design and I'd love to create a high-converting video for Wineware.<br><br>Here's my <a href=""https://drive.google.com/drive/folders/1QL-_djO9K9sW-ETXCa_t53SuwNP0bOzl?usp=sharing"">portfolio</a><br><br>If you're interested, I'd be happy to discuss the details. I would greatly appreciate any feedback! Have a wonderful day.<br><br>Best regards,<br>Ethan"
"info@lovelylibbys.co.uk","Lovely Libby's","quick idea for Lovely Libby's","Hello! I came across Lovely Libby's and your hand-painted wine glasses really caught my attention.<br><br>My name is Ethan and I'm writing to you with a collaboration proposal.<br><br>I noticed a huge opportunity to increase your products sales through motion design (which has a proven impact on brand perception. 63% of people worldwide prefer watching a short video about a product before buying it.)<br><br>I specialize in motion design and I'd love to create a high-converting video for Lovely Libby's.<br><br>Here's my <a href=""https://drive.google.com/drive/folders/1QL-_djO9K9sW-ETXCa_t53SuwNP0bOzl?usp=sharing"">portfolio</a><br><br>If you're interested, I'd be happy to discuss the details. I would greatly appreciate any feedback! Have a wonderful day.<br><br>Best regards,<br>Ethan"
"shop@designsbylolita.co.uk","Designs by Lolita UK","quick idea for Designs by Lolita UK","Hello! I came across Designs by Lolita UK and your hand-painted wine & cocktail glasses really caught my attention.<br><br>My name is Ethan and I'm writing to you with a collaboration proposal.<br><br>I noticed a huge opportunity to increase your products sales through motion design (which has a proven impact on brand perception. 63% of people worldwide prefer watching a short video about a product before buying it.)<br><br>I specialize in motion design and I'd love to create a high-converting video for Designs by Lolita UK.<br><br>Here's my <a href=""https://drive.google.com/drive/folders/1QL-_djO9K9sW-ETXCa_t53SuwNP0bOzl?usp=sharing"">portfolio</a><br><br>If you're interested, I'd be happy to discuss the details. I would greatly appreciate any feedback! Have a wonderful day.<br><br>Best regards,<br>Ethan"
"sales@balwalk.com","Ballantynes of Walkerburn","quick idea for Ballantynes of Walkerburn","Hello! I came across Ballantynes of Walkerburn and your crystal whisky decanters & engraved barware really caught my attention.<br><br>My name is Ethan and I'm writing to you with a collaboration proposal.<br><br>I noticed a huge opportunity to increase your products sales through motion design (which has a proven impact on brand perception. 63% of people worldwide prefer watching a short video about a product before buying it.)<br><br>I specialize in motion design and I'd love to create a high-converting video for Ballantynes of Walkerburn.<br><br>Here's my <a href=""https://drive.google.com/drive/folders/1QL-_djO9K9sW-ETXCa_t53SuwNP0bOzl?usp=sharing"">portfolio</a><br><br>If you're interested, I'd be happy to discuss the details. I would greatly appreciate any feedback! Have a wonderful day.<br><br>Best regards,<br>Ethan"
"customercare@wineweaver.com","WineWeaver","quick idea for WineWeaver","Hello! I came across WineWeaver and your wine aerators / decanting tools really caught my attention.<br><br>My name is Ethan and I'm writing to you with a collaboration proposal.<br><br>I noticed a huge opportunity to increase your products sales through motion design (which has a proven impact on brand perception. 63% of people worldwide prefer watching a short video about a product before buying it.)<br><br>I specialize in motion design and I'd love to create a high-converting video for WineWeaver.<br><br>Here's my <a href=""https://drive.google.com/drive/folders/1QL-_djO9K9sW-ETXCa_t53SuwNP0bOzl?usp=sharing"">portfolio</a><br><br>If you're interested, I'd be happy to discuss the details. I would greatly appreciate any feedback! Have a wonderful day.<br><br>Best regards,<br>Ethan"
"info@uberstar.com","Uberstar","quick idea for Uberstar","Hello! I came across Uberstar and your barware, wine gadgets & glassware gifts really caught my attention.<br><br>My name is Ethan and I'm writing to you with a collaboration proposal.<br><br>I noticed a huge opportunity to increase your products sales through motion design (which has a proven impact on brand perception. 63% of people worldwide prefer watching a short video about a product before buying it.)<br><br>I specialize in motion design and I'd love to create a high-converting video for Uberstar.<br><br>Here's my <a href=""https://drive.google.com/drive/folders/1QL-_djO9K9sW-ETXCa_t53SuwNP0bOzl?usp=sharing"">portfolio</a><br><br>If you're interested, I'd be happy to discuss the details. I would greatly appreciate any feedback! Have a wonderful day.<br><br>Best regards,<br>Ethan"
"info@richardbrendon.com","Richard Brendon","quick idea for Richard Brendon","Hello! I came across Richard Brendon and your designer wine glasses, decanters & bar/spirits glassware really caught my attention.<br><br>My name is Ethan and I'm writing to you with a collaboration proposal.<br><br>I noticed a huge opportunity to increase your products sales through motion design (which has a proven impact on brand perception. 63% of people worldwide prefer watching a short video about a product before buying it.)<br><br>I specialize in motion design and I'd love to create a high-converting video for Richard Brendon.<br><br>Here's my <a href=""https://drive.google.com/drive/folders/1QL-_djO9K9sW-ETXCa_t53SuwNP0bOzl?usp=sharing"">portfolio</a><br><br>If you're interested, I'd be happy to discuss the details. I would greatly appreciate any feedback! Have a wonderful day.<br><br>Best regards,<br>Ethan"
"info@anchalproject.org","Anchal Project","quick idea for Anchal Project","Hello! I came across Anchal Project and your hand-embroidered throw pillows and small textiles really caught my attention.<br><br>My name is Ethan and I'm writing to you with a collaboration proposal.<br><br>I noticed a huge opportunity to increase your products sales through motion design (which has a proven impact on brand perception. 63% of people worldwide prefer watching a short video about a product before buying it.)<br><br>I specialize in motion design and I'd love to create a high-converting video for Anchal Project.<br><br>Here's my <a href=""https://drive.google.com/drive/folders/1QL-_djO9K9sW-ETXCa_t53SuwNP0bOzl?usp=sharing"">portfolio</a><br><br>If you're interested, I'd be happy to discuss the details. I would greatly appreciate any feedback! Have a wonderful day.<br><br>Best regards,<br>Ethan"
"support@linoto.com","Linoto","quick idea for Linoto","Hello! I came across Linoto and your linen bed sheets, duvet covers, napkins really caught my attention.<br><br>My name is Ethan and I'm writing to you with a collaboration proposal.<br><br>I noticed a huge opportunity to increase your products sales through motion design (which has a proven impact on brand perception. 63% of people worldwide prefer watching a short video about a product before buying it.)<br><br>I specialize in motion design and I'd love to create a high-converting video for Linoto.<br><br>Here's my <a href=""https://drive.google.com/drive/folders/1QL-_djO9K9sW-ETXCa_t53SuwNP0bOzl?usp=sharing"">portfolio</a><br><br>If you're interested, I'd be happy to discuss the details. I would greatly appreciate any feedback! Have a wonderful day.<br><br>Best regards,<br>Ethan"
"hello@chloeandolive.com","Chloe & Olive","quick idea for Chloe & Olive","Hello! I came across Chloe & Olive and your designer throw pillow covers, sewn to order really caught my attention.<br><br>My name is Ethan and I'm writing to you with a collaboration proposal.<br><br>I noticed a huge opportunity to increase your products sales through motion design (which has a proven impact on brand perception. 63% of people worldwide prefer watching a short video about a product before buying it.)<br><br>I specialize in motion design and I'd love to create a high-converting video for Chloe & Olive.<br><br>Here's my <a href=""https://drive.google.com/drive/folders/1QL-_djO9K9sW-ETXCa_t53SuwNP0bOzl?usp=sharing"">portfolio</a><br><br>If you're interested, I'd be happy to discuss the details. I would greatly appreciate any feedback! Have a wonderful day.<br><br>Best regards,<br>Ethan"
"service@yayaandco.com","YaYa & Co.","quick idea for YaYa & Co.","Hello! I came across YaYa & Co. and your organic and recycled-material throw pillows really caught my attention.<br><br>My name is Ethan and I'm writing to you with a collaboration proposal.<br><br>I noticed a huge opportunity to increase your products sales through motion design (which has a proven impact on brand perception. 63% of people worldwide prefer watching a short video about a product before buying it.)<br><br>I specialize in motion design and I'd love to create a high-converting video for YaYa & Co..<br><br>Here's my <a href=""https://drive.google.com/drive/folders/1QL-_djO9K9sW-ETXCa_t53SuwNP0bOzl?usp=sharing"">portfolio</a><br><br>If you're interested, I'd be happy to discuss the details. I would greatly appreciate any feedback! Have a wonderful day.<br><br>Best regards,<br>Ethan"
"info@americanblanketcompany.com","American Blanket Company","quick idea for American Blanket Company","Hello! I came across American Blanket Company and your made-in-usa cotton blankets, throws, bath towels really caught my attention.<br><br>My name is Ethan and I'm writing to you with a collaboration proposal.<br><br>I noticed a huge opportunity to increase your products sales through motion design (which has a proven impact on brand perception. 63% of people worldwide prefer watching a short video about a product before buying it.)<br><br>I specialize in motion design and I'd love to create a high-converting video for American Blanket Company.<br><br>Here's my <a href=""https://drive.google.com/drive/folders/1QL-_djO9K9sW-ETXCa_t53SuwNP0bOzl?usp=sharing"">portfolio</a><br><br>If you're interested, I'd be happy to discuss the details. I would greatly appreciate any feedback! Have a wonderful day.<br><br>Best regards,<br>Ethan"
"support@americanblossomlinens.com","American Blossom Linens","quick idea for American Blossom Linens","Hello! I came across American Blossom Linens and your organic cotton sheets, towels, duvet covers, blankets really caught my attention.<br><br>My name is Ethan and I'm writing to you with a collaboration proposal.<br><br>I noticed a huge opportunity to increase your products sales through motion design (which has a proven impact on brand perception. 63% of people worldwide prefer watching a short video about a product before buying it.)<br><br>I specialize in motion design and I'd love to create a high-converting video for American Blossom Linens.<br><br>Here's my <a href=""https://drive.google.com/drive/folders/1QL-_djO9K9sW-ETXCa_t53SuwNP0bOzl?usp=sharing"">portfolio</a><br><br>If you're interested, I'd be happy to discuss the details. I would greatly appreciate any feedback! Have a wonderful day.<br><br>Best regards,<br>Ethan"
"hello@lizandroo.com","Liz and Roo","quick idea for Liz and Roo","Hello! I came across Liz and Roo and your crib sheets, crib skirts, nursery bedding sets really caught my attention.<br><br>My name is Ethan and I'm writing to you with a collaboration proposal.<br><br>I noticed a huge opportunity to increase your products sales through motion design (which has a proven impact on brand perception. 63% of people worldwide prefer watching a short video about a product before buying it.)<br><br>I specialize in motion design and I'd love to create a high-converting video for Liz and Roo.<br><br>Here's my <a href=""https://drive.google.com/drive/folders/1QL-_djO9K9sW-ETXCa_t53SuwNP0bOzl?usp=sharing"">portfolio</a><br><br>If you're interested, I'd be happy to discuss the details. I would greatly appreciate any feedback! Have a wonderful day.<br><br>Best regards,<br>Ethan"
"contact@winterwaterfactory.com","Winter Water Factory","quick idea for Winter Water Factory","Hello! I came across Winter Water Factory and your organic cotton printed crib sheets and kids bedding really caught my attention.<br><br>My name is Ethan and I'm writing to you with a collaboration proposal.<br><br>I noticed a huge opportunity to increase your products sales through motion design (which has a proven impact on brand perception. 63% of people worldwide prefer watching a short video about a product before buying it.)<br><br>I specialize in motion design and I'd love to create a high-converting video for Winter Water Factory.<br><br>Here's my <a href=""https://drive.google.com/drive/folders/1QL-_djO9K9sW-ETXCa_t53SuwNP0bOzl?usp=sharing"">portfolio</a><br><br>If you're interested, I'd be happy to discuss the details. I would greatly appreciate any feedback! Have a wonderful day.<br><br>Best regards,<br>Ethan"
"support@linensalvage.com","Linen Salvage","quick idea for Linen Salvage","Hello! I came across Linen Salvage and your small-batch vintage-inspired bed linens, made in usa really caught my attention.<br><br>My name is Ethan and I'm writing to you with a collaboration proposal.<br><br>I noticed a huge opportunity to increase your products sales through motion design (which has a proven impact on brand perception. 63% of people worldwide prefer watching a short video about a product before buying it.)<br><br>I specialize in motion design and I'd love to create a high-converting video for Linen Salvage.<br><br>Here's my <a href=""https://drive.google.com/drive/folders/1QL-_djO9K9sW-ETXCa_t53SuwNP0bOzl?usp=sharing"">portfolio</a><br><br>If you're interested, I'd be happy to discuss the details. I would greatly appreciate any feedback! Have a wonderful day.<br><br>Best regards,<br>Ethan"
"hello@lahammam.com","La'Hammam","quick idea for La'Hammam","Hello! I came across La'Hammam and your turkish hammam and beach towels really caught my attention.<br><br>My name is Ethan and I'm writing to you with a collaboration proposal.<br><br>I noticed a huge opportunity to increase your products sales through motion design (which has a proven impact on brand perception. 63% of people worldwide prefer watching a short video about a product before buying it.)<br><br>I specialize in motion design and I'd love to create a high-converting video for La'Hammam.<br><br>Here's my <a href=""https://drive.google.com/drive/folders/1QL-_djO9K9sW-ETXCa_t53SuwNP0bOzl?usp=sharing"">portfolio</a><br><br>If you're interested, I'd be happy to discuss the details. I would greatly appreciate any feedback! Have a wonderful day.<br><br>Best regards,<br>Ethan"
"press@hawkinsnewyork.com","Hawkins New York","quick idea for Hawkins New York","Hello! I came across Hawkins New York and your towels, throws, blankets, bedding really caught my attention.<br><br>My name is Ethan and I'm writing to you with a collaboration proposal.<br><br>I noticed a huge opportunity to increase your products sales through motion design (which has a proven impact on brand perception. 63% of people worldwide prefer watching a short video about a product before buying it.)<br><br>I specialize in motion design and I'd love to create a high-converting video for Hawkins New York.<br><br>Here's my <a href=""https://drive.google.com/drive/folders/1QL-_djO9K9sW-ETXCa_t53SuwNP0bOzl?usp=sharing"">portfolio</a><br><br>If you're interested, I'd be happy to discuss the details. I would greatly appreciate any feedback! Have a wonderful day.<br><br>Best regards,<br>Ethan"
"contact@pompomathome.com","Pom Pom at Home","quick idea for Pom Pom at Home","Hello! I came across Pom Pom at Home and your bedding, quilts, throw pillows, blankets really caught my attention.<br><br>My name is Ethan and I'm writing to you with a collaboration proposal.<br><br>I noticed a huge opportunity to increase your products sales through motion design (which has a proven impact on brand perception. 63% of people worldwide prefer watching a short video about a product before buying it.)<br><br>I specialize in motion design and I'd love to create a high-converting video for Pom Pom at Home.<br><br>Here's my <a href=""https://drive.google.com/drive/folders/1QL-_djO9K9sW-ETXCa_t53SuwNP0bOzl?usp=sharing"">portfolio</a><br><br>If you're interested, I'd be happy to discuss the details. I would greatly appreciate any feedback! Have a wonderful day.<br><br>Best regards,<br>Ethan"
"info@lonepeakpacks.com","Lone Peak Packs","quick idea for Lone Peak Packs","Hello! I came across Lone Peak Packs and your bike panniers, e-bike bags really caught my attention.<br><br>My name is Ethan and I'm writing to you with a collaboration proposal.<br><br>I noticed a huge opportunity to increase your products sales through motion design (which has a proven impact on brand perception. 63% of people worldwide prefer watching a short video about a product before buying it.)<br><br>I specialize in motion design and I'd love to create a high-converting video for Lone Peak Packs.<br><br>Here's my <a href=""https://drive.google.com/drive/folders/1QL-_djO9K9sW-ETXCa_t53SuwNP0bOzl?usp=sharing"">portfolio</a><br><br>If you're interested, I'd be happy to discuss the details. I would greatly appreciate any feedback! Have a wonderful day.<br><br>Best regards,<br>Ethan"
"info@ovejanegrathreadworks.com","Oveja Negra Threadworks","quick idea for Oveja Negra Threadworks","Hello! I came across Oveja Negra Threadworks and your bikepacking bags really caught my attention.<br><br>My name is Ethan and I'm writing to you with a collaboration proposal.<br><br>I noticed a huge opportunity to increase your products sales through motion design (which has a proven impact on brand perception. 63% of people worldwide prefer watching a short video about a product before buying it.)<br><br>I specialize in motion design and I'd love to create a high-converting video for Oveja Negra Threadworks.<br><br>Here's my <a href=""https://drive.google.com/drive/folders/1QL-_djO9K9sW-ETXCa_t53SuwNP0bOzl?usp=sharing"">portfolio</a><br><br>If you're interested, I'd be happy to discuss the details. I would greatly appreciate any feedback! Have a wonderful day.<br><br>Best regards,<br>Ethan"
"bikepack@rockgeist.com","Rockgeist","quick idea for Rockgeist","Hello! I came across Rockgeist and your bikepacking bags really caught my attention.<br><br>My name is Ethan and I'm writing to you with a collaboration proposal.<br><br>I noticed a huge opportunity to increase your products sales through motion design (which has a proven impact on brand perception. 63% of people worldwide prefer watching a short video about a product before buying it.)<br><br>I specialize in motion design and I'd love to create a high-converting video for Rockgeist.<br><br>Here's my <a href=""https://drive.google.com/drive/folders/1QL-_djO9K9sW-ETXCa_t53SuwNP0bOzl?usp=sharing"">portfolio</a><br><br>If you're interested, I'd be happy to discuss the details. I would greatly appreciate any feedback! Have a wonderful day.<br><br>Best regards,<br>Ethan"
"info@spurcycle.com","Spurcycle","quick idea for Spurcycle","Hello! I came across Spurcycle and your bike bells really caught my attention.<br><br>My name is Ethan and I'm writing to you with a collaboration proposal.<br><br>I noticed a huge opportunity to increase your products sales through motion design (which has a proven impact on brand perception. 63% of people worldwide prefer watching a short video about a product before buying it.)<br><br>I specialize in motion design and I'd love to create a high-converting video for Spurcycle.<br><br>Here's my <a href=""https://drive.google.com/drive/folders/1QL-_djO9K9sW-ETXCa_t53SuwNP0bOzl?usp=sharing"">portfolio</a><br><br>If you're interested, I'd be happy to discuss the details. I would greatly appreciate any feedback! Have a wonderful day.<br><br>Best regards,<br>Ethan"
"service@twinsix.com","Twin Six","quick idea for Twin Six","Hello! I came across Twin Six and your cycling apparel really caught my attention.<br><br>My name is Ethan and I'm writing to you with a collaboration proposal.<br><br>I noticed a huge opportunity to increase your products sales through motion design (which has a proven impact on brand perception. 63% of people worldwide prefer watching a short video about a product before buying it.)<br><br>I specialize in motion design and I'd love to create a high-converting video for Twin Six.<br><br>Here's my <a href=""https://drive.google.com/drive/folders/1QL-_djO9K9sW-ETXCa_t53SuwNP0bOzl?usp=sharing"">portfolio</a><br><br>If you're interested, I'd be happy to discuss the details. I would greatly appreciate any feedback! Have a wonderful day.<br><br>Best regards,<br>Ethan"
"info@randijofab.com","Randi Jo Fabrications","quick idea for Randi Jo Fabrications","Hello! I came across Randi Jo Fabrications and your waxed-canvas stem bags, cycling soft goods really caught my attention.<br><br>My name is Ethan and I'm writing to you with a collaboration proposal.<br><br>I noticed a huge opportunity to increase your products sales through motion design (which has a proven impact on brand perception. 63% of people worldwide prefer watching a short video about a product before buying it.)<br><br>I specialize in motion design and I'd love to create a high-converting video for Randi Jo Fabrications.<br><br>Here's my <a href=""https://drive.google.com/drive/folders/1QL-_djO9K9sW-ETXCa_t53SuwNP0bOzl?usp=sharing"">portfolio</a><br><br>If you're interested, I'd be happy to discuss the details. I would greatly appreciate any feedback! Have a wonderful day.<br><br>Best regards,<br>Ethan"
"info@searchandstate.com","Search and State","quick idea for Search and State","Hello! I came across Search and State and your cycling apparel really caught my attention.<br><br>My name is Ethan and I'm writing to you with a collaboration proposal.<br><br>I noticed a huge opportunity to increase your products sales through motion design (which has a proven impact on brand perception. 63% of people worldwide prefer watching a short video about a product before buying it.)<br><br>I specialize in motion design and I'd love to create a high-converting video for Search and State.<br><br>Here's my <a href=""https://drive.google.com/drive/folders/1QL-_djO9K9sW-ETXCa_t53SuwNP0bOzl?usp=sharing"">portfolio</a><br><br>If you're interested, I'd be happy to discuss the details. I would greatly appreciate any feedback! Have a wonderful day.<br><br>Best regards,<br>Ethan"
"support@esigrips.com","ESI Grips","quick idea for ESI Grips","Hello! I came across ESI Grips and your silicone bike grips really caught my attention.<br><br>My name is Ethan and I'm writing to you with a collaboration proposal.<br><br>I noticed a huge opportunity to increase your products sales through motion design (which has a proven impact on brand perception. 63% of people worldwide prefer watching a short video about a product before buying it.)<br><br>I specialize in motion design and I'd love to create a high-converting video for ESI Grips.<br><br>Here's my <a href=""https://drive.google.com/drive/folders/1QL-_djO9K9sW-ETXCa_t53SuwNP0bOzl?usp=sharing"">portfolio</a><br><br>If you're interested, I'd be happy to discuss the details. I would greatly appreciate any feedback! Have a wonderful day.<br><br>Best regards,<br>Ethan"
"hi@moonjuice.com","Moon Juice","quick idea for Moon Juice","Hello! I came across Moon Juice and your adaptogenic supplement powders & capsules really caught my attention.<br><br>My name is Ethan and I'm writing to you with a collaboration proposal.<br><br>I noticed a huge opportunity to increase your products sales through motion design (which has a proven impact on brand perception. 63% of people worldwide prefer watching a short video about a product before buying it.)<br><br>I specialize in motion design and I'd love to create a high-converting video for Moon Juice.<br><br>Here's my <a href=""https://drive.google.com/drive/folders/1QL-_djO9K9sW-ETXCa_t53SuwNP0bOzl?usp=sharing"">portfolio</a><br><br>If you're interested, I'd be happy to discuss the details. I would greatly appreciate any feedback! Have a wonderful day.<br><br>Best regards,<br>Ethan"
"sales@fermensch.com","Fermensch Kombucha","quick idea for Fermensch Kombucha","Hello! I came across Fermensch Kombucha and your functional beverage really caught my attention.<br><br>My name is Ethan and I'm writing to you with a collaboration proposal.<br><br>I noticed a huge opportunity to increase your products sales through motion design (which has a proven impact on brand perception. 63% of people worldwide prefer watching a short video about a product before buying it.)<br><br>I specialize in motion design and I'd love to create a high-converting video for Fermensch Kombucha.<br><br>Here's my <a href=""https://drive.google.com/drive/folders/1QL-_djO9K9sW-ETXCa_t53SuwNP0bOzl?usp=sharing"">portfolio</a><br><br>If you're interested, I'd be happy to discuss the details. I would greatly appreciate any feedback! Have a wonderful day.<br><br>Best regards,<br>Ethan"
"hello@lovebug.com","Lovebug Probiotics","quick idea for Lovebug Probiotics","Hello! I came across Lovebug Probiotics and your probiotic supplements really caught my attention.<br><br>My name is Ethan and I'm writing to you with a collaboration proposal.<br><br>I noticed a huge opportunity to increase your products sales through motion design (which has a proven impact on brand perception. 63% of people worldwide prefer watching a short video about a product before buying it.)<br><br>I specialize in motion design and I'd love to create a high-converting video for Lovebug Probiotics.<br><br>Here's my <a href=""https://drive.google.com/drive/folders/1QL-_djO9K9sW-ETXCa_t53SuwNP0bOzl?usp=sharing"">portfolio</a><br><br>If you're interested, I'd be happy to discuss the details. I would greatly appreciate any feedback! Have a wonderful day.<br><br>Best regards,<br>Ethan"
"cs@pinkstork.com","Pink Stork","quick idea for Pink Stork","Hello! I came across Pink Stork and your women's wellness supplements really caught my attention.<br><br>My name is Ethan and I'm writing to you with a collaboration proposal.<br><br>I noticed a huge opportunity to increase your products sales through motion design (which has a proven impact on brand perception. 63% of people worldwide prefer watching a short video about a product before buying it.)<br><br>I specialize in motion design and I'd love to create a high-converting video for Pink Stork.<br><br>Here's my <a href=""https://drive.google.com/drive/folders/1QL-_djO9K9sW-ETXCa_t53SuwNP0bOzl?usp=sharing"">portfolio</a><br><br>If you're interested, I'd be happy to discuss the details. I would greatly appreciate any feedback! Have a wonderful day.<br><br>Best regards,<br>Ethan"
"hello@crockettcoffee.com","Crockett Coffee","quick idea for Crockett Coffee","Hello! I came across Crockett Coffee and your functional mushroom coffee blend really caught my attention.<br><br>My name is Ethan and I'm writing to you with a collaboration proposal.<br><br>I noticed a huge opportunity to increase your products sales through motion design (which has a proven impact on brand perception. 63% of people worldwide prefer watching a short video about a product before buying it.)<br><br>I specialize in motion design and I'd love to create a high-converting video for Crockett Coffee.<br><br>Here's my <a href=""https://drive.google.com/drive/folders/1QL-_djO9K9sW-ETXCa_t53SuwNP0bOzl?usp=sharing"">portfolio</a><br><br>If you're interested, I'd be happy to discuss the details. I would greatly appreciate any feedback! Have a wonderful day.<br><br>Best regards,<br>Ethan"
"hi@curehydration.com","Cure Hydration","quick idea for Cure Hydration","Hello! I came across Cure Hydration and your functional electrolyte/hydration drink mix really caught my attention.<br><br>My name is Ethan and I'm writing to you with a collaboration proposal.<br><br>I noticed a huge opportunity to increase your products sales through motion design (which has a proven impact on brand perception. 63% of people worldwide prefer watching a short video about a product before buying it.)<br><br>I specialize in motion design and I'd love to create a high-converting video for Cure Hydration.<br><br>Here's my <a href=""https://drive.google.com/drive/folders/1QL-_djO9K9sW-ETXCa_t53SuwNP0bOzl?usp=sharing"">portfolio</a><br><br>If you're interested, I'd be happy to discuss the details. I would greatly appreciate any feedback! Have a wonderful day.<br><br>Best regards,<br>Ethan"
"info@swolverine.com","Swolverine","quick idea for Swolverine","Hello! I came across Swolverine and your protein powder & sports nutrition supplements really caught my attention.<br><br>My name is Ethan and I'm writing to you with a collaboration proposal.<br><br>I noticed a huge opportunity to increase your products sales through motion design (which has a proven impact on brand perception. 63% of people worldwide prefer watching a short video about a product before buying it.)<br><br>I specialize in motion design and I'd love to create a high-converting video for Swolverine.<br><br>Here's my <a href=""https://drive.google.com/drive/folders/1QL-_djO9K9sW-ETXCa_t53SuwNP0bOzl?usp=sharing"">portfolio</a><br><br>If you're interested, I'd be happy to discuss the details. I would greatly appreciate any feedback! Have a wonderful day.<br><br>Best regards,<br>Ethan"
"hi@bond.life","BOND","quick idea for BOND","Hello! I came across BOND and your hormone-balance & reproductive health supplements really caught my attention.<br><br>My name is Ethan and I'm writing to you with a collaboration proposal.<br><br>I noticed a huge opportunity to increase your products sales through motion design (which has a proven impact on brand perception. 63% of people worldwide prefer watching a short video about a product before buying it.)<br><br>I specialize in motion design and I'd love to create a high-converting video for BOND.<br><br>Here's my <a href=""https://drive.google.com/drive/folders/1QL-_djO9K9sW-ETXCa_t53SuwNP0bOzl?usp=sharing"">portfolio</a><br><br>If you're interested, I'd be happy to discuss the details. I would greatly appreciate any feedback! Have a wonderful day.<br><br>Best regards,<br>Ethan"
"hello@doublewoodsupplements.com","Double Wood Supplements","quick idea for Double Wood Supplements","Hello! I came across Double Wood Supplements and your capsule supplements really caught my attention.<br><br>My name is Ethan and I'm writing to you with a collaboration proposal.<br><br>I noticed a huge opportunity to increase your products sales through motion design (which has a proven impact on brand perception. 63% of people worldwide prefer watching a short video about a product before buying it.)<br><br>I specialize in motion design and I'd love to create a high-converting video for Double Wood Supplements.<br><br>Here's my <a href=""https://drive.google.com/drive/folders/1QL-_djO9K9sW-ETXCa_t53SuwNP0bOzl?usp=sharing"">portfolio</a><br><br>If you're interested, I'd be happy to discuss the details. I would greatly appreciate any feedback! Have a wonderful day.<br><br>Best regards,<br>Ethan"
"info@theelderberryco.com","The Elderberry Co.","quick idea for The Elderberry Co.","Hello! I came across The Elderberry Co. and your elderberry immune-support supplements & syrups really caught my attention.<br><br>My name is Ethan and I'm writing to you with a collaboration proposal.<br><br>I noticed a huge opportunity to increase your products sales through motion design (which has a proven impact on brand perception. 63% of people worldwide prefer watching a short video about a product before buying it.)<br><br>I specialize in motion design and I'd love to create a high-converting video for The Elderberry Co..<br><br>Here's my <a href=""https://drive.google.com/drive/folders/1QL-_djO9K9sW-ETXCa_t53SuwNP0bOzl?usp=sharing"">portfolio</a><br><br>If you're interested, I'd be happy to discuss the details. I would greatly appreciate any feedback! Have a wonderful day.<br><br>Best regards,<br>Ethan"
"hello@thisisneeded.com","Needed","quick idea for Needed","Hello! I came across Needed and your prenatal / women's health supplements really caught my attention.<br><br>My name is Ethan and I'm writing to you with a collaboration proposal.<br><br>I noticed a huge opportunity to increase your products sales through motion design (which has a proven impact on brand perception. 63% of people worldwide prefer watching a short video about a product before buying it.)<br><br>I specialize in motion design and I'd love to create a high-converting video for Needed.<br><br>Here's my <a href=""https://drive.google.com/drive/folders/1QL-_djO9K9sW-ETXCa_t53SuwNP0bOzl?usp=sharing"">portfolio</a><br><br>If you're interested, I'd be happy to discuss the details. I would greatly appreciate any feedback! Have a wonderful day.<br><br>Best regards,<br>Ethan"
"hello@drinkhydrant.com","Hydrant","quick idea for Hydrant","Hello! I came across Hydrant and your electrolyte/hydration powder mix really caught my attention.<br><br>My name is Ethan and I'm writing to you with a collaboration proposal.<br><br>I noticed a huge opportunity to increase your products sales through motion design (which has a proven impact on brand perception. 63% of people worldwide prefer watching a short video about a product before buying it.)<br><br>I specialize in motion design and I'd love to create a high-converting video for Hydrant.<br><br>Here's my <a href=""https://drive.google.com/drive/folders/1QL-_djO9K9sW-ETXCa_t53SuwNP0bOzl?usp=sharing"">portfolio</a><br><br>If you're interested, I'd be happy to discuss the details. I would greatly appreciate any feedback! Have a wonderful day.<br><br>Best regards,<br>Ethan"
"info@truwild.com","TruWild","quick idea for TruWild","Hello! I came across TruWild and your adaptogen, greens & pre-workout supplements really caught my attention.<br><br>My name is Ethan and I'm writing to you with a collaboration proposal.<br><br>I noticed a huge opportunity to increase your products sales through motion design (which has a proven impact on brand perception. 63% of people worldwide prefer watching a short video about a product before buying it.)<br><br>I specialize in motion design and I'd love to create a high-converting video for TruWild.<br><br>Here's my <a href=""https://drive.google.com/drive/folders/1QL-_djO9K9sW-ETXCa_t53SuwNP0bOzl?usp=sharing"">portfolio</a><br><br>If you're interested, I'd be happy to discuss the details. I would greatly appreciate any feedback! Have a wonderful day.<br><br>Best regards,<br>Ethan"
"shane@customslipmats.co.uk","Custom Slipmats Ltd","quick idea for Custom Slipmats Ltd","Hello! I came across Custom Slipmats Ltd and your vinyl-zubehör really caught my attention.<br><br>My name is Ethan and I'm writing to you with a collaboration proposal.<br><br>I noticed a huge opportunity to increase your products sales through motion design (which has a proven impact on brand perception. 63% of people worldwide prefer watching a short video about a product before buying it.)<br><br>I specialize in motion design and I'd love to create a high-converting video for Custom Slipmats Ltd.<br><br>Here's my <a href=""https://drive.google.com/drive/folders/1QL-_djO9K9sW-ETXCa_t53SuwNP0bOzl?usp=sharing"">portfolio</a><br><br>If you're interested, I'd be happy to discuss the details. I would greatly appreciate any feedback! Have a wonderful day.<br><br>Best regards,<br>Ethan"
"info@chronologystore.co.uk","Chronology","quick idea for Chronology","Hello! I came across Chronology and your vinyl-zubehör really caught my attention.<br><br>My name is Ethan and I'm writing to you with a collaboration proposal.<br><br>I noticed a huge opportunity to increase your products sales through motion design (which has a proven impact on brand perception. 63% of people worldwide prefer watching a short video about a product before buying it.)<br><br>I specialize in motion design and I'd love to create a high-converting video for Chronology.<br><br>Here's my <a href=""https://drive.google.com/drive/folders/1QL-_djO9K9sW-ETXCa_t53SuwNP0bOzl?usp=sharing"">portfolio</a><br><br>If you're interested, I'd be happy to discuss the details. I would greatly appreciate any feedback! Have a wonderful day.<br><br>Best regards,<br>Ethan"
"hello@printsofthieves.co.uk","Prints of Thieves","quick idea for Prints of Thieves","Hello! I came across Prints of Thieves and your musik-poster/prints really caught my attention.<br><br>My name is Ethan and I'm writing to you with a collaboration proposal.<br><br>I noticed a huge opportunity to increase your products sales through motion design (which has a proven impact on brand perception. 63% of people worldwide prefer watching a short video about a product before buying it.)<br><br>I specialize in motion design and I'd love to create a high-converting video for Prints of Thieves.<br><br>Here's my <a href=""https://drive.google.com/drive/folders/1QL-_djO9K9sW-ETXCa_t53SuwNP0bOzl?usp=sharing"">portfolio</a><br><br>If you're interested, I'd be happy to discuss the details. I would greatly appreciate any feedback! Have a wonderful day.<br><br>Best regards,<br>Ethan"
"hello@paradisoclothing.com","Paradiso Clothing","quick idea for Paradiso Clothing","Hello! I came across Paradiso Clothing and your band-merch really caught my attention.<br><br>My name is Ethan and I'm writing to you with a collaboration proposal.<br><br>I noticed a huge opportunity to increase your products sales through motion design (which has a proven impact on brand perception. 63% of people worldwide prefer watching a short video about a product before buying it.)<br><br>I specialize in motion design and I'd love to create a high-converting video for Paradiso Clothing.<br><br>Here's my <a href=""https://drive.google.com/drive/folders/1QL-_djO9K9sW-ETXCa_t53SuwNP0bOzl?usp=sharing"">portfolio</a><br><br>If you're interested, I'd be happy to discuss the details. I would greatly appreciate any feedback! Have a wonderful day.<br><br>Best regards,<br>Ethan"
"info@stripedcircle.com","Striped Circle","quick idea for Striped Circle","Hello! I came across Striped Circle and your musik-poster/prints really caught my attention.<br><br>My name is Ethan and I'm writing to you with a collaboration proposal.<br><br>I noticed a huge opportunity to increase your products sales through motion design (which has a proven impact on brand perception. 63% of people worldwide prefer watching a short video about a product before buying it.)<br><br>I specialize in motion design and I'd love to create a high-converting video for Striped Circle.<br><br>Here's my <a href=""https://drive.google.com/drive/folders/1QL-_djO9K9sW-ETXCa_t53SuwNP0bOzl?usp=sharing"">portfolio</a><br><br>If you're interested, I'd be happy to discuss the details. I would greatly appreciate any feedback! Have a wonderful day.<br><br>Best regards,<br>Ethan"
"info@thevinylwall.com","The Vinyl Wall","quick idea for The Vinyl Wall","Hello! I came across The Vinyl Wall and your vinyl-zubehör really caught my attention.<br><br>My name is Ethan and I'm writing to you with a collaboration proposal.<br><br>I noticed a huge opportunity to increase your products sales through motion design (which has a proven impact on brand perception. 63% of people worldwide prefer watching a short video about a product before buying it.)<br><br>I specialize in motion design and I'd love to create a high-converting video for The Vinyl Wall.<br><br>Here's my <a href=""https://drive.google.com/drive/folders/1QL-_djO9K9sW-ETXCa_t53SuwNP0bOzl?usp=sharing"">portfolio</a><br><br>If you're interested, I'd be happy to discuss the details. I would greatly appreciate any feedback! Have a wonderful day.<br><br>Best regards,<br>Ethan"
"info@idyd.co.uk","IDYD","quick idea for IDYD","Hello! I came across IDYD and your vinyl-zubehör really caught my attention.<br><br>My name is Ethan and I'm writing to you with a collaboration proposal.<br><br>I noticed a huge opportunity to increase your products sales through motion design (which has a proven impact on brand perception. 63% of people worldwide prefer watching a short video about a product before buying it.)<br><br>I specialize in motion design and I'd love to create a high-converting video for IDYD.<br><br>Here's my <a href=""https://drive.google.com/drive/folders/1QL-_djO9K9sW-ETXCa_t53SuwNP0bOzl?usp=sharing"">portfolio</a><br><br>If you're interested, I'd be happy to discuss the details. I would greatly appreciate any feedback! Have a wonderful day.<br><br>Best regards,<br>Ethan"
"info@theurbaneditions.com","Urban Editions","quick idea for Urban Editions","Hello! I came across Urban Editions and your vinyl-zubehör really caught my attention.<br><br>My name is Ethan and I'm writing to you with a collaboration proposal.<br><br>I noticed a huge opportunity to increase your products sales through motion design (which has a proven impact on brand perception. 63% of people worldwide prefer watching a short video about a product before buying it.)<br><br>I specialize in motion design and I'd love to create a high-converting video for Urban Editions.<br><br>Here's my <a href=""https://drive.google.com/drive/folders/1QL-_djO9K9sW-ETXCa_t53SuwNP0bOzl?usp=sharing"">portfolio</a><br><br>If you're interested, I'd be happy to discuss the details. I would greatly appreciate any feedback! Have a wonderful day.<br><br>Best regards,<br>Ethan"
"talk@comingsoonnewyork.com","Coming Soon","quick idea for Coming Soon","Hello! I came across Coming Soon and your furniture, mirrors, curated home decor really caught my attention.<br><br>My name is Ethan and I'm writing to you with a collaboration proposal.<br><br>I noticed a huge opportunity to increase your products sales through motion design (which has a proven impact on brand perception. 63% of people worldwide prefer watching a short video about a product before buying it.)<br><br>I specialize in motion design and I'd love to create a high-converting video for Coming Soon.<br><br>Here's my <a href=""https://drive.google.com/drive/folders/1QL-_djO9K9sW-ETXCa_t53SuwNP0bOzl?usp=sharing"">portfolio</a><br><br>If you're interested, I'd be happy to discuss the details. I would greatly appreciate any feedback! Have a wonderful day.<br><br>Best regards,<br>Ethan"
"sales@woodwardthrowbacks.com","Woodward Throwbacks","quick idea for Woodward Throwbacks","Hello! I came across Woodward Throwbacks and your furniture, reclaimed/vintage-inspired home decor really caught my attention.<br><br>My name is Ethan and I'm writing to you with a collaboration proposal.<br><br>I noticed a huge opportunity to increase your products sales through motion design (which has a proven impact on brand perception. 63% of people worldwide prefer watching a short video about a product before buying it.)<br><br>I specialize in motion design and I'd love to create a high-converting video for Woodward Throwbacks.<br><br>Here's my <a href=""https://drive.google.com/drive/folders/1QL-_djO9K9sW-ETXCa_t53SuwNP0bOzl?usp=sharing"">portfolio</a><br><br>If you're interested, I'd be happy to discuss the details. I would greatly appreciate any feedback! Have a wonderful day.<br><br>Best regards,<br>Ethan"
"hello@dearkeaton.com","Dear Keaton","quick idea for Dear Keaton","Hello! I came across Dear Keaton and your furniture, mirrors, wall art, decor really caught my attention.<br><br>My name is Ethan and I'm writing to you with a collaboration proposal.<br><br>I noticed a huge opportunity to increase your products sales through motion design (which has a proven impact on brand perception. 63% of people worldwide prefer watching a short video about a product before buying it.)<br><br>I specialize in motion design and I'd love to create a high-converting video for Dear Keaton.<br><br>Here's my <a href=""https://drive.google.com/drive/folders/1QL-_djO9K9sW-ETXCa_t53SuwNP0bOzl?usp=sharing"">portfolio</a><br><br>If you're interested, I'd be happy to discuss the details. I would greatly appreciate any feedback! Have a wonderful day.<br><br>Best regards,<br>Ethan"
"Hello@HouseofLeon.com","House of Leon","quick idea for House of Leon","Hello! I came across House of Leon and your furniture, mirrors, vases, decor really caught my attention.<br><br>My name is Ethan and I'm writing to you with a collaboration proposal.<br><br>I noticed a huge opportunity to increase your products sales through motion design (which has a proven impact on brand perception. 63% of people worldwide prefer watching a short video about a product before buying it.)<br><br>I specialize in motion design and I'd love to create a high-converting video for House of Leon.<br><br>Here's my <a href=""https://drive.google.com/drive/folders/1QL-_djO9K9sW-ETXCa_t53SuwNP0bOzl?usp=sharing"">portfolio</a><br><br>If you're interested, I'd be happy to discuss the details. I would greatly appreciate any feedback! Have a wonderful day.<br><br>Best regards,<br>Ethan"
"heirloomartifacts@sabbeinteriordesign.com","Heirloom Artifacts","quick idea for Heirloom Artifacts","Hello! I came across Heirloom Artifacts and your vintage furniture, mirrors, decor really caught my attention.<br><br>My name is Ethan and I'm writing to you with a collaboration proposal.<br><br>I noticed a huge opportunity to increase your products sales through motion design (which has a proven impact on brand perception. 63% of people worldwide prefer watching a short video about a product before buying it.)<br><br>I specialize in motion design and I'd love to create a high-converting video for Heirloom Artifacts.<br><br>Here's my <a href=""https://drive.google.com/drive/folders/1QL-_djO9K9sW-ETXCa_t53SuwNP0bOzl?usp=sharing"">portfolio</a><br><br>If you're interested, I'd be happy to discuss the details. I would greatly appreciate any feedback! Have a wonderful day.<br><br>Best regards,<br>Ethan"
"hello@reedsmythe.com","Reed Smythe & Company","quick idea for Reed Smythe & Company","Hello! I came across Reed Smythe & Company and your vases, decorative objects, furniture, fine art really caught my attention.<br><br>My name is Ethan and I'm writing to you with a collaboration proposal.<br><br>I noticed a huge opportunity to increase your products sales through motion design (which has a proven impact on brand perception. 63% of people worldwide prefer watching a short video about a product before buying it.)<br><br>I specialize in motion design and I'd love to create a high-converting video for Reed Smythe & Company.<br><br>Here's my <a href=""https://drive.google.com/drive/folders/1QL-_djO9K9sW-ETXCa_t53SuwNP0bOzl?usp=sharing"">portfolio</a><br><br>If you're interested, I'd be happy to discuss the details. I would greatly appreciate any feedback! Have a wonderful day.<br><br>Best regards,<br>Ethan"
"support@theshelfshop.com","The Shelf Shop","quick idea for The Shelf Shop","Hello! I came across The Shelf Shop and your handcrafted floating wall shelves really caught my attention.<br><br>My name is Ethan and I'm writing to you with a collaboration proposal.<br><br>I noticed a huge opportunity to increase your products sales through motion design (which has a proven impact on brand perception. 63% of people worldwide prefer watching a short video about a product before buying it.)<br><br>I specialize in motion design and I'd love to create a high-converting video for The Shelf Shop.<br><br>Here's my <a href=""https://drive.google.com/drive/folders/1QL-_djO9K9sW-ETXCa_t53SuwNP0bOzl?usp=sharing"">portfolio</a><br><br>If you're interested, I'd be happy to discuss the details. I would greatly appreciate any feedback! Have a wonderful day.<br><br>Best regards,<br>Ethan"
"hello@shelfology.com","Shelfology","quick idea for Shelfology","Hello! I came across Shelfology and your floating shelves, wall shelving, brackets really caught my attention.<br><br>My name is Ethan and I'm writing to you with a collaboration proposal.<br><br>I noticed a huge opportunity to increase your products sales through motion design (which has a proven impact on brand perception. 63% of people worldwide prefer watching a short video about a product before buying it.)<br><br>I specialize in motion design and I'd love to create a high-converting video for Shelfology.<br><br>Here's my <a href=""https://drive.google.com/drive/folders/1QL-_djO9K9sW-ETXCa_t53SuwNP0bOzl?usp=sharing"">portfolio</a><br><br>If you're interested, I'd be happy to discuss the details. I would greatly appreciate any feedback! Have a wonderful day.<br><br>Best regards,<br>Ethan"
"help@trnk-nyc.com","TRNK","quick idea for TRNK","Hello! I came across TRNK and your furniture, objects, wall art really caught my attention.<br><br>My name is Ethan and I'm writing to you with a collaboration proposal.<br><br>I noticed a huge opportunity to increase your products sales through motion design (which has a proven impact on brand perception. 63% of people worldwide prefer watching a short video about a product before buying it.)<br><br>I specialize in motion design and I'd love to create a high-converting video for TRNK.<br><br>Here's my <a href=""https://drive.google.com/drive/folders/1QL-_djO9K9sW-ETXCa_t53SuwNP0bOzl?usp=sharing"">portfolio</a><br><br>If you're interested, I'd be happy to discuss the details. I would greatly appreciate any feedback! Have a wonderful day.<br><br>Best regards,<br>Ethan"
"press@alabamasawyer.com","Alabama Sawyer","quick idea for Alabama Sawyer","Hello! I came across Alabama Sawyer and your reclaimed wood furniture really caught my attention.<br><br>My name is Ethan and I'm writing to you with a collaboration proposal.<br><br>I noticed a huge opportunity to increase your products sales through motion design (which has a proven impact on brand perception. 63% of people worldwide prefer watching a short video about a product before buying it.)<br><br>I specialize in motion design and I'd love to create a high-converting video for Alabama Sawyer.<br><br>Here's my <a href=""https://drive.google.com/drive/folders/1QL-_djO9K9sW-ETXCa_t53SuwNP0bOzl?usp=sharing"">portfolio</a><br><br>If you're interested, I'd be happy to discuss the details. I would greatly appreciate any feedback! Have a wonderful day.<br><br>Best regards,<br>Ethan"
"info@wwmake.com","What WE Make","quick idea for What WE Make","Hello! I came across What WE Make and your solid/reclaimed wood furniture, end & side tables really caught my attention.<br><br>My name is Ethan and I'm writing to you with a collaboration proposal.<br><br>I noticed a huge opportunity to increase your products sales through motion design (which has a proven impact on brand perception. 63% of people worldwide prefer watching a short video about a product before buying it.)<br><br>I specialize in motion design and I'd love to create a high-converting video for What WE Make.<br><br>Here's my <a href=""https://drive.google.com/drive/folders/1QL-_djO9K9sW-ETXCa_t53SuwNP0bOzl?usp=sharing"">portfolio</a><br><br>If you're interested, I'd be happy to discuss the details. I would greatly appreciate any feedback! Have a wonderful day.<br><br>Best regards,<br>Ethan"
"onlinesales@sticks.com","Sticks","quick idea for Sticks","Hello! I came across Sticks and your wall art, mirrors, handcrafted furniture really caught my attention.<br><br>My name is Ethan and I'm writing to you with a collaboration proposal.<br><br>I noticed a huge opportunity to increase your products sales through motion design (which has a proven impact on brand perception. 63% of people worldwide prefer watching a short video about a product before buying it.)<br><br>I specialize in motion design and I'd love to create a high-converting video for Sticks.<br><br>Here's my <a href=""https://drive.google.com/drive/folders/1QL-_djO9K9sW-ETXCa_t53SuwNP0bOzl?usp=sharing"">portfolio</a><br><br>If you're interested, I'd be happy to discuss the details. I would greatly appreciate any feedback! Have a wonderful day.<br><br>Best regards,<br>Ethan"
"info@eggcollective.com","Egg Collective","quick idea for Egg Collective","Hello! I came across Egg Collective and your furniture, mirrors, storage really caught my attention.<br><br>My name is Ethan and I'm writing to you with a collaboration proposal.<br><br>I noticed a huge opportunity to increase your products sales through motion design (which has a proven impact on brand perception. 63% of people worldwide prefer watching a short video about a product before buying it.)<br><br>I specialize in motion design and I'd love to create a high-converting video for Egg Collective.<br><br>Here's my <a href=""https://drive.google.com/drive/folders/1QL-_djO9K9sW-ETXCa_t53SuwNP0bOzl?usp=sharing"">portfolio</a><br><br>If you're interested, I'd be happy to discuss the details. I would greatly appreciate any feedback! Have a wonderful day.<br><br>Best regards,<br>Ethan"
"info@wesngoods.com","WESN","quick idea for WESN","Hello! I came across WESN and your pocket knives & edc tools really caught my attention.<br><br>My name is Ethan and I'm writing to you with a collaboration proposal.<br><br>I noticed a huge opportunity to increase your products sales through motion design (which has a proven impact on brand perception. 63% of people worldwide prefer watching a short video about a product before buying it.)<br><br>I specialize in motion design and I'd love to create a high-converting video for WESN.<br><br>Here's my <a href=""https://drive.google.com/drive/folders/1QL-_djO9K9sW-ETXCa_t53SuwNP0bOzl?usp=sharing"">portfolio</a><br><br>If you're interested, I'd be happy to discuss the details. I would greatly appreciate any feedback! Have a wonderful day.<br><br>Best regards,<br>Ethan"
"kochtoolsusa@gmail.com","Koch Tools Co.","quick idea for Koch Tools Co.","Hello! I came across Koch Tools Co. and your edc pocket tools, folding knives, keychain gadgets really caught my attention.<br><br>My name is Ethan and I'm writing to you with a collaboration proposal.<br><br>I noticed a huge opportunity to increase your products sales through motion design (which has a proven impact on brand perception. 63% of people worldwide prefer watching a short video about a product before buying it.)<br><br>I specialize in motion design and I'd love to create a high-converting video for Koch Tools Co..<br><br>Here's my <a href=""https://drive.google.com/drive/folders/1QL-_djO9K9sW-ETXCa_t53SuwNP0bOzl?usp=sharing"">portfolio</a><br><br>If you're interested, I'd be happy to discuss the details. I would greatly appreciate any feedback! Have a wonderful day.<br><br>Best regards,<br>Ethan"
"info@veroengineering.com","Vero Engineering","quick idea for Vero Engineering","Hello! I came across Vero Engineering and your precision-machined titanium edc tools & folding knives really caught my attention.<br><br>My name is Ethan and I'm writing to you with a collaboration proposal.<br><br>I noticed a huge opportunity to increase your products sales through motion design (which has a proven impact on brand perception. 63% of people worldwide prefer watching a short video about a product before buying it.)<br><br>I specialize in motion design and I'd love to create a high-converting video for Vero Engineering.<br><br>Here's my <a href=""https://drive.google.com/drive/folders/1QL-_djO9K9sW-ETXCa_t53SuwNP0bOzl?usp=sharing"">portfolio</a><br><br>If you're interested, I'd be happy to discuss the details. I would greatly appreciate any feedback! Have a wonderful day.<br><br>Best regards,<br>Ethan"
"offgrid@offgridknives.com","Off-Grid Knives","quick idea for Off-Grid Knives","Hello! I came across Off-Grid Knives and your affordable edc & camping folding knives really caught my attention.<br><br>My name is Ethan and I'm writing to you with a collaboration proposal.<br><br>I noticed a huge opportunity to increase your products sales through motion design (which has a proven impact on brand perception. 63% of people worldwide prefer watching a short video about a product before buying it.)<br><br>I specialize in motion design and I'd love to create a high-converting video for Off-Grid Knives.<br><br>Here's my <a href=""https://drive.google.com/drive/folders/1QL-_djO9K9sW-ETXCa_t53SuwNP0bOzl?usp=sharing"">portfolio</a><br><br>If you're interested, I'd be happy to discuss the details. I would greatly appreciate any feedback! Have a wonderful day.<br><br>Best regards,<br>Ethan"
"customerservice@kleckerknives.com","Klecker Knives","quick idea for Klecker Knives","Hello! I came across Klecker Knives and your folding knives, multitools & edc kits really caught my attention.<br><br>My name is Ethan and I'm writing to you with a collaboration proposal.<br><br>I noticed a huge opportunity to increase your products sales through motion design (which has a proven impact on brand perception. 63% of people worldwide prefer watching a short video about a product before buying it.)<br><br>I specialize in motion design and I'd love to create a high-converting video for Klecker Knives.<br><br>Here's my <a href=""https://drive.google.com/drive/folders/1QL-_djO9K9sW-ETXCa_t53SuwNP0bOzl?usp=sharing"">portfolio</a><br><br>If you're interested, I'd be happy to discuss the details. I would greatly appreciate any feedback! Have a wonderful day.<br><br>Best regards,<br>Ethan"
"support@mykeyport.com","Keyport","quick idea for Keyport","Hello! I came across Keyport and your modular keychain organizer / edc gadgets really caught my attention.<br><br>My name is Ethan and I'm writing to you with a collaboration proposal.<br><br>I noticed a huge opportunity to increase your products sales through motion design (which has a proven impact on brand perception. 63% of people worldwide prefer watching a short video about a product before buying it.)<br><br>I specialize in motion design and I'd love to create a high-converting video for Keyport.<br><br>Here's my <a href=""https://drive.google.com/drive/folders/1QL-_djO9K9sW-ETXCa_t53SuwNP0bOzl?usp=sharing"">portfolio</a><br><br>If you're interested, I'd be happy to discuss the details. I would greatly appreciate any feedback! Have a wonderful day.<br><br>Best regards,<br>Ethan"
"info@dawsonknives.com","Dawson Knives","quick idea for Dawson Knives","Hello! I came across Dawson Knives and your fixed-blade edc/hunting knives really caught my attention.<br><br>My name is Ethan and I'm writing to you with a collaboration proposal.<br><br>I noticed a huge opportunity to increase your products sales through motion design (which has a proven impact on brand perception. 63% of people worldwide prefer watching a short video about a product before buying it.)<br><br>I specialize in motion design and I'd love to create a high-converting video for Dawson Knives.<br><br>Here's my <a href=""https://drive.google.com/drive/folders/1QL-_djO9K9sW-ETXCa_t53SuwNP0bOzl?usp=sharing"">portfolio</a><br><br>If you're interested, I'd be happy to discuss the details. I would greatly appreciate any feedback! Have a wonderful day.<br><br>Best regards,<br>Ethan"
"info@halffaceblades.com","Half Face Blades","quick idea for Half Face Blades","Hello! I came across Half Face Blades and your veteran-owned handmade fixed-blade & folding knives really caught my attention.<br><br>My name is Ethan and I'm writing to you with a collaboration proposal.<br><br>I noticed a huge opportunity to increase your products sales through motion design (which has a proven impact on brand perception. 63% of people worldwide prefer watching a short video about a product before buying it.)<br><br>I specialize in motion design and I'd love to create a high-converting video for Half Face Blades.<br><br>Here's my <a href=""https://drive.google.com/drive/folders/1QL-_djO9K9sW-ETXCa_t53SuwNP0bOzl?usp=sharing"">portfolio</a><br><br>If you're interested, I'd be happy to discuss the details. I would greatly appreciate any feedback! Have a wonderful day.<br><br>Best regards,<br>Ethan"
"contact@spartanbladesusa.com","Spartan Blades","quick idea for Spartan Blades","Hello! I came across Spartan Blades and your veteran-owned tactical, combat & pocket knives really caught my attention.<br><br>My name is Ethan and I'm writing to you with a collaboration proposal.<br><br>I noticed a huge opportunity to increase your products sales through motion design (which has a proven impact on brand perception. 63% of people worldwide prefer watching a short video about a product before buying it.)<br><br>I specialize in motion design and I'd love to create a high-converting video for Spartan Blades.<br><br>Here's my <a href=""https://drive.google.com/drive/folders/1QL-_djO9K9sW-ETXCa_t53SuwNP0bOzl?usp=sharing"">portfolio</a><br><br>If you're interested, I'd be happy to discuss the details. I would greatly appreciate any feedback! Have a wonderful day.<br><br>Best regards,<br>Ethan"
"hello@maxmiabathco.com","Max & Mia Bath Co.","quick idea for Max & Mia Bath Co.","Hello! I came across Max & Mia Bath Co. and your bath bombs, bath salts, body scrubs, body butter really caught my attention.<br><br>My name is Ethan and I'm writing to you with a collaboration proposal.<br><br>I noticed a huge opportunity to increase your products sales through motion design (which has a proven impact on brand perception. 63% of people worldwide prefer watching a short video about a product before buying it.)<br><br>I specialize in motion design and I'd love to create a high-converting video for Max & Mia Bath Co..<br><br>Here's my <a href=""https://drive.google.com/drive/folders/1QL-_djO9K9sW-ETXCa_t53SuwNP0bOzl?usp=sharing"">portfolio</a><br><br>If you're interested, I'd be happy to discuss the details. I would greatly appreciate any feedback! Have a wonderful day.<br><br>Best regards,<br>Ethan"
"enquiries@sheffieldskincare.co.uk","Sheffield Skincare Company","quick idea for Sheffield Skincare Company","Hello! I came across Sheffield Skincare Company and your bath products, body scrubs, natural body care really caught my attention.<br><br>My name is Ethan and I'm writing to you with a collaboration proposal.<br><br>I noticed a huge opportunity to increase your products sales through motion design (which has a proven impact on brand perception. 63% of people worldwide prefer watching a short video about a product before buying it.)<br><br>I specialize in motion design and I'd love to create a high-converting video for Sheffield Skincare Company.<br><br>Here's my <a href=""https://drive.google.com/drive/folders/1QL-_djO9K9sW-ETXCa_t53SuwNP0bOzl?usp=sharing"">portfolio</a><br><br>If you're interested, I'd be happy to discuss the details. I would greatly appreciate any feedback! Have a wonderful day.<br><br>Best regards,<br>Ethan"
"sales@bathbubbleandbeyond.com","Bath Bubble & Beyond","quick idea for Bath Bubble & Beyond","Hello! I came across Bath Bubble & Beyond and your bath bombs, bath salts, bath marbles, shower gels really caught my attention.<br><br>My name is Ethan and I'm writing to you with a collaboration proposal.<br><br>I noticed a huge opportunity to increase your products sales through motion design (which has a proven impact on brand perception. 63% of people worldwide prefer watching a short video about a product before buying it.)<br><br>I specialize in motion design and I'd love to create a high-converting video for Bath Bubble & Beyond.<br><br>Here's my <a href=""https://drive.google.com/drive/folders/1QL-_djO9K9sW-ETXCa_t53SuwNP0bOzl?usp=sharing"">portfolio</a><br><br>If you're interested, I'd be happy to discuss the details. I would greatly appreciate any feedback! Have a wonderful day.<br><br>Best regards,<br>Ethan"
"info@bubbleandbathe.co.uk","Bubble & Bathe","quick idea for Bubble & Bathe","Hello! I came across Bubble & Bathe and your bath bombs, bath soaks, shower steamers, whipped soap really caught my attention.<br><br>My name is Ethan and I'm writing to you with a collaboration proposal.<br><br>I noticed a huge opportunity to increase your products sales through motion design (which has a proven impact on brand perception. 63% of people worldwide prefer watching a short video about a product before buying it.)<br><br>I specialize in motion design and I'd love to create a high-converting video for Bubble & Bathe.<br><br>Here's my <a href=""https://drive.google.com/drive/folders/1QL-_djO9K9sW-ETXCa_t53SuwNP0bOzl?usp=sharing"">portfolio</a><br><br>If you're interested, I'd be happy to discuss the details. I would greatly appreciate any feedback! Have a wonderful day.<br><br>Best regards,<br>Ethan"
"customer@edinburghskincare.com","The Edinburgh Natural Skincare Company","quick idea for The Edinburgh Natural Skincare Company","Hello! I came across The Edinburgh Natural Skincare Company and your bath products, body butter, natural body care really caught my attention.<br><br>My name is Ethan and I'm writing to you with a collaboration proposal.<br><br>I noticed a huge opportunity to increase your products sales through motion design (which has a proven impact on brand perception. 63% of people worldwide prefer watching a short video about a product before buying it.)<br><br>I specialize in motion design and I'd love to create a high-converting video for The Edinburgh Natural Skincare Company.<br><br>Here's my <a href=""https://drive.google.com/drive/folders/1QL-_djO9K9sW-ETXCa_t53SuwNP0bOzl?usp=sharing"">portfolio</a><br><br>If you're interested, I'd be happy to discuss the details. I would greatly appreciate any feedback! Have a wonderful day.<br><br>Best regards,<br>Ethan"
"hello@wearescintilla.com","Scintilla","quick idea for Scintilla","Hello! I came across Scintilla and your bath oils, natural self-care products really caught my attention.<br><br>My name is Ethan and I'm writing to you with a collaboration proposal.<br><br>I noticed a huge opportunity to increase your products sales through motion design (which has a proven impact on brand perception. 63% of people worldwide prefer watching a short video about a product before buying it.)<br><br>I specialize in motion design and I'd love to create a high-converting video for Scintilla.<br><br>Here's my <a href=""https://drive.google.com/drive/folders/1QL-_djO9K9sW-ETXCa_t53SuwNP0bOzl?usp=sharing"">portfolio</a><br><br>If you're interested, I'd be happy to discuss the details. I would greatly appreciate any feedback! Have a wonderful day.<br><br>Best regards,<br>Ethan"
"info@arthurbetsy.co.uk","Arthur Betsy","quick idea for Arthur Betsy","Hello! I came across Arthur Betsy and your bath salts, body products really caught my attention.<br><br>My name is Ethan and I'm writing to you with a collaboration proposal.<br><br>I noticed a huge opportunity to increase your products sales through motion design (which has a proven impact on brand perception. 63% of people worldwide prefer watching a short video about a product before buying it.)<br><br>I specialize in motion design and I'd love to create a high-converting video for Arthur Betsy.<br><br>Here's my <a href=""https://drive.google.com/drive/folders/1QL-_djO9K9sW-ETXCa_t53SuwNP0bOzl?usp=sharing"">portfolio</a><br><br>If you're interested, I'd be happy to discuss the details. I would greatly appreciate any feedback! Have a wonderful day.<br><br>Best regards,<br>Ethan"
"customerservice@sunnydazedecor.com","Sunnydaze Decor","quick idea for Sunnydaze Decor","Hello! I came across Sunnydaze Decor and your hammocks, patio & garden decor really caught my attention.<br><br>My name is Ethan and I'm writing to you with a collaboration proposal.<br><br>I noticed a huge opportunity to increase your products sales through motion design (which has a proven impact on brand perception. 63% of people worldwide prefer watching a short video about a product before buying it.)<br><br>I specialize in motion design and I'd love to create a high-converting video for Sunnydaze Decor.<br><br>Here's my <a href=""https://drive.google.com/drive/folders/1QL-_djO9K9sW-ETXCa_t53SuwNP0bOzl?usp=sharing"">portfolio</a><br><br>If you're interested, I'd be happy to discuss the details. I would greatly appreciate any feedback! Have a wonderful day.<br><br>Best regards,<br>Ethan"
"help@blisshammocks.com","Bliss Hammocks","quick idea for Bliss Hammocks","Hello! I came across Bliss Hammocks and your hammocks, hammock stands really caught my attention.<br><br>My name is Ethan and I'm writing to you with a collaboration proposal.<br><br>I noticed a huge opportunity to increase your products sales through motion design (which has a proven impact on brand perception. 63% of people worldwide prefer watching a short video about a product before buying it.)<br><br>I specialize in motion design and I'd love to create a high-converting video for Bliss Hammocks.<br><br>Here's my <a href=""https://drive.google.com/drive/folders/1QL-_djO9K9sW-ETXCa_t53SuwNP0bOzl?usp=sharing"">portfolio</a><br><br>If you're interested, I'd be happy to discuss the details. I would greatly appreciate any feedback! Have a wonderful day.<br><br>Best regards,<br>Ethan"
"sales@zipcushions.com","ZIPCushions","quick idea for ZIPCushions","Hello! I came across ZIPCushions and your custom outdoor patio cushions really caught my attention.<br><br>My name is Ethan and I'm writing to you with a collaboration proposal.<br><br>I noticed a huge opportunity to increase your products sales through motion design (which has a proven impact on brand perception. 63% of people worldwide prefer watching a short video about a product before buying it.)<br><br>I specialize in motion design and I'd love to create a high-converting video for ZIPCushions.<br><br>Here's my <a href=""https://drive.google.com/drive/folders/1QL-_djO9K9sW-ETXCa_t53SuwNP0bOzl?usp=sharing"">portfolio</a><br><br>If you're interested, I'd be happy to discuss the details. I would greatly appreciate any feedback! Have a wonderful day.<br><br>Best regards,<br>Ethan"
"occ.nickholder@gmail.com","Outdoor Custom Cushions","quick idea for Outdoor Custom Cushions","Hello! I came across Outdoor Custom Cushions and your custom outdoor cushions & covers really caught my attention.<br><br>My name is Ethan and I'm writing to you with a collaboration proposal.<br><br>I noticed a huge opportunity to increase your products sales through motion design (which has a proven impact on brand perception. 63% of people worldwide prefer watching a short video about a product before buying it.)<br><br>I specialize in motion design and I'd love to create a high-converting video for Outdoor Custom Cushions.<br><br>Here's my <a href=""https://drive.google.com/drive/folders/1QL-_djO9K9sW-ETXCa_t53SuwNP0bOzl?usp=sharing"">portfolio</a><br><br>If you're interested, I'd be happy to discuss the details. I would greatly appreciate any feedback! Have a wonderful day.<br><br>Best regards,<br>Ethan"
"support@grillaholics.com","Grillaholics","quick idea for Grillaholics","Hello! I came across Grillaholics and your grill tools & bbq accessories really caught my attention.<br><br>My name is Ethan and I'm writing to you with a collaboration proposal.<br><br>I noticed a huge opportunity to increase your products sales through motion design (which has a proven impact on brand perception. 63% of people worldwide prefer watching a short video about a product before buying it.)<br><br>I specialize in motion design and I'd love to create a high-converting video for Grillaholics.<br><br>Here's my <a href=""https://drive.google.com/drive/folders/1QL-_djO9K9sW-ETXCa_t53SuwNP0bOzl?usp=sharing"">portfolio</a><br><br>If you're interested, I'd be happy to discuss the details. I would greatly appreciate any feedback! Have a wonderful day.<br><br>Best regards,<br>Ethan"
"info@kickashbasket.com","Kick Ash Basket","quick idea for Kick Ash Basket","Hello! I came across Kick Ash Basket and your grill baskets, charcoal & smoker accessories really caught my attention.<br><br>My name is Ethan and I'm writing to you with a collaboration proposal.<br><br>I noticed a huge opportunity to increase your products sales through motion design (which has a proven impact on brand perception. 63% of people worldwide prefer watching a short video about a product before buying it.)<br><br>I specialize in motion design and I'd love to create a high-converting video for Kick Ash Basket.<br><br>Here's my <a href=""https://drive.google.com/drive/folders/1QL-_djO9K9sW-ETXCa_t53SuwNP0bOzl?usp=sharing"">portfolio</a><br><br>If you're interested, I'd be happy to discuss the details. I would greatly appreciate any feedback! Have a wonderful day.<br><br>Best regards,<br>Ethan"
"contact@modernpicnic.com","Modern Picnic","quick idea for Modern Picnic","Hello! I came across Modern Picnic and your insulated picnic/lunch totes and bags really caught my attention.<br><br>My name is Ethan and I'm writing to you with a collaboration proposal.<br><br>I noticed a huge opportunity to increase your products sales through motion design (which has a proven impact on brand perception. 63% of people worldwide prefer watching a short video about a product before buying it.)<br><br>I specialize in motion design and I'd love to create a high-converting video for Modern Picnic.<br><br>Here's my <a href=""https://drive.google.com/drive/folders/1QL-_djO9K9sW-ETXCa_t53SuwNP0bOzl?usp=sharing"">portfolio</a><br><br>If you're interested, I'd be happy to discuss the details. I would greatly appreciate any feedback! Have a wonderful day.<br><br>Best regards,<br>Ethan"
"support@cushionkings.com","CushionKings","quick idea for CushionKings","Hello! I came across CushionKings and your sunbrella replacement outdoor cushions really caught my attention.<br><br>My name is Ethan and I'm writing to you with a collaboration proposal.<br><br>I noticed a huge opportunity to increase your products sales through motion design (which has a proven impact on brand perception. 63% of people worldwide prefer watching a short video about a product before buying it.)<br><br>I specialize in motion design and I'd love to create a high-converting video for CushionKings.<br><br>Here's my <a href=""https://drive.google.com/drive/folders/1QL-_djO9K9sW-ETXCa_t53SuwNP0bOzl?usp=sharing"">portfolio</a><br><br>If you're interested, I'd be happy to discuss the details. I would greatly appreciate any feedback! Have a wonderful day.<br><br>Best regards,<br>Ethan"
"SunBrightLightingUS@gmail.com","Sun Bright Lighting","quick idea for Sun Bright Lighting","Hello! I came across Sun Bright Lighting and your bistro/string lights for patios really caught my attention.<br><br>My name is Ethan and I'm writing to you with a collaboration proposal.<br><br>I noticed a huge opportunity to increase your products sales through motion design (which has a proven impact on brand perception. 63% of people worldwide prefer watching a short video about a product before buying it.)<br><br>I specialize in motion design and I'd love to create a high-converting video for Sun Bright Lighting.<br><br>Here's my <a href=""https://drive.google.com/drive/folders/1QL-_djO9K9sW-ETXCa_t53SuwNP0bOzl?usp=sharing"">portfolio</a><br><br>If you're interested, I'd be happy to discuss the details. I would greatly appreciate any feedback! Have a wonderful day.<br><br>Best regards,<br>Ethan"
"cs@hlolighting.com","HLO Lighting","quick idea for HLO Lighting","Hello! I came across HLO Lighting and your patio string/café lights really caught my attention.<br><br>My name is Ethan and I'm writing to you with a collaboration proposal.<br><br>I noticed a huge opportunity to increase your products sales through motion design (which has a proven impact on brand perception. 63% of people worldwide prefer watching a short video about a product before buying it.)<br><br>I specialize in motion design and I'd love to create a high-converting video for HLO Lighting.<br><br>Here's my <a href=""https://drive.google.com/drive/folders/1QL-_djO9K9sW-ETXCa_t53SuwNP0bOzl?usp=sharing"">portfolio</a><br><br>If you're interested, I'd be happy to discuss the details. I would greatly appreciate any feedback! Have a wonderful day.<br><br>Best regards,<br>Ethan"
"customersupport@gardenreet.com","Gardenreet","quick idea for Gardenreet","Hello! I came across Gardenreet and your led string/bistro lights really caught my attention.<br><br>My name is Ethan and I'm writing to you with a collaboration proposal.<br><br>I noticed a huge opportunity to increase your products sales through motion design (which has a proven impact on brand perception. 63% of people worldwide prefer watching a short video about a product before buying it.)<br><br>I specialize in motion design and I'd love to create a high-converting video for Gardenreet.<br><br>Here's my <a href=""https://drive.google.com/drive/folders/1QL-_djO9K9sW-ETXCa_t53SuwNP0bOzl?usp=sharing"">portfolio</a><br><br>If you're interested, I'd be happy to discuss the details. I would greatly appreciate any feedback! Have a wonderful day.<br><br>Best regards,<br>Ethan"
"support@chimes.com","Woodstock Chimes","quick idea for Woodstock Chimes","Hello! I came across Woodstock Chimes and your wind chimes, garden decor really caught my attention.<br><br>My name is Ethan and I'm writing to you with a collaboration proposal.<br><br>I noticed a huge opportunity to increase your products sales through motion design (which has a proven impact on brand perception. 63% of people worldwide prefer watching a short video about a product before buying it.)<br><br>I specialize in motion design and I'd love to create a high-converting video for Woodstock Chimes.<br><br>Here's my <a href=""https://drive.google.com/drive/folders/1QL-_djO9K9sW-ETXCa_t53SuwNP0bOzl?usp=sharing"">portfolio</a><br><br>If you're interested, I'd be happy to discuss the details. I would greatly appreciate any feedback! Have a wonderful day.<br><br>Best regards,<br>Ethan"
"support@coverstore.com","Coverstore","quick idea for Coverstore","Hello! I came across Coverstore and your patio furniture & grill covers really caught my attention.<br><br>My name is Ethan and I'm writing to you with a collaboration proposal.<br><br>I noticed a huge opportunity to increase your products sales through motion design (which has a proven impact on brand perception. 63% of people worldwide prefer watching a short video about a product before buying it.)<br><br>I specialize in motion design and I'd love to create a high-converting video for Coverstore.<br><br>Here's my <a href=""https://drive.google.com/drive/folders/1QL-_djO9K9sW-ETXCa_t53SuwNP0bOzl?usp=sharing"">portfolio</a><br><br>If you're interested, I'd be happy to discuss the details. I would greatly appreciate any feedback! Have a wonderful day.<br><br>Best regards,<br>Ethan"
"shop@calmingflames.com","Calming Flames","quick idea for Calming Flames","Hello! I came across Calming Flames and your citronella & outdoor patio candles really caught my attention.<br><br>My name is Ethan and I'm writing to you with a collaboration proposal.<br><br>I noticed a huge opportunity to increase your products sales through motion design (which has a proven impact on brand perception. 63% of people worldwide prefer watching a short video about a product before buying it.)<br><br>I specialize in motion design and I'd love to create a high-converting video for Calming Flames.<br><br>Here's my <a href=""https://drive.google.com/drive/folders/1QL-_djO9K9sW-ETXCa_t53SuwNP0bOzl?usp=sharing"">portfolio</a><br><br>If you're interested, I'd be happy to discuss the details. I would greatly appreciate any feedback! Have a wonderful day.<br><br>Best regards,<br>Ethan"
"support@spaceaid.com","SpaceAid","quick idea for SpaceAid","Hello! I came across SpaceAid and your drawer dividers, closet & pantry organizers really caught my attention.<br><br>My name is Ethan and I'm writing to you with a collaboration proposal.<br><br>I noticed a huge opportunity to increase your products sales through motion design (which has a proven impact on brand perception. 63% of people worldwide prefer watching a short video about a product before buying it.)<br><br>I specialize in motion design and I'd love to create a high-converting video for SpaceAid.<br><br>Here's my <a href=""https://drive.google.com/drive/folders/1QL-_djO9K9sW-ETXCa_t53SuwNP0bOzl?usp=sharing"">portfolio</a><br><br>If you're interested, I'd be happy to discuss the details. I would greatly appreciate any feedback! Have a wonderful day.<br><br>Best regards,<br>Ethan"
"support@lifewit.com","Lifewit","quick idea for Lifewit","Hello! I came across Lifewit and your storage bins, drawer organizers, closet storage really caught my attention.<br><br>My name is Ethan and I'm writing to you with a collaboration proposal.<br><br>I noticed a huge opportunity to increase your products sales through motion design (which has a proven impact on brand perception. 63% of people worldwide prefer watching a short video about a product before buying it.)<br><br>I specialize in motion design and I'd love to create a high-converting video for Lifewit.<br><br>Here's my <a href=""https://drive.google.com/drive/folders/1QL-_djO9K9sW-ETXCa_t53SuwNP0bOzl?usp=sharing"">portfolio</a><br><br>If you're interested, I'd be happy to discuss the details. I would greatly appreciate any feedback! Have a wonderful day.<br><br>Best regards,<br>Ethan"
"support@casafield.com","Casafield","quick idea for Casafield","Hello! I came across Casafield and your woven storage baskets & bins really caught my attention.<br><br>My name is Ethan and I'm writing to you with a collaboration proposal.<br><br>I noticed a huge opportunity to increase your products sales through motion design (which has a proven impact on brand perception. 63% of people worldwide prefer watching a short video about a product before buying it.)<br><br>I specialize in motion design and I'd love to create a high-converting video for Casafield.<br><br>Here's my <a href=""https://drive.google.com/drive/folders/1QL-_djO9K9sW-ETXCa_t53SuwNP0bOzl?usp=sharing"">portfolio</a><br><br>If you're interested, I'd be happy to discuss the details. I would greatly appreciate any feedback! Have a wonderful day.<br><br>Best regards,<br>Ethan"
"support@sorbushome.com","Sorbus Home","quick idea for Sorbus Home","Hello! I came across Sorbus Home and your storage bins, closet & clothing organization really caught my attention.<br><br>My name is Ethan and I'm writing to you with a collaboration proposal.<br><br>I noticed a huge opportunity to increase your products sales through motion design (which has a proven impact on brand perception. 63% of people worldwide prefer watching a short video about a product before buying it.)<br><br>I specialize in motion design and I'd love to create a high-converting video for Sorbus Home.<br><br>Here's my <a href=""https://drive.google.com/drive/folders/1QL-_djO9K9sW-ETXCa_t53SuwNP0bOzl?usp=sharing"">portfolio</a><br><br>If you're interested, I'd be happy to discuss the details. I would greatly appreciate any feedback! Have a wonderful day.<br><br>Best regards,<br>Ethan"
"support@binoproducts.com","BINO","quick idea for BINO","Hello! I came across BINO and your stackable storage bins & drawers really caught my attention.<br><br>My name is Ethan and I'm writing to you with a collaboration proposal.<br><br>I noticed a huge opportunity to increase your products sales through motion design (which has a proven impact on brand perception. 63% of people worldwide prefer watching a short video about a product before buying it.)<br><br>I specialize in motion design and I'd love to create a high-converting video for BINO.<br><br>Here's my <a href=""https://drive.google.com/drive/folders/1QL-_djO9K9sW-ETXCa_t53SuwNP0bOzl?usp=sharing"">portfolio</a><br><br>If you're interested, I'd be happy to discuss the details. I would greatly appreciate any feedback! Have a wonderful day.<br><br>Best regards,<br>Ethan"
"hello@walleryco.com","Wallery","quick idea for Wallery","Hello! I came across Wallery and your pantry & spice labels really caught my attention.<br><br>My name is Ethan and I'm writing to you with a collaboration proposal.<br><br>I noticed a huge opportunity to increase your products sales through motion design (which has a proven impact on brand perception. 63% of people worldwide prefer watching a short video about a product before buying it.)<br><br>I specialize in motion design and I'd love to create a high-converting video for Wallery.<br><br>Here's my <a href=""https://drive.google.com/drive/folders/1QL-_djO9K9sW-ETXCa_t53SuwNP0bOzl?usp=sharing"">portfolio</a><br><br>If you're interested, I'd be happy to discuss the details. I would greatly appreciate any feedback! Have a wonderful day.<br><br>Best regards,<br>Ethan"
"support@savvyandsorted.com","Savvy & Sorted","quick idea for Savvy & Sorted","Hello! I came across Savvy & Sorted and your pantry, spice & storage bin labels really caught my attention.<br><br>My name is Ethan and I'm writing to you with a collaboration proposal.<br><br>I noticed a huge opportunity to increase your products sales through motion design (which has a proven impact on brand perception. 63% of people worldwide prefer watching a short video about a product before buying it.)<br><br>I specialize in motion design and I'd love to create a high-converting video for Savvy & Sorted.<br><br>Here's my <a href=""https://drive.google.com/drive/folders/1QL-_djO9K9sW-ETXCa_t53SuwNP0bOzl?usp=sharing"">portfolio</a><br><br>If you're interested, I'd be happy to discuss the details. I would greatly appreciate any feedback! Have a wonderful day.<br><br>Best regards,<br>Ethan"
"info@delamu.com","Delamu","quick idea for Delamu","Hello! I came across Delamu and your wire storage baskets & cable/cord organizers really caught my attention.<br><br>My name is Ethan and I'm writing to you with a collaboration proposal.<br><br>I noticed a huge opportunity to increase your products sales through motion design (which has a proven impact on brand perception. 63% of people worldwide prefer watching a short video about a product before buying it.)<br><br>I specialize in motion design and I'd love to create a high-converting video for Delamu.<br><br>Here's my <a href=""https://drive.google.com/drive/folders/1QL-_djO9K9sW-ETXCa_t53SuwNP0bOzl?usp=sharing"">portfolio</a><br><br>If you're interested, I'd be happy to discuss the details. I would greatly appreciate any feedback! Have a wonderful day.<br><br>Best regards,<br>Ethan"
"shopmagiccloset@gmail.com","Magic Closets","quick idea for Magic Closets","Hello! I came across Magic Closets and your drawer organizers & dividers really caught my attention.<br><br>My name is Ethan and I'm writing to you with a collaboration proposal.<br><br>I noticed a huge opportunity to increase your products sales through motion design (which has a proven impact on brand perception. 63% of people worldwide prefer watching a short video about a product before buying it.)<br><br>I specialize in motion design and I'd love to create a high-converting video for Magic Closets.<br><br>Here's my <a href=""https://drive.google.com/drive/folders/1QL-_djO9K9sW-ETXCa_t53SuwNP0bOzl?usp=sharing"">portfolio</a><br><br>If you're interested, I'd be happy to discuss the details. I would greatly appreciate any feedback! Have a wonderful day.<br><br>Best regards,<br>Ethan"
"info@homeries.com","Homeries","quick idea for Homeries","Hello! I came across Homeries and your pantry & fridge organizer bins really caught my attention.<br><br>My name is Ethan and I'm writing to you with a collaboration proposal.<br><br>I noticed a huge opportunity to increase your products sales through motion design (which has a proven impact on brand perception. 63% of people worldwide prefer watching a short video about a product before buying it.)<br><br>I specialize in motion design and I'd love to create a high-converting video for Homeries.<br><br>Here's my <a href=""https://drive.google.com/drive/folders/1QL-_djO9K9sW-ETXCa_t53SuwNP0bOzl?usp=sharing"">portfolio</a><br><br>If you're interested, I'd be happy to discuss the details. I would greatly appreciate any feedback! Have a wonderful day.<br><br>Best regards,<br>Ethan"
"sales@econour.com","EcoNour","quick idea for EcoNour","Hello! I came across EcoNour and your car windshield sunshades / interior accessories really caught my attention.<br><br>My name is Ethan and I'm writing to you with a collaboration proposal.<br><br>I noticed a huge opportunity to increase your products sales through motion design (which has a proven impact on brand perception. 63% of people worldwide prefer watching a short video about a product before buying it.)<br><br>I specialize in motion design and I'd love to create a high-converting video for EcoNour.<br><br>Here's my <a href=""https://drive.google.com/drive/folders/1QL-_djO9K9sW-ETXCa_t53SuwNP0bOzl?usp=sharing"">portfolio</a><br><br>If you're interested, I'd be happy to discuss the details. I would greatly appreciate any feedback! Have a wonderful day.<br><br>Best regards,<br>Ethan"
"services@coverado.com","Coverado","quick idea for Coverado","Hello! I came across Coverado and your car seat covers, floor mats, console organizers really caught my attention.<br><br>My name is Ethan and I'm writing to you with a collaboration proposal.<br><br>I noticed a huge opportunity to increase your products sales through motion design (which has a proven impact on brand perception. 63% of people worldwide prefer watching a short video about a product before buying it.)<br><br>I specialize in motion design and I'd love to create a high-converting video for Coverado.<br><br>Here's my <a href=""https://drive.google.com/drive/folders/1QL-_djO9K9sW-ETXCa_t53SuwNP0bOzl?usp=sharing"">portfolio</a><br><br>If you're interested, I'd be happy to discuss the details. I would greatly appreciate any feedback! Have a wonderful day.<br><br>Best regards,<br>Ethan"
"service@vanmasslife.com","VANMASS","quick idea for VANMASS","Hello! I came across VANMASS and your car phone mounts really caught my attention.<br><br>My name is Ethan and I'm writing to you with a collaboration proposal.<br><br>I noticed a huge opportunity to increase your products sales through motion design (which has a proven impact on brand perception. 63% of people worldwide prefer watching a short video about a product before buying it.)<br><br>I specialize in motion design and I'd love to create a high-converting video for VANMASS.<br><br>Here's my <a href=""https://drive.google.com/drive/folders/1QL-_djO9K9sW-ETXCa_t53SuwNP0bOzl?usp=sharing"">portfolio</a><br><br>If you're interested, I'd be happy to discuss the details. I would greatly appreciate any feedback! Have a wonderful day.<br><br>Best regards,<br>Ethan"
"customersupport@gofortem.com","FORTEM","quick idea for FORTEM","Hello! I came across FORTEM and your trunk/cargo organizers really caught my attention.<br><br>My name is Ethan and I'm writing to you with a collaboration proposal.<br><br>I noticed a huge opportunity to increase your products sales through motion design (which has a proven impact on brand perception. 63% of people worldwide prefer watching a short video about a product before buying it.)<br><br>I specialize in motion design and I'd love to create a high-converting video for FORTEM.<br><br>Here's my <a href=""https://drive.google.com/drive/folders/1QL-_djO9K9sW-ETXCa_t53SuwNP0bOzl?usp=sharing"">portfolio</a><br><br>If you're interested, I'd be happy to discuss the details. I would greatly appreciate any feedback! Have a wonderful day.<br><br>Best regards,<br>Ethan"
"support@basenor.com","BASENOR","quick idea for BASENOR","Hello! I came across BASENOR and your tesla trunk and console organizers really caught my attention.<br><br>My name is Ethan and I'm writing to you with a collaboration proposal.<br><br>I noticed a huge opportunity to increase your products sales through motion design (which has a proven impact on brand perception. 63% of people worldwide prefer watching a short video about a product before buying it.)<br><br>I specialize in motion design and I'd love to create a high-converting video for BASENOR.<br><br>Here's my <a href=""https://drive.google.com/drive/folders/1QL-_djO9K9sW-ETXCa_t53SuwNP0bOzl?usp=sharing"">portfolio</a><br><br>If you're interested, I'd be happy to discuss the details. I would greatly appreciate any feedback! Have a wonderful day.<br><br>Best regards,<br>Ethan"
"support@lamicall.com","Lamicall","quick idea for Lamicall","Hello! I came across Lamicall and your car phone mounts / phone stands really caught my attention.<br><br>My name is Ethan and I'm writing to you with a collaboration proposal.<br><br>I noticed a huge opportunity to increase your products sales through motion design (which has a proven impact on brand perception. 63% of people worldwide prefer watching a short video about a product before buying it.)<br><br>I specialize in motion design and I'd love to create a high-converting video for Lamicall.<br><br>Here's my <a href=""https://drive.google.com/drive/folders/1QL-_djO9K9sW-ETXCa_t53SuwNP0bOzl?usp=sharing"">portfolio</a><br><br>If you're interested, I'd be happy to discuss the details. I would greatly appreciate any feedback! Have a wonderful day.<br><br>Best regards,<br>Ethan"
"support@ototodesign.com","Ototo Design","quick idea for Ototo Design","Hello! I came across Ototo Design and your novelty kitchen gadgets & tools really caught my attention.<br><br>My name is Ethan and I'm writing to you with a collaboration proposal.<br><br>I noticed a huge opportunity to increase your products sales through motion design (which has a proven impact on brand perception. 63% of people worldwide prefer watching a short video about a product before buying it.)<br><br>I specialize in motion design and I'd love to create a high-converting video for Ototo Design.<br><br>Here's my <a href=""https://drive.google.com/drive/folders/1QL-_djO9K9sW-ETXCa_t53SuwNP0bOzl?usp=sharing"">portfolio</a><br><br>If you're interested, I'd be happy to discuss the details. I would greatly appreciate any feedback! Have a wonderful day.<br><br>Best regards,<br>Ethan"
"hello@fullstarkitchenware.com","Fullstar Kitchenware","quick idea for Fullstar Kitchenware","Hello! I came across Fullstar Kitchenware and your vegetable choppers, slicers & spiralizers really caught my attention.<br><br>My name is Ethan and I'm writing to you with a collaboration proposal.<br><br>I noticed a huge opportunity to increase your products sales through motion design (which has a proven impact on brand perception. 63% of people worldwide prefer watching a short video about a product before buying it.)<br><br>I specialize in motion design and I'd love to create a high-converting video for Fullstar Kitchenware.<br><br>Here's my <a href=""https://drive.google.com/drive/folders/1QL-_djO9K9sW-ETXCa_t53SuwNP0bOzl?usp=sharing"">portfolio</a><br><br>If you're interested, I'd be happy to discuss the details. I would greatly appreciate any feedback! Have a wonderful day.<br><br>Best regards,<br>Ethan"
"hello@gorillagrip.com","Gorilla Grip","quick idea for Gorilla Grip","Hello! I came across Gorilla Grip and your kitchen tools & organizers really caught my attention.<br><br>My name is Ethan and I'm writing to you with a collaboration proposal.<br><br>I noticed a huge opportunity to increase your products sales through motion design (which has a proven impact on brand perception. 63% of people worldwide prefer watching a short video about a product before buying it.)<br><br>I specialize in motion design and I'd love to create a high-converting video for Gorilla Grip.<br><br>Here's my <a href=""https://drive.google.com/drive/folders/1QL-_djO9K9sW-ETXCa_t53SuwNP0bOzl?usp=sharing"">portfolio</a><br><br>If you're interested, I'd be happy to discuss the details. I would greatly appreciate any feedback! Have a wonderful day.<br><br>Best regards,<br>Ethan"
"sara@360knifeblock.com","360 Knife Block","quick idea for 360 Knife Block","Hello! I came across 360 Knife Block and your magnetic rotating knife block / knife storage really caught my attention.<br><br>My name is Ethan and I'm writing to you with a collaboration proposal.<br><br>I noticed a huge opportunity to increase your products sales through motion design (which has a proven impact on brand perception. 63% of people worldwide prefer watching a short video about a product before buying it.)<br><br>I specialize in motion design and I'd love to create a high-converting video for 360 Knife Block.<br><br>Here's my <a href=""https://drive.google.com/drive/folders/1QL-_djO9K9sW-ETXCa_t53SuwNP0bOzl?usp=sharing"">portfolio</a><br><br>If you're interested, I'd be happy to discuss the details. I would greatly appreciate any feedback! Have a wonderful day.<br><br>Best regards,<br>Ethan"
"info@prepara.com","Prepara","quick idea for Prepara","Hello! I came across Prepara and your kitchen gadgets & storage really caught my attention.<br><br>My name is Ethan and I'm writing to you with a collaboration proposal.<br><br>I noticed a huge opportunity to increase your products sales through motion design (which has a proven impact on brand perception. 63% of people worldwide prefer watching a short video about a product before buying it.)<br><br>I specialize in motion design and I'd love to create a high-converting video for Prepara.<br><br>Here's my <a href=""https://drive.google.com/drive/folders/1QL-_djO9K9sW-ETXCa_t53SuwNP0bOzl?usp=sharing"">portfolio</a><br><br>If you're interested, I'd be happy to discuss the details. I would greatly appreciate any feedback! Have a wonderful day.<br><br>Best regards,<br>Ethan"
"info@joyjolt.com","JoyJolt","quick idea for JoyJolt","Hello! I came across JoyJolt and your glass food storage containers & meal-prep sets really caught my attention.<br><br>My name is Ethan and I'm writing to you with a collaboration proposal.<br><br>I noticed a huge opportunity to increase your products sales through motion design (which has a proven impact on brand perception. 63% of people worldwide prefer watching a short video about a product before buying it.)<br><br>I specialize in motion design and I'd love to create a high-converting video for JoyJolt.<br><br>Here's my <a href=""https://drive.google.com/drive/folders/1QL-_djO9K9sW-ETXCa_t53SuwNP0bOzl?usp=sharing"">portfolio</a><br><br>If you're interested, I'd be happy to discuss the details. I would greatly appreciate any feedback! Have a wonderful day.<br><br>Best regards,<br>Ethan"
"customerservice@rsvp-intl.com","RSVP International","quick idea for RSVP International","Hello! I came across RSVP International and your kitchen helpers & prep utensils really caught my attention.<br><br>My name is Ethan and I'm writing to you with a collaboration proposal.<br><br>I noticed a huge opportunity to increase your products sales through motion design (which has a proven impact on brand perception. 63% of people worldwide prefer watching a short video about a product before buying it.)<br><br>I specialize in motion design and I'd love to create a high-converting video for RSVP International.<br><br>Here's my <a href=""https://drive.google.com/drive/folders/1QL-_djO9K9sW-ETXCa_t53SuwNP0bOzl?usp=sharing"">portfolio</a><br><br>If you're interested, I'd be happy to discuss the details. I would greatly appreciate any feedback! Have a wonderful day.<br><br>Best regards,<br>Ethan"
"sales@thespicyshelf.com","Spicy Shelf (Spicy Life LLC)","quick idea for Spicy Shelf (Spicy Life LLC)","Hello! I came across Spicy Shelf (Spicy Life LLC) and your expandable spice rack & cabinet/pantry organizer really caught my attention.<br><br>My name is Ethan and I'm writing to you with a collaboration proposal.<br><br>I noticed a huge opportunity to increase your products sales through motion design (which has a proven impact on brand perception. 63% of people worldwide prefer watching a short video about a product before buying it.)<br><br>I specialize in motion design and I'd love to create a high-converting video for Spicy Shelf (Spicy Life LLC).<br><br>Here's my <a href=""https://drive.google.com/drive/folders/1QL-_djO9K9sW-ETXCa_t53SuwNP0bOzl?usp=sharing"">portfolio</a><br><br>If you're interested, I'd be happy to discuss the details. I would greatly appreciate any feedback! Have a wonderful day.<br><br>Best regards,<br>Ethan"
"support@humancentric.com","HumanCentric","quick idea for HumanCentric","Hello! I came across HumanCentric and your desk shelf / monitor stand organizer really caught my attention.<br><br>My name is Ethan and I'm writing to you with a collaboration proposal.<br><br>I noticed a huge opportunity to increase your products sales through motion design (which has a proven impact on brand perception. 63% of people worldwide prefer watching a short video about a product before buying it.)<br><br>I specialize in motion design and I'd love to create a high-converting video for HumanCentric.<br><br>Here's my <a href=""https://drive.google.com/drive/folders/1QL-_djO9K9sW-ETXCa_t53SuwNP0bOzl?usp=sharing"">portfolio</a><br><br>If you're interested, I'd be happy to discuss the details. I would greatly appreciate any feedback! Have a wonderful day.<br><br>Best regards,<br>Ethan"
"support@smartish.com","Smartish (Cable Wrangler)","quick idea for Smartish (Cable Wrangler)","Hello! I came across Smartish (Cable Wrangler) and your magnetic cable/cord organizer really caught my attention.<br><br>My name is Ethan and I'm writing to you with a collaboration proposal.<br><br>I noticed a huge opportunity to increase your products sales through motion design (which has a proven impact on brand perception. 63% of people worldwide prefer watching a short video about a product before buying it.)<br><br>I specialize in motion design and I'd love to create a high-converting video for Smartish (Cable Wrangler).<br><br>Here's my <a href=""https://drive.google.com/drive/folders/1QL-_djO9K9sW-ETXCa_t53SuwNP0bOzl?usp=sharing"">portfolio</a><br><br>If you're interested, I'd be happy to discuss the details. I would greatly appreciate any feedback! Have a wonderful day.<br><br>Best regards,<br>Ethan"
"vaydeervip@outlook.com","Vaydeer","quick idea for Vaydeer","Hello! I came across Vaydeer and your monitor riser / desk organizer really caught my attention.<br><br>My name is Ethan and I'm writing to you with a collaboration proposal.<br><br>I noticed a huge opportunity to increase your products sales through motion design (which has a proven impact on brand perception. 63% of people worldwide prefer watching a short video about a product before buying it.)<br><br>I specialize in motion design and I'd love to create a high-converting video for Vaydeer.<br><br>Here's my <a href=""https://drive.google.com/drive/folders/1QL-_djO9K9sW-ETXCa_t53SuwNP0bOzl?usp=sharing"">portfolio</a><br><br>If you're interested, I'd be happy to discuss the details. I would greatly appreciate any feedback! Have a wonderful day.<br><br>Best regards,<br>Ethan"
"cs@walielectric.com","WALI (Wali Electric)","quick idea for WALI (Wali Electric)","Hello! I came across WALI (Wali Electric) and your monitor stand riser / desk organizer really caught my attention.<br><br>My name is Ethan and I'm writing to you with a collaboration proposal.<br><br>I noticed a huge opportunity to increase your products sales through motion design (which has a proven impact on brand perception. 63% of people worldwide prefer watching a short video about a product before buying it.)<br><br>I specialize in motion design and I'd love to create a high-converting video for WALI (Wali Electric).<br><br>Here's my <a href=""https://drive.google.com/drive/folders/1QL-_djO9K9sW-ETXCa_t53SuwNP0bOzl?usp=sharing"">portfolio</a><br><br>If you're interested, I'd be happy to discuss the details. I would greatly appreciate any feedback! Have a wonderful day.<br><br>Best regards,<br>Ethan"
"support@teslyar.com","TESLYAR","quick idea for TESLYAR","Hello! I came across TESLYAR and your wooden desk organizer / docking station really caught my attention.<br><br>My name is Ethan and I'm writing to you with a collaboration proposal.<br><br>I noticed a huge opportunity to increase your products sales through motion design (which has a proven impact on brand perception. 63% of people worldwide prefer watching a short video about a product before buying it.)<br><br>I specialize in motion design and I'd love to create a high-converting video for TESLYAR.<br><br>Here's my <a href=""https://drive.google.com/drive/folders/1QL-_djO9K9sW-ETXCa_t53SuwNP0bOzl?usp=sharing"">portfolio</a><br><br>If you're interested, I'd be happy to discuss the details. I would greatly appreciate any feedback! Have a wonderful day.<br><br>Best regards,<br>Ethan"
"flow@fluidstance.com","FluidStance","quick idea for FluidStance","Hello! I came across FluidStance and your cork desk organizer really caught my attention.<br><br>My name is Ethan and I'm writing to you with a collaboration proposal.<br><br>I noticed a huge opportunity to increase your products sales through motion design (which has a proven impact on brand perception. 63% of people worldwide prefer watching a short video about a product before buying it.)<br><br>I specialize in motion design and I'd love to create a high-converting video for FluidStance.<br><br>Here's my <a href=""https://drive.google.com/drive/folders/1QL-_djO9K9sW-ETXCa_t53SuwNP0bOzl?usp=sharing"">portfolio</a><br><br>If you're interested, I'd be happy to discuss the details. I would greatly appreciate any feedback! Have a wonderful day.<br><br>Best regards,<br>Ethan"
"support@mount-it.com","Mount-It!","quick idea for Mount-It!","Hello! I came across Mount-It! and your monitor arm / desk mount organizer really caught my attention.<br><br>My name is Ethan and I'm writing to you with a collaboration proposal.<br><br>I noticed a huge opportunity to increase your products sales through motion design (which has a proven impact on brand perception. 63% of people worldwide prefer watching a short video about a product before buying it.)<br><br>I specialize in motion design and I'd love to create a high-converting video for Mount-It!.<br><br>Here's my <a href=""https://drive.google.com/drive/folders/1QL-_djO9K9sW-ETXCa_t53SuwNP0bOzl?usp=sharing"">portfolio</a><br><br>If you're interested, I'd be happy to discuss the details. I would greatly appreciate any feedback! Have a wonderful day.<br><br>Best regards,<br>Ethan"
"press@hawkinsnewyork.com","Hawkins New York","quick idea for Hawkins New York","Hello! I came across Hawkins New York and your desk accessories really caught my attention.<br><br>My name is Ethan and I'm writing to you with a collaboration proposal.<br><br>I noticed a huge opportunity to increase your products sales through motion design (which has a proven impact on brand perception. 63% of people worldwide prefer watching a short video about a product before buying it.)<br><br>I specialize in motion design and I'd love to create a high-converting video for Hawkins New York.<br><br>Here's my <a href=""https://drive.google.com/drive/folders/1QL-_djO9K9sW-ETXCa_t53SuwNP0bOzl?usp=sharing"">portfolio</a><br><br>If you're interested, I'd be happy to discuss the details. I would greatly appreciate any feedback! Have a wonderful day.<br><br>Best regards,<br>Ethan"
"help@desky.com","Desky","quick idea for Desky","Hello! I came across Desky and your cable management / desk organization really caught my attention.<br><br>My name is Ethan and I'm writing to you with a collaboration proposal.<br><br>I noticed a huge opportunity to increase your products sales through motion design (which has a proven impact on brand perception. 63% of people worldwide prefer watching a short video about a product before buying it.)<br><br>I specialize in motion design and I'd love to create a high-converting video for Desky.<br><br>Here's my <a href=""https://drive.google.com/drive/folders/1QL-_djO9K9sW-ETXCa_t53SuwNP0bOzl?usp=sharing"">portfolio</a><br><br>If you're interested, I'd be happy to discuss the details. I would greatly appreciate any feedback! Have a wonderful day.<br><br>Best regards,<br>Ethan"
"hello@branchfurniture.com","Branch Furniture","quick idea for Branch Furniture","Hello! I came across Branch Furniture and your cable organizer / desk accessories really caught my attention.<br><br>My name is Ethan and I'm writing to you with a collaboration proposal.<br><br>I noticed a huge opportunity to increase your products sales through motion design (which has a proven impact on brand perception. 63% of people worldwide prefer watching a short video about a product before buying it.)<br><br>I specialize in motion design and I'd love to create a high-converting video for Branch Furniture.<br><br>Here's my <a href=""https://drive.google.com/drive/folders/1QL-_djO9K9sW-ETXCa_t53SuwNP0bOzl?usp=sharing"">portfolio</a><br><br>If you're interested, I'd be happy to discuss the details. I would greatly appreciate any feedback! Have a wonderful day.<br><br>Best regards,<br>Ethan"
"cs@elago.com","elago","quick idea for elago","Hello! I came across elago and your magnetic desk mat / cable organizer really caught my attention.<br><br>My name is Ethan and I'm writing to you with a collaboration proposal.<br><br>I noticed a huge opportunity to increase your products sales through motion design (which has a proven impact on brand perception. 63% of people worldwide prefer watching a short video about a product before buying it.)<br><br>I specialize in motion design and I'd love to create a high-converting video for elago.<br><br>Here's my <a href=""https://drive.google.com/drive/folders/1QL-_djO9K9sW-ETXCa_t53SuwNP0bOzl?usp=sharing"">portfolio</a><br><br>If you're interested, I'd be happy to discuss the details. I would greatly appreciate any feedback! Have a wonderful day.<br><br>Best regards,<br>Ethan"
"returns@raindesigninc.com","Rain Design","quick idea for Rain Design","Hello! I came across Rain Design and your laptop/monitor riser stand really caught my attention.<br><br>My name is Ethan and I'm writing to you with a collaboration proposal.<br><br>I noticed a huge opportunity to increase your products sales through motion design (which has a proven impact on brand perception. 63% of people worldwide prefer watching a short video about a product before buying it.)<br><br>I specialize in motion design and I'd love to create a high-converting video for Rain Design.<br><br>Here's my <a href=""https://drive.google.com/drive/folders/1QL-_djO9K9sW-ETXCa_t53SuwNP0bOzl?usp=sharing"">portfolio</a><br><br>If you're interested, I'd be happy to discuss the details. I would greatly appreciate any feedback! Have a wonderful day.<br><br>Best regards,<br>Ethan"
"us_support@jellycomb.com","Jelly Comb","quick idea for Jelly Comb","Hello! I came across Jelly Comb and your monitor stand riser with organizer drawer really caught my attention.<br><br>My name is Ethan and I'm writing to you with a collaboration proposal.<br><br>I noticed a huge opportunity to increase your products sales through motion design (which has a proven impact on brand perception. 63% of people worldwide prefer watching a short video about a product before buying it.)<br><br>I specialize in motion design and I'd love to create a high-converting video for Jelly Comb.<br><br>Here's my <a href=""https://drive.google.com/drive/folders/1QL-_djO9K9sW-ETXCa_t53SuwNP0bOzl?usp=sharing"">portfolio</a><br><br>If you're interested, I'd be happy to discuss the details. I would greatly appreciate any feedback! Have a wonderful day.<br><br>Best regards,<br>Ethan"
"support@huanuo.com","HUANUO","quick idea for HUANUO","Hello! I came across HUANUO and your monitor arm / stand really caught my attention.<br><br>My name is Ethan and I'm writing to you with a collaboration proposal.<br><br>I noticed a huge opportunity to increase your products sales through motion design (which has a proven impact on brand perception. 63% of people worldwide prefer watching a short video about a product before buying it.)<br><br>I specialize in motion design and I'd love to create a high-converting video for HUANUO.<br><br>Here's my <a href=""https://drive.google.com/drive/folders/1QL-_djO9K9sW-ETXCa_t53SuwNP0bOzl?usp=sharing"">portfolio</a><br><br>If you're interested, I'd be happy to discuss the details. I would greatly appreciate any feedback! Have a wonderful day.<br><br>Best regards,<br>Ethan"
"north-bayou.com@merchmailservice.com","North Bayou","quick idea for North Bayou","Hello! I came across North Bayou and your monitor arm / desk mount really caught my attention.<br><br>My name is Ethan and I'm writing to you with a collaboration proposal.<br><br>I noticed a huge opportunity to increase your products sales through motion design (which has a proven impact on brand perception. 63% of people worldwide prefer watching a short video about a product before buying it.)<br><br>I specialize in motion design and I'd love to create a high-converting video for North Bayou.<br><br>Here's my <a href=""https://drive.google.com/drive/folders/1QL-_djO9K9sW-ETXCa_t53SuwNP0bOzl?usp=sharing"">portfolio</a><br><br>If you're interested, I'd be happy to discuss the details. I would greatly appreciate any feedback! Have a wonderful day.<br><br>Best regards,<br>Ethan"
"support@godefroybeauty.com","Godefroy Beauty","quick idea for Godefroy Beauty","Hello! I came across Godefroy Beauty and your eyebrow tinting & grooming tool kits really caught my attention.<br><br>My name is Ethan and I'm writing to you with a collaboration proposal.<br><br>I noticed a huge opportunity to increase your products sales through motion design (which has a proven impact on brand perception. 63% of people worldwide prefer watching a short video about a product before buying it.)<br><br>I specialize in motion design and I'd love to create a high-converting video for Godefroy Beauty.<br><br>Here's my <a href=""https://drive.google.com/drive/folders/1QL-_djO9K9sW-ETXCa_t53SuwNP0bOzl?usp=sharing"">portfolio</a><br><br>If you're interested, I'd be happy to discuss the details. I would greatly appreciate any feedback! Have a wonderful day.<br><br>Best regards,<br>Ethan"
"customerservice@spasciences.com","Spa Sciences","quick idea for Spa Sciences","Hello! I came across Spa Sciences and your facial cleansing device really caught my attention.<br><br>My name is Ethan and I'm writing to you with a collaboration proposal.<br><br>I noticed a huge opportunity to increase your products sales through motion design (which has a proven impact on brand perception. 63% of people worldwide prefer watching a short video about a product before buying it.)<br><br>I specialize in motion design and I'd love to create a high-converting video for Spa Sciences.<br><br>Here's my <a href=""https://drive.google.com/drive/folders/1QL-_djO9K9sW-ETXCa_t53SuwNP0bOzl?usp=sharing"">portfolio</a><br><br>If you're interested, I'd be happy to discuss the details. I would greatly appreciate any feedback! Have a wonderful day.<br><br>Best regards,<br>Ethan"
"info@theksandco.com","KS&CO (by Kristie Streicher)","quick idea for KS&CO (by Kristie Streicher)","Hello! I came across KS&CO (by Kristie Streicher) and your eyebrow grooming tool kit really caught my attention.<br><br>My name is Ethan and I'm writing to you with a collaboration proposal.<br><br>I noticed a huge opportunity to increase your products sales through motion design (which has a proven impact on brand perception. 63% of people worldwide prefer watching a short video about a product before buying it.)<br><br>I specialize in motion design and I'd love to create a high-converting video for KS&CO (by Kristie Streicher).<br><br>Here's my <a href=""https://drive.google.com/drive/folders/1QL-_djO9K9sW-ETXCa_t53SuwNP0bOzl?usp=sharing"">portfolio</a><br><br>If you're interested, I'd be happy to discuss the details. I would greatly appreciate any feedback! Have a wonderful day.<br><br>Best regards,<br>Ethan"
"Info@VegOutPharm.com","Veg Out Organics","quick idea for Veg Out Organics","Hello! I came across Veg Out Organics and your jade / rose quartz gua sha & roller tool sets really caught my attention.<br><br>My name is Ethan and I'm writing to you with a collaboration proposal.<br><br>I noticed a huge opportunity to increase your products sales through motion design (which has a proven impact on brand perception. 63% of people worldwide prefer watching a short video about a product before buying it.)<br><br>I specialize in motion design and I'd love to create a high-converting video for Veg Out Organics.<br><br>Here's my <a href=""https://drive.google.com/drive/folders/1QL-_djO9K9sW-ETXCa_t53SuwNP0bOzl?usp=sharing"">portfolio</a><br><br>If you're interested, I'd be happy to discuss the details. I would greatly appreciate any feedback! Have a wonderful day.<br><br>Best regards,<br>Ethan"
"hello@wildling.com","Wildling Beauty","quick idea for Wildling Beauty","Hello! I came across Wildling Beauty and your gua sha facial stone tool really caught my attention.<br><br>My name is Ethan and I'm writing to you with a collaboration proposal.<br><br>I noticed a huge opportunity to increase your products sales through motion design (which has a proven impact on brand perception. 63% of people worldwide prefer watching a short video about a product before buying it.)<br><br>I specialize in motion design and I'd love to create a high-converting video for Wildling Beauty.<br><br>Here's my <a href=""https://drive.google.com/drive/folders/1QL-_djO9K9sW-ETXCa_t53SuwNP0bOzl?usp=sharing"">portfolio</a><br><br>If you're interested, I'd be happy to discuss the details. I would greatly appreciate any feedback! Have a wonderful day.<br><br>Best regards,<br>Ethan"
"info@isobeauty.com","ISO Beauty","quick idea for ISO Beauty","Hello! I came across ISO Beauty and your hair styling tools really caught my attention.<br><br>My name is Ethan and I'm writing to you with a collaboration proposal.<br><br>I noticed a huge opportunity to increase your products sales through motion design (which has a proven impact on brand perception. 63% of people worldwide prefer watching a short video about a product before buying it.)<br><br>I specialize in motion design and I'd love to create a high-converting video for ISO Beauty.<br><br>Here's my <a href=""https://drive.google.com/drive/folders/1QL-_djO9K9sW-ETXCa_t53SuwNP0bOzl?usp=sharing"">portfolio</a><br><br>If you're interested, I'd be happy to discuss the details. I would greatly appreciate any feedback! Have a wonderful day.<br><br>Best regards,<br>Ethan"
