company,email,market,product_category,website,instagram_handle,subject,body
Super Tarts,ContactSuperTarts@gmail.com,"USA · Sequim, WA",Wax Melts / Home Fragrance,https://supertartswax.com/,supertarts,quick idea for Super Tarts,"Hi there,

I came across Super Tarts and how clean your Wax Melts / Home Fragrance photography looks — really caught my attention.

My name is Ethan and I'm writing with a collaboration idea.

I noticed an opportunity to boost sales through motion design, which has a proven impact on brand perception — 63% of people worldwide say they prefer watching a short video about a product before buying it.

I specialize in turning existing product photos into high-converting 16:9 video ads (no filming needed) and I'd love to create one for Super Tarts.

Here are 3 sample videos so you can see the quality: https://drive.google.com/drive/folders/1QL-_djO9K9sW-ETXCa_t53SuwNP0bOzl?usp=sharing

If you're interested, I'd be happy to discuss details — and if you'd like, tell me how you'd want yours to look and I'll put one together for Super Tarts to look at first, no cost.

Would love any feedback either way. Have a great day!

Best regards,
Ethan

---
c/o IP-Management #8850
Ludwig-Erhard-Straße 18
20459 Hamburg
Deutschland
Don't want to hear from me again? Just reply and let me know."
Second & Spruce Handcrafted Co.,erika@secondandspruce.com,"USA · Pittsburgh, PA",Wax Melts / Home Fragrance,https://secondandspruce.com/,secondandspruceco,quick idea for Second & Spruce Handcrafted Co.,"Hi there,

I came across Second & Spruce Handcrafted Co. — your Wax Melts / Home Fragrance lineup looks great, and I noticed there's no video anywhere on your site or ads yet.

My name is Ethan and I'm writing with a collaboration idea.

I noticed an opportunity to boost sales through motion design, which has a proven impact on brand perception — 63% of people worldwide say they prefer watching a short video about a product before buying it.

I specialize in turning existing product photos into high-converting 16:9 video ads (no filming needed) and I'd love to create one for Second & Spruce Handcrafted Co..

Here are 3 sample videos so you can see the quality: https://drive.google.com/drive/folders/1QL-_djO9K9sW-ETXCa_t53SuwNP0bOzl?usp=sharing

If you're interested, I'd be happy to discuss details — and if you'd like, tell me how you'd want yours to look and I'll put one together for Second & Spruce Handcrafted Co. to look at first, no cost.

Would love any feedback either way. Have a great day!

Best regards,
Ethan

---
c/o IP-Management #8850
Ludwig-Erhard-Straße 18
20459 Hamburg
Deutschland
Don't want to hear from me again? Just reply and let me know."
Yo Soy Candle,emily@yosoycandle.com,"USA · Portland, OR",Candles,https://www.yosoycandle.com/,yosoycandle,quick idea for Yo Soy Candle,"Hi there,

I was looking at Yo Soy Candle's site and noticed your Candles are shown in photos only — no video anywhere yet.

My name is Ethan and I'm writing with a collaboration idea.

I noticed an opportunity to boost sales through motion design, which has a proven impact on brand perception — 63% of people worldwide say they prefer watching a short video about a product before buying it.

I specialize in turning existing product photos into high-converting 16:9 video ads (no filming needed) and I'd love to create one for Yo Soy Candle.

Here are 3 sample videos so you can see the quality: https://drive.google.com/drive/folders/1QL-_djO9K9sW-ETXCa_t53SuwNP0bOzl?usp=sharing

If you're interested, I'd be happy to discuss details — and if you'd like, tell me how you'd want yours to look and I'll put one together for Yo Soy Candle to look at first, no cost.

Would love any feedback either way. Have a great day!

Best regards,
Ethan

---
c/o IP-Management #8850
Ludwig-Erhard-Straße 18
20459 Hamburg
Deutschland
Don't want to hear from me again? Just reply and let me know."
Scented Designs Candle Co.,hello@scenteddesigns.com,"USA · San Jose, CA",Candles,https://www.scenteddesigns.com/,scenteddesignscandleco,quick idea for Scented Designs Candle Co.,"Hi there,

I came across Scented Designs Candle Co. and your Candles really stood out — but I couldn't find a single video on the site or your Instagram.

My name is Ethan and I'm writing with a collaboration idea.

I noticed an opportunity to boost sales through motion design, which has a proven impact on brand perception — 63% of people worldwide say they prefer watching a short video about a product before buying it.

I specialize in turning existing product photos into high-converting 16:9 video ads (no filming needed) and I'd love to create one for Scented Designs Candle Co..

Here are 3 sample videos so you can see the quality: https://drive.google.com/drive/folders/1QL-_djO9K9sW-ETXCa_t53SuwNP0bOzl?usp=sharing

If you're interested, I'd be happy to discuss details — and if you'd like, tell me how you'd want yours to look and I'll put one together for Scented Designs Candle Co. to look at first, no cost.

Would love any feedback either way. Have a great day!

Best regards,
Ethan

---
c/o IP-Management #8850
Ludwig-Erhard-Straße 18
20459 Hamburg
Deutschland
Don't want to hear from me again? Just reply and let me know."
Candlespice Co.,hello@candlespice.com,"USA · Bellevue, KY",Candles,https://candlespice.com/,candlespiceco,quick idea for Candlespice Co.,"Hi there,

I came across Candlespice Co. and how clean your Candles photography looks — really caught my attention.

My name is Ethan and I'm writing with a collaboration idea.

I noticed an opportunity to boost sales through motion design, which has a proven impact on brand perception — 63% of people worldwide say they prefer watching a short video about a product before buying it.

I specialize in turning existing product photos into high-converting 16:9 video ads (no filming needed) and I'd love to create one for Candlespice Co..

Here are 3 sample videos so you can see the quality: https://drive.google.com/drive/folders/1QL-_djO9K9sW-ETXCa_t53SuwNP0bOzl?usp=sharing

If you're interested, I'd be happy to discuss details — and if you'd like, tell me how you'd want yours to look and I'll put one together for Candlespice Co. to look at first, no cost.

Would love any feedback either way. Have a great day!

Best regards,
Ethan

---
c/o IP-Management #8850
Ludwig-Erhard-Straße 18
20459 Hamburg
Deutschland
Don't want to hear from me again? Just reply and let me know."
Farmhouse Candle Shop,info@farmhousecandleshop.com,USA · Central Oregon (Bend area),Candles,https://farmhousecandleshop.com/,farmhousecandleshop,quick idea for Farmhouse Candle Shop,"Hi there,

I came across Farmhouse Candle Shop — your Candles lineup looks great, and I noticed there's no video anywhere on your site or ads yet.

My name is Ethan and I'm writing with a collaboration idea.

I noticed an opportunity to boost sales through motion design, which has a proven impact on brand perception — 63% of people worldwide say they prefer watching a short video about a product before buying it.

I specialize in turning existing product photos into high-converting 16:9 video ads (no filming needed) and I'd love to create one for Farmhouse Candle Shop.

Here are 3 sample videos so you can see the quality: https://drive.google.com/drive/folders/1QL-_djO9K9sW-ETXCa_t53SuwNP0bOzl?usp=sharing

If you're interested, I'd be happy to discuss details — and if you'd like, tell me how you'd want yours to look and I'll put one together for Farmhouse Candle Shop to look at first, no cost.

Would love any feedback either way. Have a great day!

Best regards,
Ethan

---
c/o IP-Management #8850
Ludwig-Erhard-Straße 18
20459 Hamburg
Deutschland
Don't want to hear from me again? Just reply and let me know."
Wooly Wax,howdy@woolywaxcandles.com,"USA · Denver, CO",Candles,https://www.woolywaxcandles.com/,woolywaxcandles,quick idea for Wooly Wax,"Hi there,

I was looking at Wooly Wax's site and noticed your Candles are shown in photos only — no video anywhere yet.

My name is Ethan and I'm writing with a collaboration idea.

I noticed an opportunity to boost sales through motion design, which has a proven impact on brand perception — 63% of people worldwide say they prefer watching a short video about a product before buying it.

I specialize in turning existing product photos into high-converting 16:9 video ads (no filming needed) and I'd love to create one for Wooly Wax.

Here are 3 sample videos so you can see the quality: https://drive.google.com/drive/folders/1QL-_djO9K9sW-ETXCa_t53SuwNP0bOzl?usp=sharing

If you're interested, I'd be happy to discuss details — and if you'd like, tell me how you'd want yours to look and I'll put one together for Wooly Wax to look at first, no cost.

Would love any feedback either way. Have a great day!

Best regards,
Ethan

---
c/o IP-Management #8850
Ludwig-Erhard-Straße 18
20459 Hamburg
Deutschland
Don't want to hear from me again? Just reply and let me know."
GLOW Candle Co.,info@glowcandleco.com,"USA · Webster Groves, MO (St. Louis)",Candles,https://www.glowcandleco.com/,glowcandleco,quick idea for GLOW Candle Co.,"Hi there,

I came across GLOW Candle Co. and your Candles really stood out — but I couldn't find a single video on the site or your Instagram.

My name is Ethan and I'm writing with a collaboration idea.

I noticed an opportunity to boost sales through motion design, which has a proven impact on brand perception — 63% of people worldwide say they prefer watching a short video about a product before buying it.

I specialize in turning existing product photos into high-converting 16:9 video ads (no filming needed) and I'd love to create one for GLOW Candle Co..

Here are 3 sample videos so you can see the quality: https://drive.google.com/drive/folders/1QL-_djO9K9sW-ETXCa_t53SuwNP0bOzl?usp=sharing

If you're interested, I'd be happy to discuss details — and if you'd like, tell me how you'd want yours to look and I'll put one together for GLOW Candle Co. to look at first, no cost.

Would love any feedback either way. Have a great day!

Best regards,
Ethan

---
c/o IP-Management #8850
Ludwig-Erhard-Straße 18
20459 Hamburg
Deutschland
Don't want to hear from me again? Just reply and let me know."
Rocky Creek Candle Company,info@rockycreekcandles.com,"USA · Fairview, TX",Candles / Home Fragrance,https://rockycreekcandles.com/,rockycreekcandles,quick idea for Rocky Creek Candle Company,"Hi there,

I came across Rocky Creek Candle Company and how clean your Candles / Home Fragrance photography looks — really caught my attention.

My name is Ethan and I'm writing with a collaboration idea.

I noticed an opportunity to boost sales through motion design, which has a proven impact on brand perception — 63% of people worldwide say they prefer watching a short video about a product before buying it.

I specialize in turning existing product photos into high-converting 16:9 video ads (no filming needed) and I'd love to create one for Rocky Creek Candle Company.

Here are 3 sample videos so you can see the quality: https://drive.google.com/drive/folders/1QL-_djO9K9sW-ETXCa_t53SuwNP0bOzl?usp=sharing

If you're interested, I'd be happy to discuss details — and if you'd like, tell me how you'd want yours to look and I'll put one together for Rocky Creek Candle Company to look at first, no cost.

Would love any feedback either way. Have a great day!

Best regards,
Ethan

---
c/o IP-Management #8850
Ludwig-Erhard-Straße 18
20459 Hamburg
Deutschland
Don't want to hear from me again? Just reply and let me know."
Mangum Pottery,rob@mangumpottery.com,"USA · Weaverville, NC",Home Decor / Pottery,https://www.mangumpottery.com/,mangumpottery,quick idea for Mangum Pottery,"Hi there,

I came across Mangum Pottery — your Home Decor / Pottery lineup looks great, and I noticed there's no video anywhere on your site or ads yet.

My name is Ethan and I'm writing with a collaboration idea.

I noticed an opportunity to boost sales through motion design, which has a proven impact on brand perception — 63% of people worldwide say they prefer watching a short video about a product before buying it.

I specialize in turning existing product photos into high-converting 16:9 video ads (no filming needed) and I'd love to create one for Mangum Pottery.

Here are 3 sample videos so you can see the quality: https://drive.google.com/drive/folders/1QL-_djO9K9sW-ETXCa_t53SuwNP0bOzl?usp=sharing

If you're interested, I'd be happy to discuss details — and if you'd like, tell me how you'd want yours to look and I'll put one together for Mangum Pottery to look at first, no cost.

Would love any feedback either way. Have a great day!

Best regards,
Ethan

---
c/o IP-Management #8850
Ludwig-Erhard-Straße 18
20459 Hamburg
Deutschland
Don't want to hear from me again? Just reply and let me know."
Blanket Creek Pottery,support@blanketcreekpottery.com,"USA · Falmouth, KY",Home Decor / Pottery,https://blanketcreekpottery.com/,blanket_creek_pottery,quick idea for Blanket Creek Pottery,"Hi there,

I was looking at Blanket Creek Pottery's site and noticed your Home Decor / Pottery are shown in photos only — no video anywhere yet.

My name is Ethan and I'm writing with a collaboration idea.

I noticed an opportunity to boost sales through motion design, which has a proven impact on brand perception — 63% of people worldwide say they prefer watching a short video about a product before buying it.

I specialize in turning existing product photos into high-converting 16:9 video ads (no filming needed) and I'd love to create one for Blanket Creek Pottery.

Here are 3 sample videos so you can see the quality: https://drive.google.com/drive/folders/1QL-_djO9K9sW-ETXCa_t53SuwNP0bOzl?usp=sharing

If you're interested, I'd be happy to discuss details — and if you'd like, tell me how you'd want yours to look and I'll put one together for Blanket Creek Pottery to look at first, no cost.

Would love any feedback either way. Have a great day!

Best regards,
Ethan

---
c/o IP-Management #8850
Ludwig-Erhard-Straße 18
20459 Hamburg
Deutschland
Don't want to hear from me again? Just reply and let me know."
Aroma Retail,Care@aromaretail.com,"USA · Las Vegas, NV","Home Fragrance (room sprays, reed diffusers, scent machines)",https://aromaretail.com/,aroma.retail,quick idea for Aroma Retail,"Hi there,

I came across Aroma Retail and your Home Fragrance really stood out — but I couldn't find a single video on the site or your Instagram.

My name is Ethan and I'm writing with a collaboration idea.

I noticed an opportunity to boost sales through motion design, which has a proven impact on brand perception — 63% of people worldwide say they prefer watching a short video about a product before buying it.

I specialize in turning existing product photos into high-converting 16:9 video ads (no filming needed) and I'd love to create one for Aroma Retail.

Here are 3 sample videos so you can see the quality: https://drive.google.com/drive/folders/1QL-_djO9K9sW-ETXCa_t53SuwNP0bOzl?usp=sharing

If you're interested, I'd be happy to discuss details — and if you'd like, tell me how you'd want yours to look and I'll put one together for Aroma Retail to look at first, no cost.

Would love any feedback either way. Have a great day!

Best regards,
Ethan

---
c/o IP-Management #8850
Ludwig-Erhard-Straße 18
20459 Hamburg
Deutschland
Don't want to hear from me again? Just reply and let me know."
Broken Top Candle Co. (Broken Top Brands),support@brokentopcandleco.com,"USA · Bend, OR",Candles / Reed Diffusers / Home Fragrance,https://www.brokentopcandleco.com/,brokentopbrands,quick idea for Broken Top Candle Co. (Broken Top Brands),"Hi there,

I came across Broken Top Candle Co. (Broken Top Brands) and how clean your Candles / Reed Diffusers / Home Fragrance photography looks — really caught my attention.

My name is Ethan and I'm writing with a collaboration idea.

I noticed an opportunity to boost sales through motion design, which has a proven impact on brand perception — 63% of people worldwide say they prefer watching a short video about a product before buying it.

I specialize in turning existing product photos into high-converting 16:9 video ads (no filming needed) and I'd love to create one for Broken Top Candle Co. (Broken Top Brands).

Here are 3 sample videos so you can see the quality: https://drive.google.com/drive/folders/1QL-_djO9K9sW-ETXCa_t53SuwNP0bOzl?usp=sharing

If you're interested, I'd be happy to discuss details — and if you'd like, tell me how you'd want yours to look and I'll put one together for Broken Top Candle Co. (Broken Top Brands) to look at first, no cost.

Would love any feedback either way. Have a great day!

Best regards,
Ethan

---
c/o IP-Management #8850
Ludwig-Erhard-Straße 18
20459 Hamburg
Deutschland
Don't want to hear from me again? Just reply and let me know."
Assembly Coffee,info@assemblycoffee.co.uk,"UK · Brixton, London",Coffee,https://assemblycoffee.co.uk,@assemblyroast,quick idea for Assembly Coffee,"Hi there,

I came across Assembly Coffee — your Coffee lineup looks great, and I noticed there's no video anywhere on your site or ads yet.

My name is Ethan and I'm writing with a collaboration idea.

I noticed an opportunity to boost sales through motion design, which has a proven impact on brand perception — 63% of people worldwide say they prefer watching a short video about a product before buying it.

I specialize in turning existing product photos into high-converting 16:9 video ads (no filming needed) and I'd love to create one for Assembly Coffee.

Here are 3 sample videos so you can see the quality: https://drive.google.com/drive/folders/1QL-_djO9K9sW-ETXCa_t53SuwNP0bOzl?usp=sharing

If you're interested, I'd be happy to discuss details — and if you'd like, tell me how you'd want yours to look and I'll put one together for Assembly Coffee to look at first, no cost.

Would love any feedback either way. Have a great day!

Best regards,
Ethan

---
c/o IP-Management #8850
Ludwig-Erhard-Straße 18
20459 Hamburg
Deutschland
Don't want to hear from me again? Just reply and let me know."
Small Batch Coffee Roasters,webshop@smallbatchcoffee.co.uk,UK · Brighton & Hove,Coffee,https://www.smallbatchcoffeeroasters.co.uk,@smallbatchcr,quick idea for Small Batch Coffee Roasters,"Hi there,

I was looking at Small Batch Coffee Roasters's site and noticed your Coffee are shown in photos only — no video anywhere yet.

My name is Ethan and I'm writing with a collaboration idea.

I noticed an opportunity to boost sales through motion design, which has a proven impact on brand perception — 63% of people worldwide say they prefer watching a short video about a product before buying it.

I specialize in turning existing product photos into high-converting 16:9 video ads (no filming needed) and I'd love to create one for Small Batch Coffee Roasters.

Here are 3 sample videos so you can see the quality: https://drive.google.com/drive/folders/1QL-_djO9K9sW-ETXCa_t53SuwNP0bOzl?usp=sharing

If you're interested, I'd be happy to discuss details — and if you'd like, tell me how you'd want yours to look and I'll put one together for Small Batch Coffee Roasters to look at first, no cost.

Would love any feedback either way. Have a great day!

Best regards,
Ethan

---
c/o IP-Management #8850
Ludwig-Erhard-Straße 18
20459 Hamburg
Deutschland
Don't want to hear from me again? Just reply and let me know."
Cormorant Roasters,johan@cormorantroasters.co.uk,"UK · Polperro, Cornwall",Coffee,https://cormorantroasters.co.uk,@cormorant_roasters,quick idea for Cormorant Roasters,"Hi there,

I came across Cormorant Roasters and your Coffee really stood out — but I couldn't find a single video on the site or your Instagram.

My name is Ethan and I'm writing with a collaboration idea.

I noticed an opportunity to boost sales through motion design, which has a proven impact on brand perception — 63% of people worldwide say they prefer watching a short video about a product before buying it.

I specialize in turning existing product photos into high-converting 16:9 video ads (no filming needed) and I'd love to create one for Cormorant Roasters.

Here are 3 sample videos so you can see the quality: https://drive.google.com/drive/folders/1QL-_djO9K9sW-ETXCa_t53SuwNP0bOzl?usp=sharing

If you're interested, I'd be happy to discuss details — and if you'd like, tell me how you'd want yours to look and I'll put one together for Cormorant Roasters to look at first, no cost.

Would love any feedback either way. Have a great day!

Best regards,
Ethan

---
c/o IP-Management #8850
Ludwig-Erhard-Straße 18
20459 Hamburg
Deutschland
Don't want to hear from me again? Just reply and let me know."
The Coffee Factory,support@thecoffeefactory.co.uk,"UK · Axminster, Devon",Coffee,https://thecoffeefactory.co.uk,@coffee_factory,quick idea for The Coffee Factory,"Hi there,

I came across The Coffee Factory and how clean your Coffee photography looks — really caught my attention.

My name is Ethan and I'm writing with a collaboration idea.

I noticed an opportunity to boost sales through motion design, which has a proven impact on brand perception — 63% of people worldwide say they prefer watching a short video about a product before buying it.

I specialize in turning existing product photos into high-converting 16:9 video ads (no filming needed) and I'd love to create one for The Coffee Factory.

Here are 3 sample videos so you can see the quality: https://drive.google.com/drive/folders/1QL-_djO9K9sW-ETXCa_t53SuwNP0bOzl?usp=sharing

If you're interested, I'd be happy to discuss details — and if you'd like, tell me how you'd want yours to look and I'll put one together for The Coffee Factory to look at first, no cost.

Would love any feedback either way. Have a great day!

Best regards,
Ethan

---
c/o IP-Management #8850
Ludwig-Erhard-Straße 18
20459 Hamburg
Deutschland
Don't want to hear from me again? Just reply and let me know."
Good & Proper Tea,hello@goodandpropertea.com,"UK · Southwark, London",Tea,https://www.goodandpropertea.com,@goodandpropertea,quick idea for Good & Proper Tea,"Hi there,

I came across Good & Proper Tea — your Tea lineup looks great, and I noticed there's no video anywhere on your site or ads yet.

My name is Ethan and I'm writing with a collaboration idea.

I noticed an opportunity to boost sales through motion design, which has a proven impact on brand perception — 63% of people worldwide say they prefer watching a short video about a product before buying it.

I specialize in turning existing product photos into high-converting 16:9 video ads (no filming needed) and I'd love to create one for Good & Proper Tea.

Here are 3 sample videos so you can see the quality: https://drive.google.com/drive/folders/1QL-_djO9K9sW-ETXCa_t53SuwNP0bOzl?usp=sharing

If you're interested, I'd be happy to discuss details — and if you'd like, tell me how you'd want yours to look and I'll put one together for Good & Proper Tea to look at first, no cost.

Would love any feedback either way. Have a great day!

Best regards,
Ethan

---
c/o IP-Management #8850
Ludwig-Erhard-Straße 18
20459 Hamburg
Deutschland
Don't want to hear from me again? Just reply and let me know."
True Tea Company,hello@trueteacompany.co.uk,UK · Harrogate,Tea,https://trueteacompany.co.uk,@trueteacompany,quick idea for True Tea Company,"Hi there,

I was looking at True Tea Company's site and noticed your Tea are shown in photos only — no video anywhere yet.

My name is Ethan and I'm writing with a collaboration idea.

I noticed an opportunity to boost sales through motion design, which has a proven impact on brand perception — 63% of people worldwide say they prefer watching a short video about a product before buying it.

I specialize in turning existing product photos into high-converting 16:9 video ads (no filming needed) and I'd love to create one for True Tea Company.

Here are 3 sample videos so you can see the quality: https://drive.google.com/drive/folders/1QL-_djO9K9sW-ETXCa_t53SuwNP0bOzl?usp=sharing

If you're interested, I'd be happy to discuss details — and if you'd like, tell me how you'd want yours to look and I'll put one together for True Tea Company to look at first, no cost.

Would love any feedback either way. Have a great day!

Best regards,
Ethan

---
c/o IP-Management #8850
Ludwig-Erhard-Straße 18
20459 Hamburg
Deutschland
Don't want to hear from me again? Just reply and let me know."
The Proper Tea Co,tea@theproperteaco.co.uk,"UK · Pett, Hastings, East Sussex",Tea,https://www.theproperteaco.co.uk,@theproperteaco,quick idea for The Proper Tea Co,"Hi there,

I came across The Proper Tea Co and your Tea really stood out — but I couldn't find a single video on the site or your Instagram.

My name is Ethan and I'm writing with a collaboration idea.

I noticed an opportunity to boost sales through motion design, which has a proven impact on brand perception — 63% of people worldwide say they prefer watching a short video about a product before buying it.

I specialize in turning existing product photos into high-converting 16:9 video ads (no filming needed) and I'd love to create one for The Proper Tea Co.

Here are 3 sample videos so you can see the quality: https://drive.google.com/drive/folders/1QL-_djO9K9sW-ETXCa_t53SuwNP0bOzl?usp=sharing

If you're interested, I'd be happy to discuss details — and if you'd like, tell me how you'd want yours to look and I'll put one together for The Proper Tea Co to look at first, no cost.

Would love any feedback either way. Have a great day!

Best regards,
Ethan

---
c/o IP-Management #8850
Ludwig-Erhard-Straße 18
20459 Hamburg
Deutschland
Don't want to hear from me again? Just reply and let me know."
Spice Kitchen,soldwithlove@spicekitchenuk.com,"UK · Runcorn, Cheshire",Spices,https://www.spicekitchenuk.com,@spicekitchenuk,quick idea for Spice Kitchen,"Hi there,

I came across Spice Kitchen and how clean your Spices photography looks — really caught my attention.

My name is Ethan and I'm writing with a collaboration idea.

I noticed an opportunity to boost sales through motion design, which has a proven impact on brand perception — 63% of people worldwide say they prefer watching a short video about a product before buying it.

I specialize in turning existing product photos into high-converting 16:9 video ads (no filming needed) and I'd love to create one for Spice Kitchen.

Here are 3 sample videos so you can see the quality: https://drive.google.com/drive/folders/1QL-_djO9K9sW-ETXCa_t53SuwNP0bOzl?usp=sharing

If you're interested, I'd be happy to discuss details — and if you'd like, tell me how you'd want yours to look and I'll put one together for Spice Kitchen to look at first, no cost.

Would love any feedback either way. Have a great day!

Best regards,
Ethan

---
c/o IP-Management #8850
Ludwig-Erhard-Straße 18
20459 Hamburg
Deutschland
Don't want to hear from me again? Just reply and let me know."
The Spice Shop,staff@thespiceshop.co.uk,"UK · Notting Hill, London",Spices,https://thespiceshop.co.uk,@thespiceshoplondon,quick idea for The Spice Shop,"Hi there,

I came across The Spice Shop — your Spices lineup looks great, and I noticed there's no video anywhere on your site or ads yet.

My name is Ethan and I'm writing with a collaboration idea.

I noticed an opportunity to boost sales through motion design, which has a proven impact on brand perception — 63% of people worldwide say they prefer watching a short video about a product before buying it.

I specialize in turning existing product photos into high-converting 16:9 video ads (no filming needed) and I'd love to create one for The Spice Shop.

Here are 3 sample videos so you can see the quality: https://drive.google.com/drive/folders/1QL-_djO9K9sW-ETXCa_t53SuwNP0bOzl?usp=sharing

If you're interested, I'd be happy to discuss details — and if you'd like, tell me how you'd want yours to look and I'll put one together for The Spice Shop to look at first, no cost.

Would love any feedback either way. Have a great day!

Best regards,
Ethan

---
c/o IP-Management #8850
Ludwig-Erhard-Straße 18
20459 Hamburg
Deutschland
Don't want to hear from me again? Just reply and let me know."
Spice Mountain,mail@spicemountain.co.uk,"UK · Borough Market, London",Spices,https://www.spicemountain.co.uk,@spicemountainuk,quick idea for Spice Mountain,"Hi there,

I was looking at Spice Mountain's site and noticed your Spices are shown in photos only — no video anywhere yet.

My name is Ethan and I'm writing with a collaboration idea.

I noticed an opportunity to boost sales through motion design, which has a proven impact on brand perception — 63% of people worldwide say they prefer watching a short video about a product before buying it.

I specialize in turning existing product photos into high-converting 16:9 video ads (no filming needed) and I'd love to create one for Spice Mountain.

Here are 3 sample videos so you can see the quality: https://drive.google.com/drive/folders/1QL-_djO9K9sW-ETXCa_t53SuwNP0bOzl?usp=sharing

If you're interested, I'd be happy to discuss details — and if you'd like, tell me how you'd want yours to look and I'll put one together for Spice Mountain to look at first, no cost.

Would love any feedback either way. Have a great day!

Best regards,
Ethan

---
c/o IP-Management #8850
Ludwig-Erhard-Straße 18
20459 Hamburg
Deutschland
Don't want to hear from me again? Just reply and let me know."
nibs etc.,hello@nibsetc.com,UK · London,Snacks / Granola,https://nibsetc.com,@nibsetc,quick idea for nibs etc.,"Hi there,

I came across nibs etc. and your Snacks / Granola really stood out — but I couldn't find a single video on the site or your Instagram.

My name is Ethan and I'm writing with a collaboration idea.

I noticed an opportunity to boost sales through motion design, which has a proven impact on brand perception — 63% of people worldwide say they prefer watching a short video about a product before buying it.

I specialize in turning existing product photos into high-converting 16:9 video ads (no filming needed) and I'd love to create one for nibs etc..

Here are 3 sample videos so you can see the quality: https://drive.google.com/drive/folders/1QL-_djO9K9sW-ETXCa_t53SuwNP0bOzl?usp=sharing

If you're interested, I'd be happy to discuss details — and if you'd like, tell me how you'd want yours to look and I'll put one together for nibs etc. to look at first, no cost.

Would love any feedback either way. Have a great day!

Best regards,
Ethan

---
c/o IP-Management #8850
Ludwig-Erhard-Straße 18
20459 Hamburg
Deutschland
Don't want to hear from me again? Just reply and let me know."
Forthay Granola,hello@forthaygranola.co.uk,"UK · North Nibley, Gloucestershire",Snacks / Specialty Food,https://forthaygranola.co.uk,@forthay_granola,quick idea for Forthay Granola,"Hi there,

I came across Forthay Granola and how clean your Snacks / Specialty Food photography looks — really caught my attention.

My name is Ethan and I'm writing with a collaboration idea.

I noticed an opportunity to boost sales through motion design, which has a proven impact on brand perception — 63% of people worldwide say they prefer watching a short video about a product before buying it.

I specialize in turning existing product photos into high-converting 16:9 video ads (no filming needed) and I'd love to create one for Forthay Granola.

Here are 3 sample videos so you can see the quality: https://drive.google.com/drive/folders/1QL-_djO9K9sW-ETXCa_t53SuwNP0bOzl?usp=sharing

If you're interested, I'd be happy to discuss details — and if you'd like, tell me how you'd want yours to look and I'll put one together for Forthay Granola to look at first, no cost.

Would love any feedback either way. Have a great day!

Best regards,
Ethan

---
c/o IP-Management #8850
Ludwig-Erhard-Straße 18
20459 Hamburg
Deutschland
Don't want to hear from me again? Just reply and let me know."
Rollagranola,support@rollagranola.com,UK · Hertfordshire,Snacks / Specialty Food,https://rollagranola.com,@rollagranola,quick idea for Rollagranola,"Hi there,

I came across Rollagranola — your Snacks / Specialty Food lineup looks great, and I noticed there's no video anywhere on your site or ads yet.

My name is Ethan and I'm writing with a collaboration idea.

I noticed an opportunity to boost sales through motion design, which has a proven impact on brand perception — 63% of people worldwide say they prefer watching a short video about a product before buying it.

I specialize in turning existing product photos into high-converting 16:9 video ads (no filming needed) and I'd love to create one for Rollagranola.

Here are 3 sample videos so you can see the quality: https://drive.google.com/drive/folders/1QL-_djO9K9sW-ETXCa_t53SuwNP0bOzl?usp=sharing

If you're interested, I'd be happy to discuss details — and if you'd like, tell me how you'd want yours to look and I'll put one together for Rollagranola to look at first, no cost.

Would love any feedback either way. Have a great day!

Best regards,
Ethan

---
c/o IP-Management #8850
Ludwig-Erhard-Straße 18
20459 Hamburg
Deutschland
Don't want to hear from me again? Just reply and let me know."
Cheeky Nibble,contact@cheekynibble.com,"UK · West Raynham, Norfolk",Snacks / Specialty Food,https://www.cheekynibble.com,@cheeky_nibble,quick idea for Cheeky Nibble,"Hi there,

I was looking at Cheeky Nibble's site and noticed your Snacks / Specialty Food are shown in photos only — no video anywhere yet.

My name is Ethan and I'm writing with a collaboration idea.

I noticed an opportunity to boost sales through motion design, which has a proven impact on brand perception — 63% of people worldwide say they prefer watching a short video about a product before buying it.

I specialize in turning existing product photos into high-converting 16:9 video ads (no filming needed) and I'd love to create one for Cheeky Nibble.

Here are 3 sample videos so you can see the quality: https://drive.google.com/drive/folders/1QL-_djO9K9sW-ETXCa_t53SuwNP0bOzl?usp=sharing

If you're interested, I'd be happy to discuss details — and if you'd like, tell me how you'd want yours to look and I'll put one together for Cheeky Nibble to look at first, no cost.

Would love any feedback either way. Have a great day!

Best regards,
Ethan

---
c/o IP-Management #8850
Ludwig-Erhard-Straße 18
20459 Hamburg
Deutschland
Don't want to hear from me again? Just reply and let me know."
New Forest Shortbread,enquiries@newforestshortbread.co.uk,"UK · New Forest, Hampshire",Snacks / Baked Goods,https://www.newforestshortbread.co.uk,@newforestshortbread,quick idea for New Forest Shortbread,"Hi there,

I came across New Forest Shortbread and your Snacks / Baked Goods really stood out — but I couldn't find a single video on the site or your Instagram.

My name is Ethan and I'm writing with a collaboration idea.

I noticed an opportunity to boost sales through motion design, which has a proven impact on brand perception — 63% of people worldwide say they prefer watching a short video about a product before buying it.

I specialize in turning existing product photos into high-converting 16:9 video ads (no filming needed) and I'd love to create one for New Forest Shortbread.

Here are 3 sample videos so you can see the quality: https://drive.google.com/drive/folders/1QL-_djO9K9sW-ETXCa_t53SuwNP0bOzl?usp=sharing

If you're interested, I'd be happy to discuss details — and if you'd like, tell me how you'd want yours to look and I'll put one together for New Forest Shortbread to look at first, no cost.

Would love any feedback either way. Have a great day!

Best regards,
Ethan

---
c/o IP-Management #8850
Ludwig-Erhard-Straße 18
20459 Hamburg
Deutschland
Don't want to hear from me again? Just reply and let me know."
Shortbread House of Edinburgh,info@shortbreadhouse.com,UK · Edinburgh,Snacks / Baked Goods,https://shortbreadhouse.co.uk,@shortbreadhouse,quick idea for Shortbread House of Edinburgh,"Hi there,

I came across Shortbread House of Edinburgh and how clean your Snacks / Baked Goods photography looks — really caught my attention.

My name is Ethan and I'm writing with a collaboration idea.

I noticed an opportunity to boost sales through motion design, which has a proven impact on brand perception — 63% of people worldwide say they prefer watching a short video about a product before buying it.

I specialize in turning existing product photos into high-converting 16:9 video ads (no filming needed) and I'd love to create one for Shortbread House of Edinburgh.

Here are 3 sample videos so you can see the quality: https://drive.google.com/drive/folders/1QL-_djO9K9sW-ETXCa_t53SuwNP0bOzl?usp=sharing

If you're interested, I'd be happy to discuss details — and if you'd like, tell me how you'd want yours to look and I'll put one together for Shortbread House of Edinburgh to look at first, no cost.

Would love any feedback either way. Have a great day!

Best regards,
Ethan

---
c/o IP-Management #8850
Ludwig-Erhard-Straße 18
20459 Hamburg
Deutschland
Don't want to hear from me again? Just reply and let me know."
Popcorn Kitchen,info@popcornkitchen.co.uk,"UK · Woking, Surrey",Snacks,https://popcornkitchen.co.uk,@popcornkitchen,quick idea for Popcorn Kitchen,"Hi there,

I came across Popcorn Kitchen — your Snacks lineup looks great, and I noticed there's no video anywhere on your site or ads yet.

My name is Ethan and I'm writing with a collaboration idea.

I noticed an opportunity to boost sales through motion design, which has a proven impact on brand perception — 63% of people worldwide say they prefer watching a short video about a product before buying it.

I specialize in turning existing product photos into high-converting 16:9 video ads (no filming needed) and I'd love to create one for Popcorn Kitchen.

Here are 3 sample videos so you can see the quality: https://drive.google.com/drive/folders/1QL-_djO9K9sW-ETXCa_t53SuwNP0bOzl?usp=sharing

If you're interested, I'd be happy to discuss details — and if you'd like, tell me how you'd want yours to look and I'll put one together for Popcorn Kitchen to look at first, no cost.

Would love any feedback either way. Have a great day!

Best regards,
Ethan

---
c/o IP-Management #8850
Ludwig-Erhard-Straße 18
20459 Hamburg
Deutschland
Don't want to hear from me again? Just reply and let me know."
Me & My Dog Pet Bakery,meandmydogpetbakery@gmail.com,"USA · New Hope, Pennsylvania",Dog Treats & Bakery Gifts,https://meandmydogpetbakery.com/,@meandmydogpetbakery,quick idea for Me & My Dog Pet Bakery,"Hi there,

I was looking at Me & My Dog Pet Bakery's site and noticed your Dog Treats & Bakery Gifts are shown in photos only — no video anywhere yet.

My name is Ethan and I'm writing with a collaboration idea.

I noticed an opportunity to boost sales through motion design, which has a proven impact on brand perception — 63% of people worldwide say they prefer watching a short video about a product before buying it.

I specialize in turning existing product photos into high-converting 16:9 video ads (no filming needed) and I'd love to create one for Me & My Dog Pet Bakery.

Here are 3 sample videos so you can see the quality: https://drive.google.com/drive/folders/1QL-_djO9K9sW-ETXCa_t53SuwNP0bOzl?usp=sharing

If you're interested, I'd be happy to discuss details — and if you'd like, tell me how you'd want yours to look and I'll put one together for Me & My Dog Pet Bakery to look at first, no cost.

Would love any feedback either way. Have a great day!

Best regards,
Ethan

---
c/o IP-Management #8850
Ludwig-Erhard-Straße 18
20459 Hamburg
Deutschland
Don't want to hear from me again? Just reply and let me know."
Americat Company,meow@americatcompany.com,"USA · Pittsburgh/Wexford, Pennsylvania",Cat Accessories & Toys,https://americatcompany.com/,@americatcompany,quick idea for Americat Company,"Hi there,

I came across Americat Company and your Cat Accessories & Toys really stood out — but I couldn't find a single video on the site or your Instagram.

My name is Ethan and I'm writing with a collaboration idea.

I noticed an opportunity to boost sales through motion design, which has a proven impact on brand perception — 63% of people worldwide say they prefer watching a short video about a product before buying it.

I specialize in turning existing product photos into high-converting 16:9 video ads (no filming needed) and I'd love to create one for Americat Company.

Here are 3 sample videos so you can see the quality: https://drive.google.com/drive/folders/1QL-_djO9K9sW-ETXCa_t53SuwNP0bOzl?usp=sharing

If you're interested, I'd be happy to discuss details — and if you'd like, tell me how you'd want yours to look and I'll put one together for Americat Company to look at first, no cost.

Would love any feedback either way. Have a great day!

Best regards,
Ethan

---
c/o IP-Management #8850
Ludwig-Erhard-Straße 18
20459 Hamburg
Deutschland
Don't want to hear from me again? Just reply and let me know."
Paws Gourmet Bakery,sales@pawsgourmetbakery.com,"USA · Silverdale, Washington",Dog Treats,https://pawsgourmetbakery.com/,@pawsgourmetbakeryllc,quick idea for Paws Gourmet Bakery,"Hi there,

I came across Paws Gourmet Bakery and how clean your Dog Treats photography looks — really caught my attention.

My name is Ethan and I'm writing with a collaboration idea.

I noticed an opportunity to boost sales through motion design, which has a proven impact on brand perception — 63% of people worldwide say they prefer watching a short video about a product before buying it.

I specialize in turning existing product photos into high-converting 16:9 video ads (no filming needed) and I'd love to create one for Paws Gourmet Bakery.

Here are 3 sample videos so you can see the quality: https://drive.google.com/drive/folders/1QL-_djO9K9sW-ETXCa_t53SuwNP0bOzl?usp=sharing

If you're interested, I'd be happy to discuss details — and if you'd like, tell me how you'd want yours to look and I'll put one together for Paws Gourmet Bakery to look at first, no cost.

Would love any feedback either way. Have a great day!

Best regards,
Ethan

---
c/o IP-Management #8850
Ludwig-Erhard-Straße 18
20459 Hamburg
Deutschland
Don't want to hear from me again? Just reply and let me know."
Pupcakes Pet Bakery,info@pupcakespet.com,"USA · Kenner, Louisiana",Dog Treats & Bakery Gifts,https://www.pupcakespet.com/,@pupcakespetbakery,quick idea for Pupcakes Pet Bakery,"Hi there,

I came across Pupcakes Pet Bakery — your Dog Treats & Bakery Gifts lineup looks great, and I noticed there's no video anywhere on your site or ads yet.

My name is Ethan and I'm writing with a collaboration idea.

I noticed an opportunity to boost sales through motion design, which has a proven impact on brand perception — 63% of people worldwide say they prefer watching a short video about a product before buying it.

I specialize in turning existing product photos into high-converting 16:9 video ads (no filming needed) and I'd love to create one for Pupcakes Pet Bakery.

Here are 3 sample videos so you can see the quality: https://drive.google.com/drive/folders/1QL-_djO9K9sW-ETXCa_t53SuwNP0bOzl?usp=sharing

If you're interested, I'd be happy to discuss details — and if you'd like, tell me how you'd want yours to look and I'll put one together for Pupcakes Pet Bakery to look at first, no cost.

Would love any feedback either way. Have a great day!

Best regards,
Ethan

---
c/o IP-Management #8850
Ludwig-Erhard-Straße 18
20459 Hamburg
Deutschland
Don't want to hear from me again? Just reply and let me know."
The Mobile Barkery,info@themobilebarkery.com,"USA · Orange County, California",Dog Treats,https://themobilebarkery.com/,@themobilebarkery,quick idea for The Mobile Barkery,"Hi there,

I was looking at The Mobile Barkery's site and noticed your Dog Treats are shown in photos only — no video anywhere yet.

My name is Ethan and I'm writing with a collaboration idea.

I noticed an opportunity to boost sales through motion design, which has a proven impact on brand perception — 63% of people worldwide say they prefer watching a short video about a product before buying it.

I specialize in turning existing product photos into high-converting 16:9 video ads (no filming needed) and I'd love to create one for The Mobile Barkery.

Here are 3 sample videos so you can see the quality: https://drive.google.com/drive/folders/1QL-_djO9K9sW-ETXCa_t53SuwNP0bOzl?usp=sharing

If you're interested, I'd be happy to discuss details — and if you'd like, tell me how you'd want yours to look and I'll put one together for The Mobile Barkery to look at first, no cost.

Would love any feedback either way. Have a great day!

Best regards,
Ethan

---
c/o IP-Management #8850
Ludwig-Erhard-Straße 18
20459 Hamburg
Deutschland
Don't want to hear from me again? Just reply and let me know."
DOGDELI,contact@dogdelitreats.com,"USA · Hallandale Beach/Miami, Florida",Dog Treats (Dehydrated Meat Treats),https://dogdelitreats.com/,@dogdelitreats,quick idea for DOGDELI,"Hi there,

I came across DOGDELI and your Dog Treats really stood out — but I couldn't find a single video on the site or your Instagram.

My name is Ethan and I'm writing with a collaboration idea.

I noticed an opportunity to boost sales through motion design, which has a proven impact on brand perception — 63% of people worldwide say they prefer watching a short video about a product before buying it.

I specialize in turning existing product photos into high-converting 16:9 video ads (no filming needed) and I'd love to create one for DOGDELI.

Here are 3 sample videos so you can see the quality: https://drive.google.com/drive/folders/1QL-_djO9K9sW-ETXCa_t53SuwNP0bOzl?usp=sharing

If you're interested, I'd be happy to discuss details — and if you'd like, tell me how you'd want yours to look and I'll put one together for DOGDELI to look at first, no cost.

Would love any feedback either way. Have a great day!

Best regards,
Ethan

---
c/o IP-Management #8850
Ludwig-Erhard-Straße 18
20459 Hamburg
Deutschland
Don't want to hear from me again? Just reply and let me know."
California Collar Co.,info@cacollarco.com,"USA · Santa Fe, New Mexico",Dog Collars & Leashes (Leather),https://cacollarco.com/,@californiacollarco,quick idea for California Collar Co.,"Hi there,

I came across California Collar Co. and how clean your Dog Collars & Leashes photography looks — really caught my attention.

My name is Ethan and I'm writing with a collaboration idea.

I noticed an opportunity to boost sales through motion design, which has a proven impact on brand perception — 63% of people worldwide say they prefer watching a short video about a product before buying it.

I specialize in turning existing product photos into high-converting 16:9 video ads (no filming needed) and I'd love to create one for California Collar Co..

Here are 3 sample videos so you can see the quality: https://drive.google.com/drive/folders/1QL-_djO9K9sW-ETXCa_t53SuwNP0bOzl?usp=sharing

If you're interested, I'd be happy to discuss details — and if you'd like, tell me how you'd want yours to look and I'll put one together for California Collar Co. to look at first, no cost.

Would love any feedback either way. Have a great day!

Best regards,
Ethan

---
c/o IP-Management #8850
Ludwig-Erhard-Straße 18
20459 Hamburg
Deutschland
Don't want to hear from me again? Just reply and let me know."
Charlie's Treats Bakery,CharliesTreatsBakery@gmail.com,"USA · Magnolia, Delaware",Dog Treats & Bandanas,https://www.charliestreatsbakery.com/,@charliestreatsbakery,quick idea for Charlie's Treats Bakery,"Hi there,

I came across Charlie's Treats Bakery — your Dog Treats & Bandanas lineup looks great, and I noticed there's no video anywhere on your site or ads yet.

My name is Ethan and I'm writing with a collaboration idea.

I noticed an opportunity to boost sales through motion design, which has a proven impact on brand perception — 63% of people worldwide say they prefer watching a short video about a product before buying it.

I specialize in turning existing product photos into high-converting 16:9 video ads (no filming needed) and I'd love to create one for Charlie's Treats Bakery.

Here are 3 sample videos so you can see the quality: https://drive.google.com/drive/folders/1QL-_djO9K9sW-ETXCa_t53SuwNP0bOzl?usp=sharing

If you're interested, I'd be happy to discuss details — and if you'd like, tell me how you'd want yours to look and I'll put one together for Charlie's Treats Bakery to look at first, no cost.

Would love any feedback either way. Have a great day!

Best regards,
Ethan

---
c/o IP-Management #8850
Ludwig-Erhard-Straße 18
20459 Hamburg
Deutschland
Don't want to hear from me again? Just reply and let me know."
Copper Leaf Leather,info@copperleafleather.com,"USA · Highwood, Illinois",Dog Collars & Leashes (Personalized Leather),https://copperleafleather.com/,@copperleafleather,quick idea for Copper Leaf Leather,"Hi there,

I was looking at Copper Leaf Leather's site and noticed your Dog Collars & Leashes are shown in photos only — no video anywhere yet.

My name is Ethan and I'm writing with a collaboration idea.

I noticed an opportunity to boost sales through motion design, which has a proven impact on brand perception — 63% of people worldwide say they prefer watching a short video about a product before buying it.

I specialize in turning existing product photos into high-converting 16:9 video ads (no filming needed) and I'd love to create one for Copper Leaf Leather.

Here are 3 sample videos so you can see the quality: https://drive.google.com/drive/folders/1QL-_djO9K9sW-ETXCa_t53SuwNP0bOzl?usp=sharing

If you're interested, I'd be happy to discuss details — and if you'd like, tell me how you'd want yours to look and I'll put one together for Copper Leaf Leather to look at first, no cost.

Would love any feedback either way. Have a great day!

Best regards,
Ethan

---
c/o IP-Management #8850
Ludwig-Erhard-Straße 18
20459 Hamburg
Deutschland
Don't want to hear from me again? Just reply and let me know."
Hiro + Wolf,hello@hiroandwolf.com,"UK · Margate, Kent, England","Pet Accessories (Collars, Beds, Toys)",https://hiro-and-wolf.com/,@hiroandwolf,quick idea for Hiro + Wolf,"Hi there,

I came across Hiro + Wolf and your Pet Accessories really stood out — but I couldn't find a single video on the site or your Instagram.

My name is Ethan and I'm writing with a collaboration idea.

I noticed an opportunity to boost sales through motion design, which has a proven impact on brand perception — 63% of people worldwide say they prefer watching a short video about a product before buying it.

I specialize in turning existing product photos into high-converting 16:9 video ads (no filming needed) and I'd love to create one for Hiro + Wolf.

Here are 3 sample videos so you can see the quality: https://drive.google.com/drive/folders/1QL-_djO9K9sW-ETXCa_t53SuwNP0bOzl?usp=sharing

If you're interested, I'd be happy to discuss details — and if you'd like, tell me how you'd want yours to look and I'll put one together for Hiro + Wolf to look at first, no cost.

Would love any feedback either way. Have a great day!

Best regards,
Ethan

---
c/o IP-Management #8850
Ludwig-Erhard-Straße 18
20459 Hamburg
Deutschland
Don't want to hear from me again? Just reply and let me know."
Bailey and Coco,support@baileyandcoco.co.uk,"UK · Essex, England",Dog Harnesses & Walking Accessories,https://www.baileyandcoco.com/,@baileyandcocouk,quick idea for Bailey and Coco,"Hi there,

I came across Bailey and Coco and how clean your Dog Harnesses & Walking Accessories photography looks — really caught my attention.

My name is Ethan and I'm writing with a collaboration idea.

I noticed an opportunity to boost sales through motion design, which has a proven impact on brand perception — 63% of people worldwide say they prefer watching a short video about a product before buying it.

I specialize in turning existing product photos into high-converting 16:9 video ads (no filming needed) and I'd love to create one for Bailey and Coco.

Here are 3 sample videos so you can see the quality: https://drive.google.com/drive/folders/1QL-_djO9K9sW-ETXCa_t53SuwNP0bOzl?usp=sharing

If you're interested, I'd be happy to discuss details — and if you'd like, tell me how you'd want yours to look and I'll put one together for Bailey and Coco to look at first, no cost.

Would love any feedback either way. Have a great day!

Best regards,
Ethan

---
c/o IP-Management #8850
Ludwig-Erhard-Straße 18
20459 Hamburg
Deutschland
Don't want to hear from me again? Just reply and let me know."
Independent Pet Co,kelly@independentpetco.co.uk,"UK · Weston-super-Mare, England","Pet Food, Toys & Grooming",https://independentpetco.co.uk/,@independent_pet_co,quick idea for Independent Pet Co,"Hi there,

I came across Independent Pet Co — your Pet Food, Toys & Grooming lineup looks great, and I noticed there's no video anywhere on your site or ads yet.

My name is Ethan and I'm writing with a collaboration idea.

I noticed an opportunity to boost sales through motion design, which has a proven impact on brand perception — 63% of people worldwide say they prefer watching a short video about a product before buying it.

I specialize in turning existing product photos into high-converting 16:9 video ads (no filming needed) and I'd love to create one for Independent Pet Co.

Here are 3 sample videos so you can see the quality: https://drive.google.com/drive/folders/1QL-_djO9K9sW-ETXCa_t53SuwNP0bOzl?usp=sharing

If you're interested, I'd be happy to discuss details — and if you'd like, tell me how you'd want yours to look and I'll put one together for Independent Pet Co to look at first, no cost.

Would love any feedback either way. Have a great day!

Best regards,
Ethan

---
c/o IP-Management #8850
Ludwig-Erhard-Straße 18
20459 Hamburg
Deutschland
Don't want to hear from me again? Just reply and let me know."
The Cat Gallery,CustomerServices@thecatgallery.co.uk,"UK · York, England",Cat Toys & Gifts,https://thecatgallery.co.uk/,@catgalleryyork,quick idea for The Cat Gallery,"Hi there,

I was looking at The Cat Gallery's site and noticed your Cat Toys & Gifts are shown in photos only — no video anywhere yet.

My name is Ethan and I'm writing with a collaboration idea.

I noticed an opportunity to boost sales through motion design, which has a proven impact on brand perception — 63% of people worldwide say they prefer watching a short video about a product before buying it.

I specialize in turning existing product photos into high-converting 16:9 video ads (no filming needed) and I'd love to create one for The Cat Gallery.

Here are 3 sample videos so you can see the quality: https://drive.google.com/drive/folders/1QL-_djO9K9sW-ETXCa_t53SuwNP0bOzl?usp=sharing

If you're interested, I'd be happy to discuss details — and if you'd like, tell me how you'd want yours to look and I'll put one together for The Cat Gallery to look at first, no cost.

Would love any feedback either way. Have a great day!

Best regards,
Ethan

---
c/o IP-Management #8850
Ludwig-Erhard-Straße 18
20459 Hamburg
Deutschland
Don't want to hear from me again? Just reply and let me know."
Sheena Marshall Jewelry,hello@sheenamarshall.com,"USA · Denver, CO",Jewelry,https://sheenamarshall.com/,@sheenamarshalljewelry,quick idea for Sheena Marshall Jewelry,"Hi there,

I came across Sheena Marshall Jewelry and your Jewelry really stood out — but I couldn't find a single video on the site or your Instagram.

My name is Ethan and I'm writing with a collaboration idea.

I noticed an opportunity to boost sales through motion design, which has a proven impact on brand perception — 63% of people worldwide say they prefer watching a short video about a product before buying it.

I specialize in turning existing product photos into high-converting 16:9 video ads (no filming needed) and I'd love to create one for Sheena Marshall Jewelry.

Here are 3 sample videos so you can see the quality: https://drive.google.com/drive/folders/1QL-_djO9K9sW-ETXCa_t53SuwNP0bOzl?usp=sharing

If you're interested, I'd be happy to discuss details — and if you'd like, tell me how you'd want yours to look and I'll put one together for Sheena Marshall Jewelry to look at first, no cost.

Would love any feedback either way. Have a great day!

Best regards,
Ethan

---
c/o IP-Management #8850
Ludwig-Erhard-Straße 18
20459 Hamburg
Deutschland
Don't want to hear from me again? Just reply and let me know."
Goldeluxe Jewelry,goldeluxejewelry@gmail.com,"USA · Dexter, MI",Jewelry,https://www.goldeluxe.com/,@goldeluxejewelry,quick idea for Goldeluxe Jewelry,"Hi there,

I came across Goldeluxe Jewelry and how clean your Jewelry photography looks — really caught my attention.

My name is Ethan and I'm writing with a collaboration idea.

I noticed an opportunity to boost sales through motion design, which has a proven impact on brand perception — 63% of people worldwide say they prefer watching a short video about a product before buying it.

I specialize in turning existing product photos into high-converting 16:9 video ads (no filming needed) and I'd love to create one for Goldeluxe Jewelry.

Here are 3 sample videos so you can see the quality: https://drive.google.com/drive/folders/1QL-_djO9K9sW-ETXCa_t53SuwNP0bOzl?usp=sharing

If you're interested, I'd be happy to discuss details — and if you'd like, tell me how you'd want yours to look and I'll put one together for Goldeluxe Jewelry to look at first, no cost.

Would love any feedback either way. Have a great day!

Best regards,
Ethan

---
c/o IP-Management #8850
Ludwig-Erhard-Straße 18
20459 Hamburg
Deutschland
Don't want to hear from me again? Just reply and let me know."
Few Made Jewelry,info@fewmadejewelry.com,"USA · Richmond, VA",Jewelry,https://www.fewmadejewelry.com/,@fewmadejewelry,quick idea for Few Made Jewelry,"Hi there,

I came across Few Made Jewelry — your Jewelry lineup looks great, and I noticed there's no video anywhere on your site or ads yet.

My name is Ethan and I'm writing with a collaboration idea.

I noticed an opportunity to boost sales through motion design, which has a proven impact on brand perception — 63% of people worldwide say they prefer watching a short video about a product before buying it.

I specialize in turning existing product photos into high-converting 16:9 video ads (no filming needed) and I'd love to create one for Few Made Jewelry.

Here are 3 sample videos so you can see the quality: https://drive.google.com/drive/folders/1QL-_djO9K9sW-ETXCa_t53SuwNP0bOzl?usp=sharing

If you're interested, I'd be happy to discuss details — and if you'd like, tell me how you'd want yours to look and I'll put one together for Few Made Jewelry to look at first, no cost.

Would love any feedback either way. Have a great day!

Best regards,
Ethan

---
c/o IP-Management #8850
Ludwig-Erhard-Straße 18
20459 Hamburg
Deutschland
Don't want to hear from me again? Just reply and let me know."
Amy Waltz Designs,hello@amywaltz.com,"USA · Chico, CA",Jewelry,https://amywaltz.com/,@amywaltzdesigns,quick idea for Amy Waltz Designs,"Hi there,

I was looking at Amy Waltz Designs's site and noticed your Jewelry are shown in photos only — no video anywhere yet.

My name is Ethan and I'm writing with a collaboration idea.

I noticed an opportunity to boost sales through motion design, which has a proven impact on brand perception — 63% of people worldwide say they prefer watching a short video about a product before buying it.

I specialize in turning existing product photos into high-converting 16:9 video ads (no filming needed) and I'd love to create one for Amy Waltz Designs.

Here are 3 sample videos so you can see the quality: https://drive.google.com/drive/folders/1QL-_djO9K9sW-ETXCa_t53SuwNP0bOzl?usp=sharing

If you're interested, I'd be happy to discuss details — and if you'd like, tell me how you'd want yours to look and I'll put one together for Amy Waltz Designs to look at first, no cost.

Would love any feedback either way. Have a great day!

Best regards,
Ethan

---
c/o IP-Management #8850
Ludwig-Erhard-Straße 18
20459 Hamburg
Deutschland
Don't want to hear from me again? Just reply and let me know."
Seaside Stones,seasidestoneseastport@gmail.com,"USA · Eastport/Perry, ME",Jewelry,https://www.seasidestones.com/,@seaside_stones,quick idea for Seaside Stones,"Hi there,

I came across Seaside Stones and your Jewelry really stood out — but I couldn't find a single video on the site or your Instagram.

My name is Ethan and I'm writing with a collaboration idea.

I noticed an opportunity to boost sales through motion design, which has a proven impact on brand perception — 63% of people worldwide say they prefer watching a short video about a product before buying it.

I specialize in turning existing product photos into high-converting 16:9 video ads (no filming needed) and I'd love to create one for Seaside Stones.

Here are 3 sample videos so you can see the quality: https://drive.google.com/drive/folders/1QL-_djO9K9sW-ETXCa_t53SuwNP0bOzl?usp=sharing

If you're interested, I'd be happy to discuss details — and if you'd like, tell me how you'd want yours to look and I'll put one together for Seaside Stones to look at first, no cost.

Would love any feedback either way. Have a great day!

Best regards,
Ethan

---
c/o IP-Management #8850
Ludwig-Erhard-Straße 18
20459 Hamburg
Deutschland
Don't want to hear from me again? Just reply and let me know."
Style by Sofi,Stylebysofii@yahoo.com,"USA · Miami, FL",Jewelry,https://stylebysofi.com/,@stylebysofii,quick idea for Style by Sofi,"Hi there,

I came across Style by Sofi and how clean your Jewelry photography looks — really caught my attention.

My name is Ethan and I'm writing with a collaboration idea.

I noticed an opportunity to boost sales through motion design, which has a proven impact on brand perception — 63% of people worldwide say they prefer watching a short video about a product before buying it.

I specialize in turning existing product photos into high-converting 16:9 video ads (no filming needed) and I'd love to create one for Style by Sofi.

Here are 3 sample videos so you can see the quality: https://drive.google.com/drive/folders/1QL-_djO9K9sW-ETXCa_t53SuwNP0bOzl?usp=sharing

If you're interested, I'd be happy to discuss details — and if you'd like, tell me how you'd want yours to look and I'll put one together for Style by Sofi to look at first, no cost.

Would love any feedback either way. Have a great day!

Best regards,
Ethan

---
c/o IP-Management #8850
Ludwig-Erhard-Straße 18
20459 Hamburg
Deutschland
Don't want to hear from me again? Just reply and let me know."
Hello Adorn,hello@helloadorn.com,"USA · Eau Claire, WI",Jewelry,https://www.helloadorn.com/,@helloadorn,quick idea for Hello Adorn,"Hi there,

I came across Hello Adorn — your Jewelry lineup looks great, and I noticed there's no video anywhere on your site or ads yet.

My name is Ethan and I'm writing with a collaboration idea.

I noticed an opportunity to boost sales through motion design, which has a proven impact on brand perception — 63% of people worldwide say they prefer watching a short video about a product before buying it.

I specialize in turning existing product photos into high-converting 16:9 video ads (no filming needed) and I'd love to create one for Hello Adorn.

Here are 3 sample videos so you can see the quality: https://drive.google.com/drive/folders/1QL-_djO9K9sW-ETXCa_t53SuwNP0bOzl?usp=sharing

If you're interested, I'd be happy to discuss details — and if you'd like, tell me how you'd want yours to look and I'll put one together for Hello Adorn to look at first, no cost.

Would love any feedback either way. Have a great day!

Best regards,
Ethan

---
c/o IP-Management #8850
Ludwig-Erhard-Straße 18
20459 Hamburg
Deutschland
Don't want to hear from me again? Just reply and let me know."
MACHETE,press@shopmachete.com,"USA · Atlanta, GA",Sunglasses,https://shopmachete.com/,@shopmachete,quick idea for MACHETE,"Hi there,

I was looking at MACHETE's site and noticed your Sunglasses are shown in photos only — no video anywhere yet.

My name is Ethan and I'm writing with a collaboration idea.

I noticed an opportunity to boost sales through motion design, which has a proven impact on brand perception — 63% of people worldwide say they prefer watching a short video about a product before buying it.

I specialize in turning existing product photos into high-converting 16:9 video ads (no filming needed) and I'd love to create one for MACHETE.

Here are 3 sample videos so you can see the quality: https://drive.google.com/drive/folders/1QL-_djO9K9sW-ETXCa_t53SuwNP0bOzl?usp=sharing

If you're interested, I'd be happy to discuss details — and if you'd like, tell me how you'd want yours to look and I'll put one together for MACHETE to look at first, no cost.

Would love any feedback either way. Have a great day!

Best regards,
Ethan

---
c/o IP-Management #8850
Ludwig-Erhard-Straße 18
20459 Hamburg
Deutschland
Don't want to hear from me again? Just reply and let me know."
Lowercase NYC,hello@lowercasenyc.com,"USA · Brooklyn, NY",Sunglasses,https://lowercasenyc.com/,@lowercasenyc,quick idea for Lowercase NYC,"Hi there,

I came across Lowercase NYC and your Sunglasses really stood out — but I couldn't find a single video on the site or your Instagram.

My name is Ethan and I'm writing with a collaboration idea.

I noticed an opportunity to boost sales through motion design, which has a proven impact on brand perception — 63% of people worldwide say they prefer watching a short video about a product before buying it.

I specialize in turning existing product photos into high-converting 16:9 video ads (no filming needed) and I'd love to create one for Lowercase NYC.

Here are 3 sample videos so you can see the quality: https://drive.google.com/drive/folders/1QL-_djO9K9sW-ETXCa_t53SuwNP0bOzl?usp=sharing

If you're interested, I'd be happy to discuss details — and if you'd like, tell me how you'd want yours to look and I'll put one together for Lowercase NYC to look at first, no cost.

Would love any feedback either way. Have a great day!

Best regards,
Ethan

---
c/o IP-Management #8850
Ludwig-Erhard-Straße 18
20459 Hamburg
Deutschland
Don't want to hear from me again? Just reply and let me know."
Brynn Capella,sales@brynncapella.com,"USA · Chicago, IL",Bags,https://brynncapella.com/,@brynncapella,quick idea for Brynn Capella,"Hi there,

I came across Brynn Capella and how clean your Bags photography looks — really caught my attention.

My name is Ethan and I'm writing with a collaboration idea.

I noticed an opportunity to boost sales through motion design, which has a proven impact on brand perception — 63% of people worldwide say they prefer watching a short video about a product before buying it.

I specialize in turning existing product photos into high-converting 16:9 video ads (no filming needed) and I'd love to create one for Brynn Capella.

Here are 3 sample videos so you can see the quality: https://drive.google.com/drive/folders/1QL-_djO9K9sW-ETXCa_t53SuwNP0bOzl?usp=sharing

If you're interested, I'd be happy to discuss details — and if you'd like, tell me how you'd want yours to look and I'll put one together for Brynn Capella to look at first, no cost.

Would love any feedback either way. Have a great day!

Best regards,
Ethan

---
c/o IP-Management #8850
Ludwig-Erhard-Straße 18
20459 Hamburg
Deutschland
Don't want to hear from me again? Just reply and let me know."
Janessa Leoné,concierge@janessaleone.com,"USA · Los Angeles, CA",Bags,https://janessaleone.com/,@janessaleone,quick idea for Janessa Leoné,"Hi there,

I came across Janessa Leoné — your Bags lineup looks great, and I noticed there's no video anywhere on your site or ads yet.

My name is Ethan and I'm writing with a collaboration idea.

I noticed an opportunity to boost sales through motion design, which has a proven impact on brand perception — 63% of people worldwide say they prefer watching a short video about a product before buying it.

I specialize in turning existing product photos into high-converting 16:9 video ads (no filming needed) and I'd love to create one for Janessa Leoné.

Here are 3 sample videos so you can see the quality: https://drive.google.com/drive/folders/1QL-_djO9K9sW-ETXCa_t53SuwNP0bOzl?usp=sharing

If you're interested, I'd be happy to discuss details — and if you'd like, tell me how you'd want yours to look and I'll put one together for Janessa Leoné to look at first, no cost.

Would love any feedback either way. Have a great day!

Best regards,
Ethan

---
c/o IP-Management #8850
Ludwig-Erhard-Straße 18
20459 Hamburg
Deutschland
Don't want to hear from me again? Just reply and let me know."
Islander Watch (Long Island Watch),sales@longislandwatch.com,"USA · Farmingdale, NY",Watches,https://longislandwatch.com/islander-watches/,@islanderwatch,quick idea for Islander Watch (Long Island Watch),"Hi there,

I was looking at Islander Watch (Long Island Watch)'s site and noticed your Watches are shown in photos only — no video anywhere yet.

My name is Ethan and I'm writing with a collaboration idea.

I noticed an opportunity to boost sales through motion design, which has a proven impact on brand perception — 63% of people worldwide say they prefer watching a short video about a product before buying it.

I specialize in turning existing product photos into high-converting 16:9 video ads (no filming needed) and I'd love to create one for Islander Watch (Long Island Watch).

Here are 3 sample videos so you can see the quality: https://drive.google.com/drive/folders/1QL-_djO9K9sW-ETXCa_t53SuwNP0bOzl?usp=sharing

If you're interested, I'd be happy to discuss details — and if you'd like, tell me how you'd want yours to look and I'll put one together for Islander Watch (Long Island Watch) to look at first, no cost.

Would love any feedback either way. Have a great day!

Best regards,
Ethan

---
c/o IP-Management #8850
Ludwig-Erhard-Straße 18
20459 Hamburg
Deutschland
Don't want to hear from me again? Just reply and let me know."
Tammy Fender,partners@tammyfender.com,"USA · West Palm Beach, FL",Skincare,https://tammyfender.com/,@tammyfender,quick idea for Tammy Fender,"Hi there,

I came across Tammy Fender and your Skincare really stood out — but I couldn't find a single video on the site or your Instagram.

My name is Ethan and I'm writing with a collaboration idea.

I noticed an opportunity to boost sales through motion design, which has a proven impact on brand perception — 63% of people worldwide say they prefer watching a short video about a product before buying it.

I specialize in turning existing product photos into high-converting 16:9 video ads (no filming needed) and I'd love to create one for Tammy Fender.

Here are 3 sample videos so you can see the quality: https://drive.google.com/drive/folders/1QL-_djO9K9sW-ETXCa_t53SuwNP0bOzl?usp=sharing

If you're interested, I'd be happy to discuss details — and if you'd like, tell me how you'd want yours to look and I'll put one together for Tammy Fender to look at first, no cost.

Would love any feedback either way. Have a great day!

Best regards,
Ethan

---
c/o IP-Management #8850
Ludwig-Erhard-Straße 18
20459 Hamburg
Deutschland
Don't want to hear from me again? Just reply and let me know."
One Love Organics,service@oneloveorganics.com,"USA · St. Simons Island, GA",Skincare,https://www.oneloveorganics.com/,@oneloveorganics,quick idea for One Love Organics,"Hi there,

I came across One Love Organics and how clean your Skincare photography looks — really caught my attention.

My name is Ethan and I'm writing with a collaboration idea.

I noticed an opportunity to boost sales through motion design, which has a proven impact on brand perception — 63% of people worldwide say they prefer watching a short video about a product before buying it.

I specialize in turning existing product photos into high-converting 16:9 video ads (no filming needed) and I'd love to create one for One Love Organics.

Here are 3 sample videos so you can see the quality: https://drive.google.com/drive/folders/1QL-_djO9K9sW-ETXCa_t53SuwNP0bOzl?usp=sharing

If you're interested, I'd be happy to discuss details — and if you'd like, tell me how you'd want yours to look and I'll put one together for One Love Organics to look at first, no cost.

Would love any feedback either way. Have a great day!

Best regards,
Ethan

---
c/o IP-Management #8850
Ludwig-Erhard-Straße 18
20459 Hamburg
Deutschland
Don't want to hear from me again? Just reply and let me know."
French Farmacie,hello@frenchfarmacie.com,"USA · Westchester, NY",Skincare,https://frenchfarmacie.com/,@frenchfarmacie,quick idea for French Farmacie,"Hi there,

I came across French Farmacie — your Skincare lineup looks great, and I noticed there's no video anywhere on your site or ads yet.

My name is Ethan and I'm writing with a collaboration idea.

I noticed an opportunity to boost sales through motion design, which has a proven impact on brand perception — 63% of people worldwide say they prefer watching a short video about a product before buying it.

I specialize in turning existing product photos into high-converting 16:9 video ads (no filming needed) and I'd love to create one for French Farmacie.

Here are 3 sample videos so you can see the quality: https://drive.google.com/drive/folders/1QL-_djO9K9sW-ETXCa_t53SuwNP0bOzl?usp=sharing

If you're interested, I'd be happy to discuss details — and if you'd like, tell me how you'd want yours to look and I'll put one together for French Farmacie to look at first, no cost.

Would love any feedback either way. Have a great day!

Best regards,
Ethan

---
c/o IP-Management #8850
Ludwig-Erhard-Straße 18
20459 Hamburg
Deutschland
Don't want to hear from me again? Just reply and let me know."
Klur,info@klur.co,USA,Skincare,https://klur.co/,@klur.co,quick idea for Klur,"Hi there,

I was looking at Klur's site and noticed your Skincare are shown in photos only — no video anywhere yet.

My name is Ethan and I'm writing with a collaboration idea.

I noticed an opportunity to boost sales through motion design, which has a proven impact on brand perception — 63% of people worldwide say they prefer watching a short video about a product before buying it.

I specialize in turning existing product photos into high-converting 16:9 video ads (no filming needed) and I'd love to create one for Klur.

Here are 3 sample videos so you can see the quality: https://drive.google.com/drive/folders/1QL-_djO9K9sW-ETXCa_t53SuwNP0bOzl?usp=sharing

If you're interested, I'd be happy to discuss details — and if you'd like, tell me how you'd want yours to look and I'll put one together for Klur to look at first, no cost.

Would love any feedback either way. Have a great day!

Best regards,
Ethan

---
c/o IP-Management #8850
Ludwig-Erhard-Straße 18
20459 Hamburg
Deutschland
Don't want to hear from me again? Just reply and let me know."
Kate McLeod,support@katemcleod.com,"USA · Hudson Valley, NY",Skincare (body care),https://www.katemcleod.com/,@katemcleod,quick idea for Kate McLeod,"Hi there,

I came across Kate McLeod and your Skincare really stood out — but I couldn't find a single video on the site or your Instagram.

My name is Ethan and I'm writing with a collaboration idea.

I noticed an opportunity to boost sales through motion design, which has a proven impact on brand perception — 63% of people worldwide say they prefer watching a short video about a product before buying it.

I specialize in turning existing product photos into high-converting 16:9 video ads (no filming needed) and I'd love to create one for Kate McLeod.

Here are 3 sample videos so you can see the quality: https://drive.google.com/drive/folders/1QL-_djO9K9sW-ETXCa_t53SuwNP0bOzl?usp=sharing

If you're interested, I'd be happy to discuss details — and if you'd like, tell me how you'd want yours to look and I'll put one together for Kate McLeod to look at first, no cost.

Would love any feedback either way. Have a great day!

Best regards,
Ethan

---
c/o IP-Management #8850
Ludwig-Erhard-Straße 18
20459 Hamburg
Deutschland
Don't want to hear from me again? Just reply and let me know."
Captain Blankenship,wholesale@captainblankenship.com,"USA · Hudson Valley (New Paltz), NY",Haircare,https://captainblankenship.com/,@captainblankenship,quick idea for Captain Blankenship,"Hi there,

I came across Captain Blankenship and how clean your Haircare photography looks — really caught my attention.

My name is Ethan and I'm writing with a collaboration idea.

I noticed an opportunity to boost sales through motion design, which has a proven impact on brand perception — 63% of people worldwide say they prefer watching a short video about a product before buying it.

I specialize in turning existing product photos into high-converting 16:9 video ads (no filming needed) and I'd love to create one for Captain Blankenship.

Here are 3 sample videos so you can see the quality: https://drive.google.com/drive/folders/1QL-_djO9K9sW-ETXCa_t53SuwNP0bOzl?usp=sharing

If you're interested, I'd be happy to discuss details — and if you'd like, tell me how you'd want yours to look and I'll put one together for Captain Blankenship to look at first, no cost.

Would love any feedback either way. Have a great day!

Best regards,
Ethan

---
c/o IP-Management #8850
Ludwig-Erhard-Straße 18
20459 Hamburg
Deutschland
Don't want to hear from me again? Just reply and let me know."
KYPRIS Beauty,love@kyprisbeauty.com,"USA · Scottsdale, AZ",Skincare,https://kyprisbeauty.com/,@kyprisbeauty,quick idea for KYPRIS Beauty,"Hi there,

I came across KYPRIS Beauty — your Skincare lineup looks great, and I noticed there's no video anywhere on your site or ads yet.

My name is Ethan and I'm writing with a collaboration idea.

I noticed an opportunity to boost sales through motion design, which has a proven impact on brand perception — 63% of people worldwide say they prefer watching a short video about a product before buying it.

I specialize in turning existing product photos into high-converting 16:9 video ads (no filming needed) and I'd love to create one for KYPRIS Beauty.

Here are 3 sample videos so you can see the quality: https://drive.google.com/drive/folders/1QL-_djO9K9sW-ETXCa_t53SuwNP0bOzl?usp=sharing

If you're interested, I'd be happy to discuss details — and if you'd like, tell me how you'd want yours to look and I'll put one together for KYPRIS Beauty to look at first, no cost.

Would love any feedback either way. Have a great day!

Best regards,
Ethan

---
c/o IP-Management #8850
Ludwig-Erhard-Straße 18
20459 Hamburg
Deutschland
Don't want to hear from me again? Just reply and let me know."
Meow Meow Tweet,hello@meowmeowtweet.com,"USA · Brooklyn, NY",Skincare / Deodorant,https://meowmeowtweet.com/,@meowmeowtweet,quick idea for Meow Meow Tweet,"Hi there,

I was looking at Meow Meow Tweet's site and noticed your Skincare / Deodorant are shown in photos only — no video anywhere yet.

My name is Ethan and I'm writing with a collaboration idea.

I noticed an opportunity to boost sales through motion design, which has a proven impact on brand perception — 63% of people worldwide say they prefer watching a short video about a product before buying it.

I specialize in turning existing product photos into high-converting 16:9 video ads (no filming needed) and I'd love to create one for Meow Meow Tweet.

Here are 3 sample videos so you can see the quality: https://drive.google.com/drive/folders/1QL-_djO9K9sW-ETXCa_t53SuwNP0bOzl?usp=sharing

If you're interested, I'd be happy to discuss details — and if you'd like, tell me how you'd want yours to look and I'll put one together for Meow Meow Tweet to look at first, no cost.

Would love any feedback either way. Have a great day!

Best regards,
Ethan

---
c/o IP-Management #8850
Ludwig-Erhard-Straße 18
20459 Hamburg
Deutschland
Don't want to hear from me again? Just reply and let me know."
Fur,hello@furyou.com,"USA · New York, NY",Haircare / Bodycare,https://furyou.com/,@fur_you,quick idea for Fur,"Hi there,

I came across Fur and your Haircare / Bodycare really stood out — but I couldn't find a single video on the site or your Instagram.

My name is Ethan and I'm writing with a collaboration idea.

I noticed an opportunity to boost sales through motion design, which has a proven impact on brand perception — 63% of people worldwide say they prefer watching a short video about a product before buying it.

I specialize in turning existing product photos into high-converting 16:9 video ads (no filming needed) and I'd love to create one for Fur.

Here are 3 sample videos so you can see the quality: https://drive.google.com/drive/folders/1QL-_djO9K9sW-ETXCa_t53SuwNP0bOzl?usp=sharing

If you're interested, I'd be happy to discuss details — and if you'd like, tell me how you'd want yours to look and I'll put one together for Fur to look at first, no cost.

Would love any feedback either way. Have a great day!

Best regards,
Ethan

---
c/o IP-Management #8850
Ludwig-Erhard-Straße 18
20459 Hamburg
Deutschland
Don't want to hear from me again? Just reply and let me know."
Scultura Activewear,contact@scultura-activewear.com,UK · London,Activewear,https://www.scultura-activewear.com/,@sculturaactivewear,quick idea for Scultura Activewear,"Hi there,

I came across Scultura Activewear and how clean your Activewear photography looks — really caught my attention.

My name is Ethan and I'm writing with a collaboration idea.

I noticed an opportunity to boost sales through motion design, which has a proven impact on brand perception — 63% of people worldwide say they prefer watching a short video about a product before buying it.

I specialize in turning existing product photos into high-converting 16:9 video ads (no filming needed) and I'd love to create one for Scultura Activewear.

Here are 3 sample videos so you can see the quality: https://drive.google.com/drive/folders/1QL-_djO9K9sW-ETXCa_t53SuwNP0bOzl?usp=sharing

If you're interested, I'd be happy to discuss details — and if you'd like, tell me how you'd want yours to look and I'll put one together for Scultura Activewear to look at first, no cost.

Would love any feedback either way. Have a great day!

Best regards,
Ethan

---
c/o IP-Management #8850
Ludwig-Erhard-Straße 18
20459 Hamburg
Deutschland
Don't want to hear from me again? Just reply and let me know."
Incl.usiveinc,contact@inclusiveinc.co.uk,UK · Milton Keynes,Activewear,https://www.inclusiveinc.co.uk/en-us,@incl.usiveinc,quick idea for Incl.usiveinc,"Hi there,

I came across Incl.usiveinc — your Activewear lineup looks great, and I noticed there's no video anywhere on your site or ads yet.

My name is Ethan and I'm writing with a collaboration idea.

I noticed an opportunity to boost sales through motion design, which has a proven impact on brand perception — 63% of people worldwide say they prefer watching a short video about a product before buying it.

I specialize in turning existing product photos into high-converting 16:9 video ads (no filming needed) and I'd love to create one for Incl.usiveinc.

Here are 3 sample videos so you can see the quality: https://drive.google.com/drive/folders/1QL-_djO9K9sW-ETXCa_t53SuwNP0bOzl?usp=sharing

If you're interested, I'd be happy to discuss details — and if you'd like, tell me how you'd want yours to look and I'll put one together for Incl.usiveinc to look at first, no cost.

Would love any feedback either way. Have a great day!

Best regards,
Ethan

---
c/o IP-Management #8850
Ludwig-Erhard-Straße 18
20459 Hamburg
Deutschland
Don't want to hear from me again? Just reply and let me know."
Yogamasti,info@yogamasti.com,UK · Coventry,Yoga Apparel,https://yogamasti.co.uk/,@yogamasti,quick idea for Yogamasti,"Hi there,

I was looking at Yogamasti's site and noticed your Yoga Apparel are shown in photos only — no video anywhere yet.

My name is Ethan and I'm writing with a collaboration idea.

I noticed an opportunity to boost sales through motion design, which has a proven impact on brand perception — 63% of people worldwide say they prefer watching a short video about a product before buying it.

I specialize in turning existing product photos into high-converting 16:9 video ads (no filming needed) and I'd love to create one for Yogamasti.

Here are 3 sample videos so you can see the quality: https://drive.google.com/drive/folders/1QL-_djO9K9sW-ETXCa_t53SuwNP0bOzl?usp=sharing

If you're interested, I'd be happy to discuss details — and if you'd like, tell me how you'd want yours to look and I'll put one together for Yogamasti to look at first, no cost.

Would love any feedback either way. Have a great day!

Best regards,
Ethan

---
c/o IP-Management #8850
Ludwig-Erhard-Straße 18
20459 Hamburg
Deutschland
Don't want to hear from me again? Just reply and let me know."
YANA Active,management@yanaactive.co.uk,UK · Newcastle upon Tyne,Activewear,https://www.yanaactive.co.uk/,@yanaactive,quick idea for YANA Active,"Hi there,

I came across YANA Active and your Activewear really stood out — but I couldn't find a single video on the site or your Instagram.

My name is Ethan and I'm writing with a collaboration idea.

I noticed an opportunity to boost sales through motion design, which has a proven impact on brand perception — 63% of people worldwide say they prefer watching a short video about a product before buying it.

I specialize in turning existing product photos into high-converting 16:9 video ads (no filming needed) and I'd love to create one for YANA Active.

Here are 3 sample videos so you can see the quality: https://drive.google.com/drive/folders/1QL-_djO9K9sW-ETXCa_t53SuwNP0bOzl?usp=sharing

If you're interested, I'd be happy to discuss details — and if you'd like, tell me how you'd want yours to look and I'll put one together for YANA Active to look at first, no cost.

Would love any feedback either way. Have a great day!

Best regards,
Ethan

---
c/o IP-Management #8850
Ludwig-Erhard-Straße 18
20459 Hamburg
Deutschland
Don't want to hear from me again? Just reply and let me know."
Avo Activewear,hello@avoactivewear.com,UK · Bristol,Activewear (petite sizing),https://avoactivewear.com/,@avoactivewear,quick idea for Avo Activewear,"Hi there,

I came across Avo Activewear and how clean your Activewear photography looks — really caught my attention.

My name is Ethan and I'm writing with a collaboration idea.

I noticed an opportunity to boost sales through motion design, which has a proven impact on brand perception — 63% of people worldwide say they prefer watching a short video about a product before buying it.

I specialize in turning existing product photos into high-converting 16:9 video ads (no filming needed) and I'd love to create one for Avo Activewear.

Here are 3 sample videos so you can see the quality: https://drive.google.com/drive/folders/1QL-_djO9K9sW-ETXCa_t53SuwNP0bOzl?usp=sharing

If you're interested, I'd be happy to discuss details — and if you'd like, tell me how you'd want yours to look and I'll put one together for Avo Activewear to look at first, no cost.

Would love any feedback either way. Have a great day!

Best regards,
Ethan

---
c/o IP-Management #8850
Ludwig-Erhard-Straße 18
20459 Hamburg
Deutschland
Don't want to hear from me again? Just reply and let me know."
Ekotex Yoga,stayintouch@ekotexyoga.co.uk,UK · Edinburgh,Yoga Gear (mats/props),https://ekotexyoga.co.uk/,@ekotexyoga,quick idea for Ekotex Yoga,"Hi there,

I came across Ekotex Yoga — your Yoga Gear lineup looks great, and I noticed there's no video anywhere on your site or ads yet.

My name is Ethan and I'm writing with a collaboration idea.

I noticed an opportunity to boost sales through motion design, which has a proven impact on brand perception — 63% of people worldwide say they prefer watching a short video about a product before buying it.

I specialize in turning existing product photos into high-converting 16:9 video ads (no filming needed) and I'd love to create one for Ekotex Yoga.

Here are 3 sample videos so you can see the quality: https://drive.google.com/drive/folders/1QL-_djO9K9sW-ETXCa_t53SuwNP0bOzl?usp=sharing

If you're interested, I'd be happy to discuss details — and if you'd like, tell me how you'd want yours to look and I'll put one together for Ekotex Yoga to look at first, no cost.

Would love any feedback either way. Have a great day!

Best regards,
Ethan

---
c/o IP-Management #8850
Ludwig-Erhard-Straße 18
20459 Hamburg
Deutschland
Don't want to hear from me again? Just reply and let me know."
Yogi Bare,carebare@yogi-bare.com,UK · London,Yoga Gear (mats),https://www.yogi-bare.co.uk/,@yogi.bare,quick idea for Yogi Bare,"Hi there,

I was looking at Yogi Bare's site and noticed your Yoga Gear are shown in photos only — no video anywhere yet.

My name is Ethan and I'm writing with a collaboration idea.

I noticed an opportunity to boost sales through motion design, which has a proven impact on brand perception — 63% of people worldwide say they prefer watching a short video about a product before buying it.

I specialize in turning existing product photos into high-converting 16:9 video ads (no filming needed) and I'd love to create one for Yogi Bare.

Here are 3 sample videos so you can see the quality: https://drive.google.com/drive/folders/1QL-_djO9K9sW-ETXCa_t53SuwNP0bOzl?usp=sharing

If you're interested, I'd be happy to discuss details — and if you'd like, tell me how you'd want yours to look and I'll put one together for Yogi Bare to look at first, no cost.

Would love any feedback either way. Have a great day!

Best regards,
Ethan

---
c/o IP-Management #8850
Ludwig-Erhard-Straße 18
20459 Hamburg
Deutschland
Don't want to hear from me again? Just reply and let me know."
Buds Fitness,info@budsfitness.co.uk,"UK · Sawtry, Cambridgeshire",Fitness Accessories/Gym Equipment (small family-run studio + shop),https://www.budsfitness.co.uk/,@buds.fitness,quick idea for Buds Fitness,"Hi there,

I came across Buds Fitness and your Fitness Accessories/Gym Equipment really stood out — but I couldn't find a single video on the site or your Instagram.

My name is Ethan and I'm writing with a collaboration idea.

I noticed an opportunity to boost sales through motion design, which has a proven impact on brand perception — 63% of people worldwide say they prefer watching a short video about a product before buying it.

I specialize in turning existing product photos into high-converting 16:9 video ads (no filming needed) and I'd love to create one for Buds Fitness.

Here are 3 sample videos so you can see the quality: https://drive.google.com/drive/folders/1QL-_djO9K9sW-ETXCa_t53SuwNP0bOzl?usp=sharing

If you're interested, I'd be happy to discuss details — and if you'd like, tell me how you'd want yours to look and I'll put one together for Buds Fitness to look at first, no cost.

Would love any feedback either way. Have a great day!

Best regards,
Ethan

---
c/o IP-Management #8850
Ludwig-Erhard-Straße 18
20459 Hamburg
Deutschland
Don't want to hear from me again? Just reply and let me know."
Made of Water,info@madeofwater.co.uk,UK · Cornwall,Sports Accessories (wild-swimming apparel & gear),https://madeofwater.co.uk/,@madeofwateruk,quick idea for Made of Water,"Hi there,

I came across Made of Water and how clean your Sports Accessories photography looks — really caught my attention.

My name is Ethan and I'm writing with a collaboration idea.

I noticed an opportunity to boost sales through motion design, which has a proven impact on brand perception — 63% of people worldwide say they prefer watching a short video about a product before buying it.

I specialize in turning existing product photos into high-converting 16:9 video ads (no filming needed) and I'd love to create one for Made of Water.

Here are 3 sample videos so you can see the quality: https://drive.google.com/drive/folders/1QL-_djO9K9sW-ETXCa_t53SuwNP0bOzl?usp=sharing

If you're interested, I'd be happy to discuss details — and if you'd like, tell me how you'd want yours to look and I'll put one together for Made of Water to look at first, no cost.

Would love any feedback either way. Have a great day!

Best regards,
Ethan

---
c/o IP-Management #8850
Ludwig-Erhard-Straße 18
20459 Hamburg
Deutschland
Don't want to hear from me again? Just reply and let me know."
Atom Packs,hello@atompacks.co.uk,"UK · Keswick, Cumbria (Lake District)",Outdoor Gear (made-to-order ultralight hiking backpacks),https://atompacks.co.uk/,@atompacks,quick idea for Atom Packs,"Hi there,

I came across Atom Packs — your Outdoor Gear lineup looks great, and I noticed there's no video anywhere on your site or ads yet.

My name is Ethan and I'm writing with a collaboration idea.

I noticed an opportunity to boost sales through motion design, which has a proven impact on brand perception — 63% of people worldwide say they prefer watching a short video about a product before buying it.

I specialize in turning existing product photos into high-converting 16:9 video ads (no filming needed) and I'd love to create one for Atom Packs.

Here are 3 sample videos so you can see the quality: https://drive.google.com/drive/folders/1QL-_djO9K9sW-ETXCa_t53SuwNP0bOzl?usp=sharing

If you're interested, I'd be happy to discuss details — and if you'd like, tell me how you'd want yours to look and I'll put one together for Atom Packs to look at first, no cost.

Would love any feedback either way. Have a great day!

Best regards,
Ethan

---
c/o IP-Management #8850
Ludwig-Erhard-Straße 18
20459 Hamburg
Deutschland
Don't want to hear from me again? Just reply and let me know."
Mad Viking Beard Co.,shop@madvikingbeard.com,USA · Pennsylvania,"Beard oil, balm, wash",https://madvikingbeard.com/,@madvikingbeardco,quick idea for Mad Viking Beard Co.,"Hi there,

I was looking at Mad Viking Beard Co.'s site and noticed your Beard oil, balm, wash are shown in photos only — no video anywhere yet.

My name is Ethan and I'm writing with a collaboration idea.

I noticed an opportunity to boost sales through motion design, which has a proven impact on brand perception — 63% of people worldwide say they prefer watching a short video about a product before buying it.

I specialize in turning existing product photos into high-converting 16:9 video ads (no filming needed) and I'd love to create one for Mad Viking Beard Co..

Here are 3 sample videos so you can see the quality: https://drive.google.com/drive/folders/1QL-_djO9K9sW-ETXCa_t53SuwNP0bOzl?usp=sharing

If you're interested, I'd be happy to discuss details — and if you'd like, tell me how you'd want yours to look and I'll put one together for Mad Viking Beard Co. to look at first, no cost.

Would love any feedback either way. Have a great day!

Best regards,
Ethan

---
c/o IP-Management #8850
Ludwig-Erhard-Straße 18
20459 Hamburg
Deutschland
Don't want to hear from me again? Just reply and let me know."
Texas Beard Company,info@texasbeardcompany.com,USA · Texas,"Beard oil, balm, wash",https://www.texasbeardcompany.com/,@txbeardco,quick idea for Texas Beard Company,"Hi there,

I came across Texas Beard Company and your Beard oil, balm, wash really stood out — but I couldn't find a single video on the site or your Instagram.

My name is Ethan and I'm writing with a collaboration idea.

I noticed an opportunity to boost sales through motion design, which has a proven impact on brand perception — 63% of people worldwide say they prefer watching a short video about a product before buying it.

I specialize in turning existing product photos into high-converting 16:9 video ads (no filming needed) and I'd love to create one for Texas Beard Company.

Here are 3 sample videos so you can see the quality: https://drive.google.com/drive/folders/1QL-_djO9K9sW-ETXCa_t53SuwNP0bOzl?usp=sharing

If you're interested, I'd be happy to discuss details — and if you'd like, tell me how you'd want yours to look and I'll put one together for Texas Beard Company to look at first, no cost.

Would love any feedback either way. Have a great day!

Best regards,
Ethan

---
c/o IP-Management #8850
Ludwig-Erhard-Straße 18
20459 Hamburg
Deutschland
Don't want to hear from me again? Just reply and let me know."
Mountaineer Brand Products,support@mountaineerbrand.com,USA · West Virginia,"Beard care, shave, body care",https://www.mountaineerbrand.com/,@mountaineerbrand,quick idea for Mountaineer Brand Products,"Hi there,

I came across Mountaineer Brand Products and how clean your Beard care, shave, body care photography looks — really caught my attention.

My name is Ethan and I'm writing with a collaboration idea.

I noticed an opportunity to boost sales through motion design, which has a proven impact on brand perception — 63% of people worldwide say they prefer watching a short video about a product before buying it.

I specialize in turning existing product photos into high-converting 16:9 video ads (no filming needed) and I'd love to create one for Mountaineer Brand Products.

Here are 3 sample videos so you can see the quality: https://drive.google.com/drive/folders/1QL-_djO9K9sW-ETXCa_t53SuwNP0bOzl?usp=sharing

If you're interested, I'd be happy to discuss details — and if you'd like, tell me how you'd want yours to look and I'll put one together for Mountaineer Brand Products to look at first, no cost.

Would love any feedback either way. Have a great day!

Best regards,
Ethan

---
c/o IP-Management #8850
Ludwig-Erhard-Straße 18
20459 Hamburg
Deutschland
Don't want to hear from me again? Just reply and let me know."
Bearded Coast Grooming Co.,info@beardedcoast.com,USA · California/Tennessee,"Beard oil, balm, small-batch grooming",https://beardedcoast.com/,@beardedcoast,quick idea for Bearded Coast Grooming Co.,"Hi there,

I came across Bearded Coast Grooming Co. — your Beard oil, balm, small-batch grooming lineup looks great, and I noticed there's no video anywhere on your site or ads yet.

My name is Ethan and I'm writing with a collaboration idea.

I noticed an opportunity to boost sales through motion design, which has a proven impact on brand perception — 63% of people worldwide say they prefer watching a short video about a product before buying it.

I specialize in turning existing product photos into high-converting 16:9 video ads (no filming needed) and I'd love to create one for Bearded Coast Grooming Co..

Here are 3 sample videos so you can see the quality: https://drive.google.com/drive/folders/1QL-_djO9K9sW-ETXCa_t53SuwNP0bOzl?usp=sharing

If you're interested, I'd be happy to discuss details — and if you'd like, tell me how you'd want yours to look and I'll put one together for Bearded Coast Grooming Co. to look at first, no cost.

Would love any feedback either way. Have a great day!

Best regards,
Ethan

---
c/o IP-Management #8850
Ludwig-Erhard-Straße 18
20459 Hamburg
Deutschland
Don't want to hear from me again? Just reply and let me know."
Kühn Products,cgrimm@kuhnproducts.com,USA · Utah,"Beard balm, oil, butter, skincare",https://kuhnproducts.com/,@kuhn_products,quick idea for Kühn Products,"Hi there,

I was looking at Kühn Products's site and noticed your Beard balm, oil, butter, skincare are shown in photos only — no video anywhere yet.

My name is Ethan and I'm writing with a collaboration idea.

I noticed an opportunity to boost sales through motion design, which has a proven impact on brand perception — 63% of people worldwide say they prefer watching a short video about a product before buying it.

I specialize in turning existing product photos into high-converting 16:9 video ads (no filming needed) and I'd love to create one for Kühn Products.

Here are 3 sample videos so you can see the quality: https://drive.google.com/drive/folders/1QL-_djO9K9sW-ETXCa_t53SuwNP0bOzl?usp=sharing

If you're interested, I'd be happy to discuss details — and if you'd like, tell me how you'd want yours to look and I'll put one together for Kühn Products to look at first, no cost.

Would love any feedback either way. Have a great day!

Best regards,
Ethan

---
c/o IP-Management #8850
Ludwig-Erhard-Straße 18
20459 Hamburg
Deutschland
Don't want to hear from me again? Just reply and let me know."
Bedlam Beard Co.,info@gotbedlam.com,USA · Indiana,"Beard oil, balm, wash, gear",https://gotbedlam.com/,@bdlmbrd,quick idea for Bedlam Beard Co.,"Hi there,

I came across Bedlam Beard Co. and your Beard oil, balm, wash, gear really stood out — but I couldn't find a single video on the site or your Instagram.

My name is Ethan and I'm writing with a collaboration idea.

I noticed an opportunity to boost sales through motion design, which has a proven impact on brand perception — 63% of people worldwide say they prefer watching a short video about a product before buying it.

I specialize in turning existing product photos into high-converting 16:9 video ads (no filming needed) and I'd love to create one for Bedlam Beard Co..

Here are 3 sample videos so you can see the quality: https://drive.google.com/drive/folders/1QL-_djO9K9sW-ETXCa_t53SuwNP0bOzl?usp=sharing

If you're interested, I'd be happy to discuss details — and if you'd like, tell me how you'd want yours to look and I'll put one together for Bedlam Beard Co. to look at first, no cost.

Would love any feedback either way. Have a great day!

Best regards,
Ethan

---
c/o IP-Management #8850
Ludwig-Erhard-Straße 18
20459 Hamburg
Deutschland
Don't want to hear from me again? Just reply and let me know."
Chattanooga Beard Co.,info@chattanoogabeard.co,USA · Tennessee,"Beard oil, balm",https://chattanoogabeard.co/,@chattanoogabeardco,quick idea for Chattanooga Beard Co.,"Hi there,

I came across Chattanooga Beard Co. and how clean your Beard oil, balm photography looks — really caught my attention.

My name is Ethan and I'm writing with a collaboration idea.

I noticed an opportunity to boost sales through motion design, which has a proven impact on brand perception — 63% of people worldwide say they prefer watching a short video about a product before buying it.

I specialize in turning existing product photos into high-converting 16:9 video ads (no filming needed) and I'd love to create one for Chattanooga Beard Co..

Here are 3 sample videos so you can see the quality: https://drive.google.com/drive/folders/1QL-_djO9K9sW-ETXCa_t53SuwNP0bOzl?usp=sharing

If you're interested, I'd be happy to discuss details — and if you'd like, tell me how you'd want yours to look and I'll put one together for Chattanooga Beard Co. to look at first, no cost.

Would love any feedback either way. Have a great day!

Best regards,
Ethan

---
c/o IP-Management #8850
Ludwig-Erhard-Straße 18
20459 Hamburg
Deutschland
Don't want to hear from me again? Just reply and let me know."
Wit & West,info@witandwest.com,USA · Colorado,Men's natural fragrance/cologne,https://witandwest.com/,@witandwest,quick idea for Wit & West,"Hi there,

I came across Wit & West — your Men's natural fragrance/cologne lineup looks great, and I noticed there's no video anywhere on your site or ads yet.

My name is Ethan and I'm writing with a collaboration idea.

I noticed an opportunity to boost sales through motion design, which has a proven impact on brand perception — 63% of people worldwide say they prefer watching a short video about a product before buying it.

I specialize in turning existing product photos into high-converting 16:9 video ads (no filming needed) and I'd love to create one for Wit & West.

Here are 3 sample videos so you can see the quality: https://drive.google.com/drive/folders/1QL-_djO9K9sW-ETXCa_t53SuwNP0bOzl?usp=sharing

If you're interested, I'd be happy to discuss details — and if you'd like, tell me how you'd want yours to look and I'll put one together for Wit & West to look at first, no cost.

Would love any feedback either way. Have a great day!

Best regards,
Ethan

---
c/o IP-Management #8850
Ludwig-Erhard-Straße 18
20459 Hamburg
Deutschland
Don't want to hear from me again? Just reply and let me know."
MEAN BEARD Co.,info@meanbeardco.com,USA · Ohio,"Beard oil, balm, wash, conditioner",https://meanbeardco.com/,@mean_beard,quick idea for MEAN BEARD Co.,"Hi there,

I was looking at MEAN BEARD Co.'s site and noticed your Beard oil, balm, wash, conditioner are shown in photos only — no video anywhere yet.

My name is Ethan and I'm writing with a collaboration idea.

I noticed an opportunity to boost sales through motion design, which has a proven impact on brand perception — 63% of people worldwide say they prefer watching a short video about a product before buying it.

I specialize in turning existing product photos into high-converting 16:9 video ads (no filming needed) and I'd love to create one for MEAN BEARD Co..

Here are 3 sample videos so you can see the quality: https://drive.google.com/drive/folders/1QL-_djO9K9sW-ETXCa_t53SuwNP0bOzl?usp=sharing

If you're interested, I'd be happy to discuss details — and if you'd like, tell me how you'd want yours to look and I'll put one together for MEAN BEARD Co. to look at first, no cost.

Would love any feedback either way. Have a great day!

Best regards,
Ethan

---
c/o IP-Management #8850
Ludwig-Erhard-Straße 18
20459 Hamburg
Deutschland
Don't want to hear from me again? Just reply and let me know."
The Brighton Beard Company,hello@thebrightonbeardcompany.co.uk,UK · England,"Beard oil, balm, men's skincare",https://www.thebrightonbeardcompany.co.uk/,@brightonbeardco,quick idea for The Brighton Beard Company,"Hi there,

I came across The Brighton Beard Company and your Beard oil, balm, men's skincare really stood out — but I couldn't find a single video on the site or your Instagram.

My name is Ethan and I'm writing with a collaboration idea.

I noticed an opportunity to boost sales through motion design, which has a proven impact on brand perception — 63% of people worldwide say they prefer watching a short video about a product before buying it.

I specialize in turning existing product photos into high-converting 16:9 video ads (no filming needed) and I'd love to create one for The Brighton Beard Company.

Here are 3 sample videos so you can see the quality: https://drive.google.com/drive/folders/1QL-_djO9K9sW-ETXCa_t53SuwNP0bOzl?usp=sharing

If you're interested, I'd be happy to discuss details — and if you'd like, tell me how you'd want yours to look and I'll put one together for The Brighton Beard Company to look at first, no cost.

Would love any feedback either way. Have a great day!

Best regards,
Ethan

---
c/o IP-Management #8850
Ludwig-Erhard-Straße 18
20459 Hamburg
Deutschland
Don't want to hear from me again? Just reply and let me know."
Man Made Beard Company,info@manmadebeardcompany.com,"UK · Bristol, England",Beard care products,https://www.manmadebeardcompany.com/,@manmadebeardco,quick idea for Man Made Beard Company,"Hi there,

I came across Man Made Beard Company and how clean your Beard care products photography looks — really caught my attention.

My name is Ethan and I'm writing with a collaboration idea.

I noticed an opportunity to boost sales through motion design, which has a proven impact on brand perception — 63% of people worldwide say they prefer watching a short video about a product before buying it.

I specialize in turning existing product photos into high-converting 16:9 video ads (no filming needed) and I'd love to create one for Man Made Beard Company.

Here are 3 sample videos so you can see the quality: https://drive.google.com/drive/folders/1QL-_djO9K9sW-ETXCa_t53SuwNP0bOzl?usp=sharing

If you're interested, I'd be happy to discuss details — and if you'd like, tell me how you'd want yours to look and I'll put one together for Man Made Beard Company to look at first, no cost.

Would love any feedback either way. Have a great day!

Best regards,
Ethan

---
c/o IP-Management #8850
Ludwig-Erhard-Straße 18
20459 Hamburg
Deutschland
Don't want to hear from me again? Just reply and let me know."
Mo Bro's,hello@mobros.co.uk,"UK · Leicester, England","Beard oil, balm, grooming tools",https://www.mobros.co.uk/,@mobrosgrooming,quick idea for Mo Bro's,"Hi there,

I came across Mo Bro's — your Beard oil, balm, grooming tools lineup looks great, and I noticed there's no video anywhere on your site or ads yet.

My name is Ethan and I'm writing with a collaboration idea.

I noticed an opportunity to boost sales through motion design, which has a proven impact on brand perception — 63% of people worldwide say they prefer watching a short video about a product before buying it.

I specialize in turning existing product photos into high-converting 16:9 video ads (no filming needed) and I'd love to create one for Mo Bro's.

Here are 3 sample videos so you can see the quality: https://drive.google.com/drive/folders/1QL-_djO9K9sW-ETXCa_t53SuwNP0bOzl?usp=sharing

If you're interested, I'd be happy to discuss details — and if you'd like, tell me how you'd want yours to look and I'll put one together for Mo Bro's to look at first, no cost.

Would love any feedback either way. Have a great day!

Best regards,
Ethan

---
c/o IP-Management #8850
Ludwig-Erhard-Straße 18
20459 Hamburg
Deutschland
Don't want to hear from me again? Just reply and let me know."
The Beard Shed,info@thebeardshed.co.uk,UK · England,"Beard oil, balm, wash",https://thebeardshed.co.uk/,@thebeardshed,quick idea for The Beard Shed,"Hi there,

I was looking at The Beard Shed's site and noticed your Beard oil, balm, wash are shown in photos only — no video anywhere yet.

My name is Ethan and I'm writing with a collaboration idea.

I noticed an opportunity to boost sales through motion design, which has a proven impact on brand perception — 63% of people worldwide say they prefer watching a short video about a product before buying it.

I specialize in turning existing product photos into high-converting 16:9 video ads (no filming needed) and I'd love to create one for The Beard Shed.

Here are 3 sample videos so you can see the quality: https://drive.google.com/drive/folders/1QL-_djO9K9sW-ETXCa_t53SuwNP0bOzl?usp=sharing

If you're interested, I'd be happy to discuss details — and if you'd like, tell me how you'd want yours to look and I'll put one together for The Beard Shed to look at first, no cost.

Would love any feedback either way. Have a great day!

Best regards,
Ethan

---
c/o IP-Management #8850
Ludwig-Erhard-Straße 18
20459 Hamburg
Deutschland
Don't want to hear from me again? Just reply and let me know."
The Bald Viking,callum@thebaldviking.co.uk,UK · England,"Beard oil, butter, balm (solo-founder small batch)",https://www.thebaldviking.co.uk/,@thebaldvikingbeardcompany,quick idea for The Bald Viking,"Hi there,

I came across The Bald Viking and your Beard oil, butter, balm really stood out — but I couldn't find a single video on the site or your Instagram.

My name is Ethan and I'm writing with a collaboration idea.

I noticed an opportunity to boost sales through motion design, which has a proven impact on brand perception — 63% of people worldwide say they prefer watching a short video about a product before buying it.

I specialize in turning existing product photos into high-converting 16:9 video ads (no filming needed) and I'd love to create one for The Bald Viking.

Here are 3 sample videos so you can see the quality: https://drive.google.com/drive/folders/1QL-_djO9K9sW-ETXCa_t53SuwNP0bOzl?usp=sharing

If you're interested, I'd be happy to discuss details — and if you'd like, tell me how you'd want yours to look and I'll put one together for The Bald Viking to look at first, no cost.

Would love any feedback either way. Have a great day!

Best regards,
Ethan

---
c/o IP-Management #8850
Ludwig-Erhard-Straße 18
20459 Hamburg
Deutschland
Don't want to hear from me again? Just reply and let me know."
The Stamford Notebook Company,sales@stamfordnotebooks.co.uk,"UK · Stamford, Lincolnshire","Handbound notebooks, diaries, journals",https://stamfordnotebooks.co.uk/,nicht ermittelt,quick idea for The Stamford Notebook Company,"Hi there,

I came across The Stamford Notebook Company and how clean your Handbound notebooks, diaries, journals photography looks — really caught my attention.

My name is Ethan and I'm writing with a collaboration idea.

I noticed an opportunity to boost sales through motion design, which has a proven impact on brand perception — 63% of people worldwide say they prefer watching a short video about a product before buying it.

I specialize in turning existing product photos into high-converting 16:9 video ads (no filming needed) and I'd love to create one for The Stamford Notebook Company.

Here are 3 sample videos so you can see the quality: https://drive.google.com/drive/folders/1QL-_djO9K9sW-ETXCa_t53SuwNP0bOzl?usp=sharing

If you're interested, I'd be happy to discuss details — and if you'd like, tell me how you'd want yours to look and I'll put one together for The Stamford Notebook Company to look at first, no cost.

Would love any feedback either way. Have a great day!

Best regards,
Ethan

---
c/o IP-Management #8850
Ludwig-Erhard-Straße 18
20459 Hamburg
Deutschland
Don't want to hear from me again? Just reply and let me know."
"Bound by Hand (Susan Green, bookbinder)",info@boundbyhand.co.uk,UK · Dorset,"Handmade sketchbooks, journals, memory books",https://boundbyhand.co.uk/,nicht ermittelt,"quick idea for Bound by Hand (Susan Green, bookbinder)","Hi there,

I came across Bound by Hand (Susan Green, bookbinder) — your Handmade sketchbooks, journals, memory books lineup looks great, and I noticed there's no video anywhere on your site or ads yet.

My name is Ethan and I'm writing with a collaboration idea.

I noticed an opportunity to boost sales through motion design, which has a proven impact on brand perception — 63% of people worldwide say they prefer watching a short video about a product before buying it.

I specialize in turning existing product photos into high-converting 16:9 video ads (no filming needed) and I'd love to create one for Bound by Hand (Susan Green, bookbinder).

Here are 3 sample videos so you can see the quality: https://drive.google.com/drive/folders/1QL-_djO9K9sW-ETXCa_t53SuwNP0bOzl?usp=sharing

If you're interested, I'd be happy to discuss details — and if you'd like, tell me how you'd want yours to look and I'll put one together for Bound by Hand (Susan Green, bookbinder) to look at first, no cost.

Would love any feedback either way. Have a great day!

Best regards,
Ethan

---
c/o IP-Management #8850
Ludwig-Erhard-Straße 18
20459 Hamburg
Deutschland
Don't want to hear from me again? Just reply and let me know."
Paper Mirchi (Papermirchi Ltd),sales@papermirchi.co.uk,UK · London,"Handmade gift wrap, greeting cards, cotton paper stationery",https://www.papermirchi.co.uk/,@papermirchi,quick idea for Paper Mirchi (Papermirchi Ltd),"Hi there,

I was looking at Paper Mirchi (Papermirchi Ltd)'s site and noticed your Handmade gift wrap, greeting cards, cotton paper stationery are shown in photos only — no video anywhere yet.

My name is Ethan and I'm writing with a collaboration idea.

I noticed an opportunity to boost sales through motion design, which has a proven impact on brand perception — 63% of people worldwide say they prefer watching a short video about a product before buying it.

I specialize in turning existing product photos into high-converting 16:9 video ads (no filming needed) and I'd love to create one for Paper Mirchi (Papermirchi Ltd).

Here are 3 sample videos so you can see the quality: https://drive.google.com/drive/folders/1QL-_djO9K9sW-ETXCa_t53SuwNP0bOzl?usp=sharing

If you're interested, I'd be happy to discuss details — and if you'd like, tell me how you'd want yours to look and I'll put one together for Paper Mirchi (Papermirchi Ltd) to look at first, no cost.

Would love any feedback either way. Have a great day!

Best regards,
Ethan

---
c/o IP-Management #8850
Ludwig-Erhard-Straße 18
20459 Hamburg
Deutschland
Don't want to hear from me again? Just reply and let me know."
I Do Handmade Ltd,info@idohandmade.co.uk,UK,Small business planner (paper planner/diary),https://idohandmade.co.uk/,nicht ermittelt,quick idea for I Do Handmade Ltd,"Hi there,

I came across I Do Handmade Ltd and your Small business planner really stood out — but I couldn't find a single video on the site or your Instagram.

My name is Ethan and I'm writing with a collaboration idea.

I noticed an opportunity to boost sales through motion design, which has a proven impact on brand perception — 63% of people worldwide say they prefer watching a short video about a product before buying it.

I specialize in turning existing product photos into high-converting 16:9 video ads (no filming needed) and I'd love to create one for I Do Handmade Ltd.

Here are 3 sample videos so you can see the quality: https://drive.google.com/drive/folders/1QL-_djO9K9sW-ETXCa_t53SuwNP0bOzl?usp=sharing

If you're interested, I'd be happy to discuss details — and if you'd like, tell me how you'd want yours to look and I'll put one together for I Do Handmade Ltd to look at first, no cost.

Would love any feedback either way. Have a great day!

Best regards,
Ethan

---
c/o IP-Management #8850
Ludwig-Erhard-Straße 18
20459 Hamburg
Deutschland
Don't want to hear from me again? Just reply and let me know."
MARK+FOLD,studio@markandfold.com,UK · London (N8),"Notebooks, diaries, stationery",https://markandfold.com/,nicht ermittelt,quick idea for MARK+FOLD,"Hi there,

I came across MARK+FOLD and how clean your Notebooks, diaries, stationery photography looks — really caught my attention.

My name is Ethan and I'm writing with a collaboration idea.

I noticed an opportunity to boost sales through motion design, which has a proven impact on brand perception — 63% of people worldwide say they prefer watching a short video about a product before buying it.

I specialize in turning existing product photos into high-converting 16:9 video ads (no filming needed) and I'd love to create one for MARK+FOLD.

Here are 3 sample videos so you can see the quality: https://drive.google.com/drive/folders/1QL-_djO9K9sW-ETXCa_t53SuwNP0bOzl?usp=sharing

If you're interested, I'd be happy to discuss details — and if you'd like, tell me how you'd want yours to look and I'll put one together for MARK+FOLD to look at first, no cost.

Would love any feedback either way. Have a great day!

Best regards,
Ethan

---
c/o IP-Management #8850
Ludwig-Erhard-Straße 18
20459 Hamburg
Deutschland
Don't want to hear from me again? Just reply and let me know."
Under the Rowan Trees,danielle@undertherowantrees.co.uk,UK · Newcastle upon Tyne / Northumberland,"Washi tape, journaling supplies, stationery",https://undertherowantrees.co.uk/,nicht ermittelt,quick idea for Under the Rowan Trees,"Hi there,

I came across Under the Rowan Trees — your Washi tape, journaling supplies, stationery lineup looks great, and I noticed there's no video anywhere on your site or ads yet.

My name is Ethan and I'm writing with a collaboration idea.

I noticed an opportunity to boost sales through motion design, which has a proven impact on brand perception — 63% of people worldwide say they prefer watching a short video about a product before buying it.

I specialize in turning existing product photos into high-converting 16:9 video ads (no filming needed) and I'd love to create one for Under the Rowan Trees.

Here are 3 sample videos so you can see the quality: https://drive.google.com/drive/folders/1QL-_djO9K9sW-ETXCa_t53SuwNP0bOzl?usp=sharing

If you're interested, I'd be happy to discuss details — and if you'd like, tell me how you'd want yours to look and I'll put one together for Under the Rowan Trees to look at first, no cost.

Would love any feedback either way. Have a great day!

Best regards,
Ethan

---
c/o IP-Management #8850
Ludwig-Erhard-Straße 18
20459 Hamburg
Deutschland
Don't want to hear from me again? Just reply and let me know."
Sukie Ltd,info@sukie.co.uk,"UK · Eastbourne, East Sussex","Hand-finished journals, paper goods, printed stationery",https://www.sukie.co.uk/,nicht ermittelt,quick idea for Sukie Ltd,"Hi there,

I was looking at Sukie Ltd's site and noticed your Hand-finished journals, paper goods, printed stationery are shown in photos only — no video anywhere yet.

My name is Ethan and I'm writing with a collaboration idea.

I noticed an opportunity to boost sales through motion design, which has a proven impact on brand perception — 63% of people worldwide say they prefer watching a short video about a product before buying it.

I specialize in turning existing product photos into high-converting 16:9 video ads (no filming needed) and I'd love to create one for Sukie Ltd.

Here are 3 sample videos so you can see the quality: https://drive.google.com/drive/folders/1QL-_djO9K9sW-ETXCa_t53SuwNP0bOzl?usp=sharing

If you're interested, I'd be happy to discuss details — and if you'd like, tell me how you'd want yours to look and I'll put one together for Sukie Ltd to look at first, no cost.

Would love any feedback either way. Have a great day!

Best regards,
Ethan

---
c/o IP-Management #8850
Ludwig-Erhard-Straße 18
20459 Hamburg
Deutschland
Don't want to hear from me again? Just reply and let me know."
Bookishly Limited,hello@bookish.ly,UK · Northampton,"Literary-themed journals, notebooks, stationery",https://www.bookishly.co.uk/,@bookishlyuk,quick idea for Bookishly Limited,"Hi there,

I came across Bookishly Limited and your Literary-themed journals, notebooks, stationery really stood out — but I couldn't find a single video on the site or your Instagram.

My name is Ethan and I'm writing with a collaboration idea.

I noticed an opportunity to boost sales through motion design, which has a proven impact on brand perception — 63% of people worldwide say they prefer watching a short video about a product before buying it.

I specialize in turning existing product photos into high-converting 16:9 video ads (no filming needed) and I'd love to create one for Bookishly Limited.

Here are 3 sample videos so you can see the quality: https://drive.google.com/drive/folders/1QL-_djO9K9sW-ETXCa_t53SuwNP0bOzl?usp=sharing

If you're interested, I'd be happy to discuss details — and if you'd like, tell me how you'd want yours to look and I'll put one together for Bookishly Limited to look at first, no cost.

Would love any feedback either way. Have a great day!

Best regards,
Ethan

---
c/o IP-Management #8850
Ludwig-Erhard-Straße 18
20459 Hamburg
Deutschland
Don't want to hear from me again? Just reply and let me know."
Wildflower Illustration Co.,hello@wildflowerillustrationco.com,"UK · Cheltenham, Gloucestershire","Stationery, gift wrap, paper goods subscription",https://wildflowerillustrationco.com/,nicht ermittelt,quick idea for Wildflower Illustration Co.,"Hi there,

I came across Wildflower Illustration Co. and how clean your Stationery, gift wrap, paper goods subscription photography looks — really caught my attention.

My name is Ethan and I'm writing with a collaboration idea.

I noticed an opportunity to boost sales through motion design, which has a proven impact on brand perception — 63% of people worldwide say they prefer watching a short video about a product before buying it.

I specialize in turning existing product photos into high-converting 16:9 video ads (no filming needed) and I'd love to create one for Wildflower Illustration Co..

Here are 3 sample videos so you can see the quality: https://drive.google.com/drive/folders/1QL-_djO9K9sW-ETXCa_t53SuwNP0bOzl?usp=sharing

If you're interested, I'd be happy to discuss details — and if you'd like, tell me how you'd want yours to look and I'll put one together for Wildflower Illustration Co. to look at first, no cost.

Would love any feedback either way. Have a great day!

Best regards,
Ethan

---
c/o IP-Management #8850
Ludwig-Erhard-Straße 18
20459 Hamburg
Deutschland
Don't want to hear from me again? Just reply and let me know."
Perfect Planner Company (iSenna Ltd),hello@perfectplannerco.com,UK · London,Undated business/productivity planners,https://perfectplannerco.com/,@perfectplanner.company,quick idea for Perfect Planner Company (iSenna Ltd),"Hi there,

I came across Perfect Planner Company (iSenna Ltd) — your Undated business/productivity planners lineup looks great, and I noticed there's no video anywhere on your site or ads yet.

My name is Ethan and I'm writing with a collaboration idea.

I noticed an opportunity to boost sales through motion design, which has a proven impact on brand perception — 63% of people worldwide say they prefer watching a short video about a product before buying it.

I specialize in turning existing product photos into high-converting 16:9 video ads (no filming needed) and I'd love to create one for Perfect Planner Company (iSenna Ltd).

Here are 3 sample videos so you can see the quality: https://drive.google.com/drive/folders/1QL-_djO9K9sW-ETXCa_t53SuwNP0bOzl?usp=sharing

If you're interested, I'd be happy to discuss details — and if you'd like, tell me how you'd want yours to look and I'll put one together for Perfect Planner Company (iSenna Ltd) to look at first, no cost.

Would love any feedback either way. Have a great day!

Best regards,
Ethan

---
c/o IP-Management #8850
Ludwig-Erhard-Straße 18
20459 Hamburg
Deutschland
Don't want to hear from me again? Just reply and let me know."
Curlicue UK,hello@curlicue.uk,UK · London (registrierte Adresse; Seite aktiv mit 2026-Copyright),Sustainable/recyclable gift wrap,https://curlicue.uk/,nicht ermittelt,quick idea for Curlicue UK,"Hi there,

I was looking at Curlicue UK's site and noticed your Sustainable/recyclable gift wrap are shown in photos only — no video anywhere yet.

My name is Ethan and I'm writing with a collaboration idea.

I noticed an opportunity to boost sales through motion design, which has a proven impact on brand perception — 63% of people worldwide say they prefer watching a short video about a product before buying it.

I specialize in turning existing product photos into high-converting 16:9 video ads (no filming needed) and I'd love to create one for Curlicue UK.

Here are 3 sample videos so you can see the quality: https://drive.google.com/drive/folders/1QL-_djO9K9sW-ETXCa_t53SuwNP0bOzl?usp=sharing

If you're interested, I'd be happy to discuss details — and if you'd like, tell me how you'd want yours to look and I'll put one together for Curlicue UK to look at first, no cost.

Would love any feedback either way. Have a great day!

Best regards,
Ethan

---
c/o IP-Management #8850
Ludwig-Erhard-Straße 18
20459 Hamburg
Deutschland
Don't want to hear from me again? Just reply and let me know."
Making Meadows Ltd,hello@makingmeadows.co.uk,UK · Surrey,Luxury/eco-friendly wrapping paper,https://makingmeadows.co.uk/,nicht ermittelt,quick idea for Making Meadows Ltd,"Hi there,

I came across Making Meadows Ltd and your Luxury/eco-friendly wrapping paper really stood out — but I couldn't find a single video on the site or your Instagram.

My name is Ethan and I'm writing with a collaboration idea.

I noticed an opportunity to boost sales through motion design, which has a proven impact on brand perception — 63% of people worldwide say they prefer watching a short video about a product before buying it.

I specialize in turning existing product photos into high-converting 16:9 video ads (no filming needed) and I'd love to create one for Making Meadows Ltd.

Here are 3 sample videos so you can see the quality: https://drive.google.com/drive/folders/1QL-_djO9K9sW-ETXCa_t53SuwNP0bOzl?usp=sharing

If you're interested, I'd be happy to discuss details — and if you'd like, tell me how you'd want yours to look and I'll put one together for Making Meadows Ltd to look at first, no cost.

Would love any feedback either way. Have a great day!

Best regards,
Ethan

---
c/o IP-Management #8850
Ludwig-Erhard-Straße 18
20459 Hamburg
Deutschland
Don't want to hear from me again? Just reply and let me know."
Notary Ceramics,orders@notaryceramics.com,"USA · Portland, OR","Handmade ceramic kitchenware, dinnerware & lighting",https://www.notaryceramics.com/,@notaryceramics.home,quick idea for Notary Ceramics,"Hi there,

I came across Notary Ceramics and how clean your Handmade ceramic kitchenware, dinnerware & lighting photography looks — really caught my attention.

My name is Ethan and I'm writing with a collaboration idea.

I noticed an opportunity to boost sales through motion design, which has a proven impact on brand perception — 63% of people worldwide say they prefer watching a short video about a product before buying it.

I specialize in turning existing product photos into high-converting 16:9 video ads (no filming needed) and I'd love to create one for Notary Ceramics.

Here are 3 sample videos so you can see the quality: https://drive.google.com/drive/folders/1QL-_djO9K9sW-ETXCa_t53SuwNP0bOzl?usp=sharing

If you're interested, I'd be happy to discuss details — and if you'd like, tell me how you'd want yours to look and I'll put one together for Notary Ceramics to look at first, no cost.

Would love any feedback either way. Have a great day!

Best regards,
Ethan

---
c/o IP-Management #8850
Ludwig-Erhard-Straße 18
20459 Hamburg
Deutschland
Don't want to hear from me again? Just reply and let me know."
Jars of Dust,customercare@jarsofdust.com,"USA · Virginia Beach, VA",Handmade ceramic pottery & tableware,https://jarsofdust.com/,@jars.of.dust,quick idea for Jars of Dust,"Hi there,

I came across Jars of Dust — your Handmade ceramic pottery & tableware lineup looks great, and I noticed there's no video anywhere on your site or ads yet.

My name is Ethan and I'm writing with a collaboration idea.

I noticed an opportunity to boost sales through motion design, which has a proven impact on brand perception — 63% of people worldwide say they prefer watching a short video about a product before buying it.

I specialize in turning existing product photos into high-converting 16:9 video ads (no filming needed) and I'd love to create one for Jars of Dust.

Here are 3 sample videos so you can see the quality: https://drive.google.com/drive/folders/1QL-_djO9K9sW-ETXCa_t53SuwNP0bOzl?usp=sharing

If you're interested, I'd be happy to discuss details — and if you'd like, tell me how you'd want yours to look and I'll put one together for Jars of Dust to look at first, no cost.

Would love any feedback either way. Have a great day!

Best regards,
Ethan

---
c/o IP-Management #8850
Ludwig-Erhard-Straße 18
20459 Hamburg
Deutschland
Don't want to hear from me again? Just reply and let me know."
Felt+Fat,support@feltandfat.com,"USA · Philadelphia, PA",Handmade ceramic tableware,https://www.feltandfat.com/,@feltandfat,quick idea for Felt+Fat,"Hi there,

I was looking at Felt+Fat's site and noticed your Handmade ceramic tableware are shown in photos only — no video anywhere yet.

My name is Ethan and I'm writing with a collaboration idea.

I noticed an opportunity to boost sales through motion design, which has a proven impact on brand perception — 63% of people worldwide say they prefer watching a short video about a product before buying it.

I specialize in turning existing product photos into high-converting 16:9 video ads (no filming needed) and I'd love to create one for Felt+Fat.

Here are 3 sample videos so you can see the quality: https://drive.google.com/drive/folders/1QL-_djO9K9sW-ETXCa_t53SuwNP0bOzl?usp=sharing

If you're interested, I'd be happy to discuss details — and if you'd like, tell me how you'd want yours to look and I'll put one together for Felt+Fat to look at first, no cost.

Would love any feedback either way. Have a great day!

Best regards,
Ethan

---
c/o IP-Management #8850
Ludwig-Erhard-Straße 18
20459 Hamburg
Deutschland
Don't want to hear from me again? Just reply and let me know."
NOLA Boards,info@nolaboards.com,"USA · New Orleans, LA",Handcrafted wooden cutting boards & kitchen accessories,https://www.nolacuttingboards.com/,@nolacuttingboards,quick idea for NOLA Boards,"Hi there,

I came across NOLA Boards and your Handcrafted wooden cutting boards & kitchen accessories really stood out — but I couldn't find a single video on the site or your Instagram.

My name is Ethan and I'm writing with a collaboration idea.

I noticed an opportunity to boost sales through motion design, which has a proven impact on brand perception — 63% of people worldwide say they prefer watching a short video about a product before buying it.

I specialize in turning existing product photos into high-converting 16:9 video ads (no filming needed) and I'd love to create one for NOLA Boards.

Here are 3 sample videos so you can see the quality: https://drive.google.com/drive/folders/1QL-_djO9K9sW-ETXCa_t53SuwNP0bOzl?usp=sharing

If you're interested, I'd be happy to discuss details — and if you'd like, tell me how you'd want yours to look and I'll put one together for NOLA Boards to look at first, no cost.

Would love any feedback either way. Have a great day!

Best regards,
Ethan

---
c/o IP-Management #8850
Ludwig-Erhard-Straße 18
20459 Hamburg
Deutschland
Don't want to hear from me again? Just reply and let me know."
Coastal Carolina Cutting Boards,info.cccboards@gmail.com,"USA · Holly Ridge, NC",Handcrafted wooden cutting boards,https://www.cccboards.com/,@thedeancompanyofnc,quick idea for Coastal Carolina Cutting Boards,"Hi there,

I came across Coastal Carolina Cutting Boards and how clean your Handcrafted wooden cutting boards photography looks — really caught my attention.

My name is Ethan and I'm writing with a collaboration idea.

I noticed an opportunity to boost sales through motion design, which has a proven impact on brand perception — 63% of people worldwide say they prefer watching a short video about a product before buying it.

I specialize in turning existing product photos into high-converting 16:9 video ads (no filming needed) and I'd love to create one for Coastal Carolina Cutting Boards.

Here are 3 sample videos so you can see the quality: https://drive.google.com/drive/folders/1QL-_djO9K9sW-ETXCa_t53SuwNP0bOzl?usp=sharing

If you're interested, I'd be happy to discuss details — and if you'd like, tell me how you'd want yours to look and I'll put one together for Coastal Carolina Cutting Boards to look at first, no cost.

Would love any feedback either way. Have a great day!

Best regards,
Ethan

---
c/o IP-Management #8850
Ludwig-Erhard-Straße 18
20459 Hamburg
Deutschland
Don't want to hear from me again? Just reply and let me know."
The Boardsmith,sawdust@theboardsmith.com,"USA · (John Loftis, CEO/Woodworker)",Handcrafted wooden butcher block cutting boards,https://theboardsmith.com/,@theboardsmith,quick idea for The Boardsmith,"Hi there,

I came across The Boardsmith — your Handcrafted wooden butcher block cutting boards lineup looks great, and I noticed there's no video anywhere on your site or ads yet.

My name is Ethan and I'm writing with a collaboration idea.

I noticed an opportunity to boost sales through motion design, which has a proven impact on brand perception — 63% of people worldwide say they prefer watching a short video about a product before buying it.

I specialize in turning existing product photos into high-converting 16:9 video ads (no filming needed) and I'd love to create one for The Boardsmith.

Here are 3 sample videos so you can see the quality: https://drive.google.com/drive/folders/1QL-_djO9K9sW-ETXCa_t53SuwNP0bOzl?usp=sharing

If you're interested, I'd be happy to discuss details — and if you'd like, tell me how you'd want yours to look and I'll put one together for The Boardsmith to look at first, no cost.

Would love any feedback either way. Have a great day!

Best regards,
Ethan

---
c/o IP-Management #8850
Ludwig-Erhard-Straße 18
20459 Hamburg
Deutschland
Don't want to hear from me again? Just reply and let me know."
Black Oak Art,orders@blackoakart.com,"USA · Waco, TX",Handmade ceramic pottery & tableware,https://blackoakart.com/,@blackoakart,quick idea for Black Oak Art,"Hi there,

I was looking at Black Oak Art's site and noticed your Handmade ceramic pottery & tableware are shown in photos only — no video anywhere yet.

My name is Ethan and I'm writing with a collaboration idea.

I noticed an opportunity to boost sales through motion design, which has a proven impact on brand perception — 63% of people worldwide say they prefer watching a short video about a product before buying it.

I specialize in turning existing product photos into high-converting 16:9 video ads (no filming needed) and I'd love to create one for Black Oak Art.

Here are 3 sample videos so you can see the quality: https://drive.google.com/drive/folders/1QL-_djO9K9sW-ETXCa_t53SuwNP0bOzl?usp=sharing

If you're interested, I'd be happy to discuss details — and if you'd like, tell me how you'd want yours to look and I'll put one together for Black Oak Art to look at first, no cost.

Would love any feedback either way. Have a great day!

Best regards,
Ethan

---
c/o IP-Management #8850
Ludwig-Erhard-Straße 18
20459 Hamburg
Deutschland
Don't want to hear from me again? Just reply and let me know."
Civil Stoneware,info@civilstoneware.com,"USA · Birmingham, AL",Handmade ceramic tableware & home accessories,https://civilstoneware.com/,@civilstoneware,quick idea for Civil Stoneware,"Hi there,

I came across Civil Stoneware and your Handmade ceramic tableware & home accessories really stood out — but I couldn't find a single video on the site or your Instagram.

My name is Ethan and I'm writing with a collaboration idea.

I noticed an opportunity to boost sales through motion design, which has a proven impact on brand perception — 63% of people worldwide say they prefer watching a short video about a product before buying it.

I specialize in turning existing product photos into high-converting 16:9 video ads (no filming needed) and I'd love to create one for Civil Stoneware.

Here are 3 sample videos so you can see the quality: https://drive.google.com/drive/folders/1QL-_djO9K9sW-ETXCa_t53SuwNP0bOzl?usp=sharing

If you're interested, I'd be happy to discuss details — and if you'd like, tell me how you'd want yours to look and I'll put one together for Civil Stoneware to look at first, no cost.

Would love any feedback either way. Have a great day!

Best regards,
Ethan

---
c/o IP-Management #8850
Ludwig-Erhard-Straße 18
20459 Hamburg
Deutschland
Don't want to hear from me again? Just reply and let me know."
Homestedt,contact@homestedt.com,"USA · Livingston Manor, NY (Catskills)",Handmade stoneware kitchenware,https://homestedt.com/,@homestedt,quick idea for Homestedt,"Hi there,

I came across Homestedt and how clean your Handmade stoneware kitchenware photography looks — really caught my attention.

My name is Ethan and I'm writing with a collaboration idea.

I noticed an opportunity to boost sales through motion design, which has a proven impact on brand perception — 63% of people worldwide say they prefer watching a short video about a product before buying it.

I specialize in turning existing product photos into high-converting 16:9 video ads (no filming needed) and I'd love to create one for Homestedt.

Here are 3 sample videos so you can see the quality: https://drive.google.com/drive/folders/1QL-_djO9K9sW-ETXCa_t53SuwNP0bOzl?usp=sharing

If you're interested, I'd be happy to discuss details — and if you'd like, tell me how you'd want yours to look and I'll put one together for Homestedt to look at first, no cost.

Would love any feedback either way. Have a great day!

Best regards,
Ethan

---
c/o IP-Management #8850
Ludwig-Erhard-Straße 18
20459 Hamburg
Deutschland
Don't want to hear from me again? Just reply and let me know."
Texas Hill Country Olive Co.,customersuccess@texashillcountryoliveco.com,"USA · Texas Hill Country, TX",Handcrafted olive wood kitchen utensils & kitchenware,https://texashillcountryoliveco.com/,@txhillcountryoliveoil,quick idea for Texas Hill Country Olive Co.,"Hi there,

I came across Texas Hill Country Olive Co. — your Handcrafted olive wood kitchen utensils & kitchenware lineup looks great, and I noticed there's no video anywhere on your site or ads yet.

My name is Ethan and I'm writing with a collaboration idea.

I noticed an opportunity to boost sales through motion design, which has a proven impact on brand perception — 63% of people worldwide say they prefer watching a short video about a product before buying it.

I specialize in turning existing product photos into high-converting 16:9 video ads (no filming needed) and I'd love to create one for Texas Hill Country Olive Co..

Here are 3 sample videos so you can see the quality: https://drive.google.com/drive/folders/1QL-_djO9K9sW-ETXCa_t53SuwNP0bOzl?usp=sharing

If you're interested, I'd be happy to discuss details — and if you'd like, tell me how you'd want yours to look and I'll put one together for Texas Hill Country Olive Co. to look at first, no cost.

Would love any feedback either way. Have a great day!

Best regards,
Ethan

---
c/o IP-Management #8850
Ludwig-Erhard-Straße 18
20459 Hamburg
Deutschland
Don't want to hear from me again? Just reply and let me know."
Recreation Center,hello@recreationcentershop.com,"USA · Brooklyn, NY",Handmade ceramic mugs & tableware,https://www.recreationcentershop.com/,@josephinenoel,quick idea for Recreation Center,"Hi there,

I was looking at Recreation Center's site and noticed your Handmade ceramic mugs & tableware are shown in photos only — no video anywhere yet.

My name is Ethan and I'm writing with a collaboration idea.

I noticed an opportunity to boost sales through motion design, which has a proven impact on brand perception — 63% of people worldwide say they prefer watching a short video about a product before buying it.

I specialize in turning existing product photos into high-converting 16:9 video ads (no filming needed) and I'd love to create one for Recreation Center.

Here are 3 sample videos so you can see the quality: https://drive.google.com/drive/folders/1QL-_djO9K9sW-ETXCa_t53SuwNP0bOzl?usp=sharing

If you're interested, I'd be happy to discuss details — and if you'd like, tell me how you'd want yours to look and I'll put one together for Recreation Center to look at first, no cost.

Would love any feedback either way. Have a great day!

Best regards,
Ethan

---
c/o IP-Management #8850
Ludwig-Erhard-Straße 18
20459 Hamburg
Deutschland
Don't want to hear from me again? Just reply and let me know."
Earlywood,info@earlywooddesigns.com,"USA · Red Lodge, MT",Handcrafted wooden kitchen utensils,https://www.earlywooddesigns.com/,@earlywood_designs,quick idea for Earlywood,"Hi there,

I came across Earlywood and your Handcrafted wooden kitchen utensils really stood out — but I couldn't find a single video on the site or your Instagram.

My name is Ethan and I'm writing with a collaboration idea.

I noticed an opportunity to boost sales through motion design, which has a proven impact on brand perception — 63% of people worldwide say they prefer watching a short video about a product before buying it.

I specialize in turning existing product photos into high-converting 16:9 video ads (no filming needed) and I'd love to create one for Earlywood.

Here are 3 sample videos so you can see the quality: https://drive.google.com/drive/folders/1QL-_djO9K9sW-ETXCa_t53SuwNP0bOzl?usp=sharing

If you're interested, I'd be happy to discuss details — and if you'd like, tell me how you'd want yours to look and I'll put one together for Earlywood to look at first, no cost.

Would love any feedback either way. Have a great day!

Best regards,
Ethan

---
c/o IP-Management #8850
Ludwig-Erhard-Straße 18
20459 Hamburg
Deutschland
Don't want to hear from me again? Just reply and let me know."
Portland Apron Company,help@portlandaproncompany.com,"USA · Portland, OR",Linen kitchen aprons & kitchen textiles,https://www.portlandaproncompany.com/,@portlandaproncompany,quick idea for Portland Apron Company,"Hi there,

I came across Portland Apron Company and how clean your Linen kitchen aprons & kitchen textiles photography looks — really caught my attention.

My name is Ethan and I'm writing with a collaboration idea.

I noticed an opportunity to boost sales through motion design, which has a proven impact on brand perception — 63% of people worldwide say they prefer watching a short video about a product before buying it.

I specialize in turning existing product photos into high-converting 16:9 video ads (no filming needed) and I'd love to create one for Portland Apron Company.

Here are 3 sample videos so you can see the quality: https://drive.google.com/drive/folders/1QL-_djO9K9sW-ETXCa_t53SuwNP0bOzl?usp=sharing

If you're interested, I'd be happy to discuss details — and if you'd like, tell me how you'd want yours to look and I'll put one together for Portland Apron Company to look at first, no cost.

Would love any feedback either way. Have a great day!

Best regards,
Ethan

---
c/o IP-Management #8850
Ludwig-Erhard-Straße 18
20459 Hamburg
Deutschland
Don't want to hear from me again? Just reply and let me know."
Wolf Ceramics,hello@wolfceramics.com,"USA · Hood River, OR",Handmade ceramic tableware,https://wolfceramics.com/,@wolfceramics,quick idea for Wolf Ceramics,"Hi there,

I came across Wolf Ceramics — your Handmade ceramic tableware lineup looks great, and I noticed there's no video anywhere on your site or ads yet.

My name is Ethan and I'm writing with a collaboration idea.

I noticed an opportunity to boost sales through motion design, which has a proven impact on brand perception — 63% of people worldwide say they prefer watching a short video about a product before buying it.

I specialize in turning existing product photos into high-converting 16:9 video ads (no filming needed) and I'd love to create one for Wolf Ceramics.

Here are 3 sample videos so you can see the quality: https://drive.google.com/drive/folders/1QL-_djO9K9sW-ETXCa_t53SuwNP0bOzl?usp=sharing

If you're interested, I'd be happy to discuss details — and if you'd like, tell me how you'd want yours to look and I'll put one together for Wolf Ceramics to look at first, no cost.

Would love any feedback either way. Have a great day!

Best regards,
Ethan

---
c/o IP-Management #8850
Ludwig-Erhard-Straße 18
20459 Hamburg
Deutschland
Don't want to hear from me again? Just reply and let me know."
C&M Ceramics,hello@cmceramicstudio.com,USA · Southern Maine,Handmade ceramic mugs & tableware,https://www.cmceramicstudio.com/,@cm_ceramics,quick idea for C&M Ceramics,"Hi there,

I was looking at C&M Ceramics's site and noticed your Handmade ceramic mugs & tableware are shown in photos only — no video anywhere yet.

My name is Ethan and I'm writing with a collaboration idea.

I noticed an opportunity to boost sales through motion design, which has a proven impact on brand perception — 63% of people worldwide say they prefer watching a short video about a product before buying it.

I specialize in turning existing product photos into high-converting 16:9 video ads (no filming needed) and I'd love to create one for C&M Ceramics.

Here are 3 sample videos so you can see the quality: https://drive.google.com/drive/folders/1QL-_djO9K9sW-ETXCa_t53SuwNP0bOzl?usp=sharing

If you're interested, I'd be happy to discuss details — and if you'd like, tell me how you'd want yours to look and I'll put one together for C&M Ceramics to look at first, no cost.

Would love any feedback either way. Have a great day!

Best regards,
Ethan

---
c/o IP-Management #8850
Ludwig-Erhard-Straße 18
20459 Hamburg
Deutschland
Don't want to hear from me again? Just reply and let me know."
Earth + Element,hello@earthandelement.com,"USA · Los Angeles, CA",Handmade ceramic tableware,https://www.earthandelement.com/,@earthandelement,quick idea for Earth + Element,"Hi there,

I came across Earth + Element and your Handmade ceramic tableware really stood out — but I couldn't find a single video on the site or your Instagram.

My name is Ethan and I'm writing with a collaboration idea.

I noticed an opportunity to boost sales through motion design, which has a proven impact on brand perception — 63% of people worldwide say they prefer watching a short video about a product before buying it.

I specialize in turning existing product photos into high-converting 16:9 video ads (no filming needed) and I'd love to create one for Earth + Element.

Here are 3 sample videos so you can see the quality: https://drive.google.com/drive/folders/1QL-_djO9K9sW-ETXCa_t53SuwNP0bOzl?usp=sharing

If you're interested, I'd be happy to discuss details — and if you'd like, tell me how you'd want yours to look and I'll put one together for Earth + Element to look at first, no cost.

Would love any feedback either way. Have a great day!

Best regards,
Ethan

---
c/o IP-Management #8850
Ludwig-Erhard-Straße 18
20459 Hamburg
Deutschland
Don't want to hear from me again? Just reply and let me know."
Mora Ceramics,care@moraceramics.com,"USA · Minneapolis, MN",Handmade ceramic tableware,https://moraceramics.com/,@moraceramics,quick idea for Mora Ceramics,"Hi there,

I came across Mora Ceramics and how clean your Handmade ceramic tableware photography looks — really caught my attention.

My name is Ethan and I'm writing with a collaboration idea.

I noticed an opportunity to boost sales through motion design, which has a proven impact on brand perception — 63% of people worldwide say they prefer watching a short video about a product before buying it.

I specialize in turning existing product photos into high-converting 16:9 video ads (no filming needed) and I'd love to create one for Mora Ceramics.

Here are 3 sample videos so you can see the quality: https://drive.google.com/drive/folders/1QL-_djO9K9sW-ETXCa_t53SuwNP0bOzl?usp=sharing

If you're interested, I'd be happy to discuss details — and if you'd like, tell me how you'd want yours to look and I'll put one together for Mora Ceramics to look at first, no cost.

Would love any feedback either way. Have a great day!

Best regards,
Ethan

---
c/o IP-Management #8850
Ludwig-Erhard-Straße 18
20459 Hamburg
Deutschland
Don't want to hear from me again? Just reply and let me know."
Six Moon Designs,store@sixmoondesigns.com,"USA · Beaverton, OR",Ultralight tents & backpacks,https://sixmoondesigns.com/,@sixmoondesigns,quick idea for Six Moon Designs,"Hi there,

I came across Six Moon Designs — your Ultralight tents & backpacks lineup looks great, and I noticed there's no video anywhere on your site or ads yet.

My name is Ethan and I'm writing with a collaboration idea.

I noticed an opportunity to boost sales through motion design, which has a proven impact on brand perception — 63% of people worldwide say they prefer watching a short video about a product before buying it.

I specialize in turning existing product photos into high-converting 16:9 video ads (no filming needed) and I'd love to create one for Six Moon Designs.

Here are 3 sample videos so you can see the quality: https://drive.google.com/drive/folders/1QL-_djO9K9sW-ETXCa_t53SuwNP0bOzl?usp=sharing

If you're interested, I'd be happy to discuss details — and if you'd like, tell me how you'd want yours to look and I'll put one together for Six Moon Designs to look at first, no cost.

Would love any feedback either way. Have a great day!

Best regards,
Ethan

---
c/o IP-Management #8850
Ludwig-Erhard-Straße 18
20459 Hamburg
Deutschland
Don't want to hear from me again? Just reply and let me know."
Hammock Gear,sales@hammockgear.com,"USA · Reynoldsburg, OH",Hammock camping quilts & gear,https://hammockgear.com/,@hammockgear,quick idea for Hammock Gear,"Hi there,

I was looking at Hammock Gear's site and noticed your Hammock camping quilts & gear are shown in photos only — no video anywhere yet.

My name is Ethan and I'm writing with a collaboration idea.

I noticed an opportunity to boost sales through motion design, which has a proven impact on brand perception — 63% of people worldwide say they prefer watching a short video about a product before buying it.

I specialize in turning existing product photos into high-converting 16:9 video ads (no filming needed) and I'd love to create one for Hammock Gear.

Here are 3 sample videos so you can see the quality: https://drive.google.com/drive/folders/1QL-_djO9K9sW-ETXCa_t53SuwNP0bOzl?usp=sharing

If you're interested, I'd be happy to discuss details — and if you'd like, tell me how you'd want yours to look and I'll put one together for Hammock Gear to look at first, no cost.

Would love any feedback either way. Have a great day!

Best regards,
Ethan

---
c/o IP-Management #8850
Ludwig-Erhard-Straße 18
20459 Hamburg
Deutschland
Don't want to hear from me again? Just reply and let me know."
SlingFin,info@slingfin.com,"USA · Berkeley, CA",Expedition & backpacking tents,https://www.slingfin.com/,@slingfin,quick idea for SlingFin,"Hi there,

I came across SlingFin and your Expedition & backpacking tents really stood out — but I couldn't find a single video on the site or your Instagram.

My name is Ethan and I'm writing with a collaboration idea.

I noticed an opportunity to boost sales through motion design, which has a proven impact on brand perception — 63% of people worldwide say they prefer watching a short video about a product before buying it.

I specialize in turning existing product photos into high-converting 16:9 video ads (no filming needed) and I'd love to create one for SlingFin.

Here are 3 sample videos so you can see the quality: https://drive.google.com/drive/folders/1QL-_djO9K9sW-ETXCa_t53SuwNP0bOzl?usp=sharing

If you're interested, I'd be happy to discuss details — and if you'd like, tell me how you'd want yours to look and I'll put one together for SlingFin to look at first, no cost.

Would love any feedback either way. Have a great day!

Best regards,
Ethan

---
c/o IP-Management #8850
Ludwig-Erhard-Straße 18
20459 Hamburg
Deutschland
Don't want to hear from me again? Just reply and let me know."
Western Mountaineering,support@westernmountaineering.com,"USA · San Jose, CA",Down sleeping bags & camping gear,https://www.westernmountaineering.com/,@westernmountaineering,quick idea for Western Mountaineering,"Hi there,

I came across Western Mountaineering and how clean your Down sleeping bags & camping gear photography looks — really caught my attention.

My name is Ethan and I'm writing with a collaboration idea.

I noticed an opportunity to boost sales through motion design, which has a proven impact on brand perception — 63% of people worldwide say they prefer watching a short video about a product before buying it.

I specialize in turning existing product photos into high-converting 16:9 video ads (no filming needed) and I'd love to create one for Western Mountaineering.

Here are 3 sample videos so you can see the quality: https://drive.google.com/drive/folders/1QL-_djO9K9sW-ETXCa_t53SuwNP0bOzl?usp=sharing

If you're interested, I'd be happy to discuss details — and if you'd like, tell me how you'd want yours to look and I'll put one together for Western Mountaineering to look at first, no cost.

Would love any feedback either way. Have a great day!

Best regards,
Ethan

---
c/o IP-Management #8850
Ludwig-Erhard-Straße 18
20459 Hamburg
Deutschland
Don't want to hear from me again? Just reply and let me know."
Kammok,hello@kammok.com,"USA · Austin, TX","Camping hammocks, tarps & outdoor gear",https://kammok.com/,@kammok,quick idea for Kammok,"Hi there,

I came across Kammok — your Camping hammocks, tarps & outdoor gear lineup looks great, and I noticed there's no video anywhere on your site or ads yet.

My name is Ethan and I'm writing with a collaboration idea.

I noticed an opportunity to boost sales through motion design, which has a proven impact on brand perception — 63% of people worldwide say they prefer watching a short video about a product before buying it.

I specialize in turning existing product photos into high-converting 16:9 video ads (no filming needed) and I'd love to create one for Kammok.

Here are 3 sample videos so you can see the quality: https://drive.google.com/drive/folders/1QL-_djO9K9sW-ETXCa_t53SuwNP0bOzl?usp=sharing

If you're interested, I'd be happy to discuss details — and if you'd like, tell me how you'd want yours to look and I'll put one together for Kammok to look at first, no cost.

Would love any feedback either way. Have a great day!

Best regards,
Ethan

---
c/o IP-Management #8850
Ludwig-Erhard-Straße 18
20459 Hamburg
Deutschland
Don't want to hear from me again? Just reply and let me know."
Coalatree,customerservice@coalatree.com,USA,"Outdoor/camping apparel & gear (blankets, hammocks)",https://coalatree.com/,@coalatree,quick idea for Coalatree,"Hi there,

I was looking at Coalatree's site and noticed your Outdoor/camping apparel & gear are shown in photos only — no video anywhere yet.

My name is Ethan and I'm writing with a collaboration idea.

I noticed an opportunity to boost sales through motion design, which has a proven impact on brand perception — 63% of people worldwide say they prefer watching a short video about a product before buying it.

I specialize in turning existing product photos into high-converting 16:9 video ads (no filming needed) and I'd love to create one for Coalatree.

Here are 3 sample videos so you can see the quality: https://drive.google.com/drive/folders/1QL-_djO9K9sW-ETXCa_t53SuwNP0bOzl?usp=sharing

If you're interested, I'd be happy to discuss details — and if you'd like, tell me how you'd want yours to look and I'll put one together for Coalatree to look at first, no cost.

Would love any feedback either way. Have a great day!

Best regards,
Ethan

---
c/o IP-Management #8850
Ludwig-Erhard-Straße 18
20459 Hamburg
Deutschland
Don't want to hear from me again? Just reply and let me know."
Paria Outdoor Products,info@pariaoutdoorproducts.com,"USA · Denver, CO","Budget backpacking tents, packs & camping gear",https://pariaoutdoorproducts.com/,@pariaoutdoorproducts,quick idea for Paria Outdoor Products,"Hi there,

I came across Paria Outdoor Products and your Budget backpacking tents, packs & camping gear really stood out — but I couldn't find a single video on the site or your Instagram.

My name is Ethan and I'm writing with a collaboration idea.

I noticed an opportunity to boost sales through motion design, which has a proven impact on brand perception — 63% of people worldwide say they prefer watching a short video about a product before buying it.

I specialize in turning existing product photos into high-converting 16:9 video ads (no filming needed) and I'd love to create one for Paria Outdoor Products.

Here are 3 sample videos so you can see the quality: https://drive.google.com/drive/folders/1QL-_djO9K9sW-ETXCa_t53SuwNP0bOzl?usp=sharing

If you're interested, I'd be happy to discuss details — and if you'd like, tell me how you'd want yours to look and I'll put one together for Paria Outdoor Products to look at first, no cost.

Would love any feedback either way. Have a great day!

Best regards,
Ethan

---
c/o IP-Management #8850
Ludwig-Erhard-Straße 18
20459 Hamburg
Deutschland
Don't want to hear from me again? Just reply and let me know."
Barebones Living,support@barebonesliving.com,"USA · Salt Lake City, UT","Camping cookware, lanterns & outdoor living gear",https://barebonesliving.com/,@barebonesliving,quick idea for Barebones Living,"Hi there,

I came across Barebones Living and how clean your Camping cookware, lanterns & outdoor living gear photography looks — really caught my attention.

My name is Ethan and I'm writing with a collaboration idea.

I noticed an opportunity to boost sales through motion design, which has a proven impact on brand perception — 63% of people worldwide say they prefer watching a short video about a product before buying it.

I specialize in turning existing product photos into high-converting 16:9 video ads (no filming needed) and I'd love to create one for Barebones Living.

Here are 3 sample videos so you can see the quality: https://drive.google.com/drive/folders/1QL-_djO9K9sW-ETXCa_t53SuwNP0bOzl?usp=sharing

If you're interested, I'd be happy to discuss details — and if you'd like, tell me how you'd want yours to look and I'll put one together for Barebones Living to look at first, no cost.

Would love any feedback either way. Have a great day!

Best regards,
Ethan

---
c/o IP-Management #8850
Ludwig-Erhard-Straße 18
20459 Hamburg
Deutschland
Don't want to hear from me again? Just reply and let me know."
Wise Owl Outfitters,hello@wiseowloutfitters.com,"USA · Franklin, TN",Camping hammocks & outdoor gear,https://wiseowloutfitters.com/,@wiseowloutfitters,quick idea for Wise Owl Outfitters,"Hi there,

I came across Wise Owl Outfitters — your Camping hammocks & outdoor gear lineup looks great, and I noticed there's no video anywhere on your site or ads yet.

My name is Ethan and I'm writing with a collaboration idea.

I noticed an opportunity to boost sales through motion design, which has a proven impact on brand perception — 63% of people worldwide say they prefer watching a short video about a product before buying it.

I specialize in turning existing product photos into high-converting 16:9 video ads (no filming needed) and I'd love to create one for Wise Owl Outfitters.

Here are 3 sample videos so you can see the quality: https://drive.google.com/drive/folders/1QL-_djO9K9sW-ETXCa_t53SuwNP0bOzl?usp=sharing

If you're interested, I'd be happy to discuss details — and if you'd like, tell me how you'd want yours to look and I'll put one together for Wise Owl Outfitters to look at first, no cost.

Would love any feedback either way. Have a great day!

Best regards,
Ethan

---
c/o IP-Management #8850
Ludwig-Erhard-Straße 18
20459 Hamburg
Deutschland
Don't want to hear from me again? Just reply and let me know."
Big Sky International,CustomerService@BigSkyInternational.com,"USA · Jackson, WY",Ultralight backpacking tents & camping accessories,https://bigskyinternational.com/,@bigskyinternational,quick idea for Big Sky International,"Hi there,

I was looking at Big Sky International's site and noticed your Ultralight backpacking tents & camping accessories are shown in photos only — no video anywhere yet.

My name is Ethan and I'm writing with a collaboration idea.

I noticed an opportunity to boost sales through motion design, which has a proven impact on brand perception — 63% of people worldwide say they prefer watching a short video about a product before buying it.

I specialize in turning existing product photos into high-converting 16:9 video ads (no filming needed) and I'd love to create one for Big Sky International.

Here are 3 sample videos so you can see the quality: https://drive.google.com/drive/folders/1QL-_djO9K9sW-ETXCa_t53SuwNP0bOzl?usp=sharing

If you're interested, I'd be happy to discuss details — and if you'd like, tell me how you'd want yours to look and I'll put one together for Big Sky International to look at first, no cost.

Would love any feedback either way. Have a great day!

Best regards,
Ethan

---
c/o IP-Management #8850
Ludwig-Erhard-Straße 18
20459 Hamburg
Deutschland
Don't want to hear from me again? Just reply and let me know."
Etowah Outfitters,paul@backpackingadventuregear.com,"USA · Cartersville, GA",Ultralight backpacking gear & alcohol stoves,https://backpackingadventuregear.com/,@etowah.adventure.co,quick idea for Etowah Outfitters,"Hi there,

I came across Etowah Outfitters and your Ultralight backpacking gear & alcohol stoves really stood out — but I couldn't find a single video on the site or your Instagram.

My name is Ethan and I'm writing with a collaboration idea.

I noticed an opportunity to boost sales through motion design, which has a proven impact on brand perception — 63% of people worldwide say they prefer watching a short video about a product before buying it.

I specialize in turning existing product photos into high-converting 16:9 video ads (no filming needed) and I'd love to create one for Etowah Outfitters.

Here are 3 sample videos so you can see the quality: https://drive.google.com/drive/folders/1QL-_djO9K9sW-ETXCa_t53SuwNP0bOzl?usp=sharing

If you're interested, I'd be happy to discuss details — and if you'd like, tell me how you'd want yours to look and I'll put one together for Etowah Outfitters to look at first, no cost.

Would love any feedback either way. Have a great day!

Best regards,
Ethan

---
c/o IP-Management #8850
Ludwig-Erhard-Straße 18
20459 Hamburg
Deutschland
Don't want to hear from me again? Just reply and let me know."
Alpenglow Gear,support@alpenglowgear.co,USA · California,"Ultralight backpacking accessories (pad inflators, fuel valves)",https://alpenglowgear.co/,@alpenglow_gear,quick idea for Alpenglow Gear,"Hi there,

I came across Alpenglow Gear and how clean your Ultralight backpacking accessories photography looks — really caught my attention.

My name is Ethan and I'm writing with a collaboration idea.

I noticed an opportunity to boost sales through motion design, which has a proven impact on brand perception — 63% of people worldwide say they prefer watching a short video about a product before buying it.

I specialize in turning existing product photos into high-converting 16:9 video ads (no filming needed) and I'd love to create one for Alpenglow Gear.

Here are 3 sample videos so you can see the quality: https://drive.google.com/drive/folders/1QL-_djO9K9sW-ETXCa_t53SuwNP0bOzl?usp=sharing

If you're interested, I'd be happy to discuss details — and if you'd like, tell me how you'd want yours to look and I'll put one together for Alpenglow Gear to look at first, no cost.

Would love any feedback either way. Have a great day!

Best regards,
Ethan

---
c/o IP-Management #8850
Ludwig-Erhard-Straße 18
20459 Hamburg
Deutschland
Don't want to hear from me again? Just reply and let me know."
Bannor Toys,Hello@Bannortoys.com,USA · Baby & Kids D2C,Kids Toys (Wooden/Montessori),https://bannortoys.com/,@bannortoys,quick idea for Bannor Toys,"Hi there,

I came across Bannor Toys — your Kids Toys lineup looks great, and I noticed there's no video anywhere on your site or ads yet.

My name is Ethan and I'm writing with a collaboration idea.

I noticed an opportunity to boost sales through motion design, which has a proven impact on brand perception — 63% of people worldwide say they prefer watching a short video about a product before buying it.

I specialize in turning existing product photos into high-converting 16:9 video ads (no filming needed) and I'd love to create one for Bannor Toys.

Here are 3 sample videos so you can see the quality: https://drive.google.com/drive/folders/1QL-_djO9K9sW-ETXCa_t53SuwNP0bOzl?usp=sharing

If you're interested, I'd be happy to discuss details — and if you'd like, tell me how you'd want yours to look and I'll put one together for Bannor Toys to look at first, no cost.

Would love any feedback either way. Have a great day!

Best regards,
Ethan

---
c/o IP-Management #8850
Ludwig-Erhard-Straße 18
20459 Hamburg
Deutschland
Don't want to hear from me again? Just reply and let me know."
Audrey & Bear,friends@audreyandbear.com,USA · Baby & Kids D2C,Baby Blankets & Swaddles,https://audreyandbear.com/,@audreyandbear,quick idea for Audrey & Bear,"Hi there,

I was looking at Audrey & Bear's site and noticed your Baby Blankets & Swaddles are shown in photos only — no video anywhere yet.

My name is Ethan and I'm writing with a collaboration idea.

I noticed an opportunity to boost sales through motion design, which has a proven impact on brand perception — 63% of people worldwide say they prefer watching a short video about a product before buying it.

I specialize in turning existing product photos into high-converting 16:9 video ads (no filming needed) and I'd love to create one for Audrey & Bear.

Here are 3 sample videos so you can see the quality: https://drive.google.com/drive/folders/1QL-_djO9K9sW-ETXCa_t53SuwNP0bOzl?usp=sharing

If you're interested, I'd be happy to discuss details — and if you'd like, tell me how you'd want yours to look and I'll put one together for Audrey & Bear to look at first, no cost.

Would love any feedback either way. Have a great day!

Best regards,
Ethan

---
c/o IP-Management #8850
Ludwig-Erhard-Straße 18
20459 Hamburg
Deutschland
Don't want to hear from me again? Just reply and let me know."
mini + meep,hello@miniandmeep.com,USA · Baby & Kids D2C,Organic Baby & Toddler Clothing,https://miniandmeep.com/,@miniandmeep,quick idea for mini + meep,"Hi there,

I came across mini + meep and your Organic Baby & Toddler Clothing really stood out — but I couldn't find a single video on the site or your Instagram.

My name is Ethan and I'm writing with a collaboration idea.

I noticed an opportunity to boost sales through motion design, which has a proven impact on brand perception — 63% of people worldwide say they prefer watching a short video about a product before buying it.

I specialize in turning existing product photos into high-converting 16:9 video ads (no filming needed) and I'd love to create one for mini + meep.

Here are 3 sample videos so you can see the quality: https://drive.google.com/drive/folders/1QL-_djO9K9sW-ETXCa_t53SuwNP0bOzl?usp=sharing

If you're interested, I'd be happy to discuss details — and if you'd like, tell me how you'd want yours to look and I'll put one together for mini + meep to look at first, no cost.

Would love any feedback either way. Have a great day!

Best regards,
Ethan

---
c/o IP-Management #8850
Ludwig-Erhard-Straße 18
20459 Hamburg
Deutschland
Don't want to hear from me again? Just reply and let me know."
Davin & Adley,Support@davinandadley.com,USA · Baby & Kids D2C,Nursing & Pumping Bras,https://www.davinandadley.com/,@davinandadley,quick idea for Davin & Adley,"Hi there,

I came across Davin & Adley and how clean your Nursing & Pumping Bras photography looks — really caught my attention.

My name is Ethan and I'm writing with a collaboration idea.

I noticed an opportunity to boost sales through motion design, which has a proven impact on brand perception — 63% of people worldwide say they prefer watching a short video about a product before buying it.

I specialize in turning existing product photos into high-converting 16:9 video ads (no filming needed) and I'd love to create one for Davin & Adley.

Here are 3 sample videos so you can see the quality: https://drive.google.com/drive/folders/1QL-_djO9K9sW-ETXCa_t53SuwNP0bOzl?usp=sharing

If you're interested, I'd be happy to discuss details — and if you'd like, tell me how you'd want yours to look and I'll put one together for Davin & Adley to look at first, no cost.

Would love any feedback either way. Have a great day!

Best regards,
Ethan

---
c/o IP-Management #8850
Ludwig-Erhard-Straße 18
20459 Hamburg
Deutschland
Don't want to hear from me again? Just reply and let me know."
Happy Baby Carriers,info@happybabycarriers.com,USA · Baby & Kids D2C,Baby Carriers,https://happybabycarriers.com/,@happybaby,quick idea for Happy Baby Carriers,"Hi there,

I came across Happy Baby Carriers — your Baby Carriers lineup looks great, and I noticed there's no video anywhere on your site or ads yet.

My name is Ethan and I'm writing with a collaboration idea.

I noticed an opportunity to boost sales through motion design, which has a proven impact on brand perception — 63% of people worldwide say they prefer watching a short video about a product before buying it.

I specialize in turning existing product photos into high-converting 16:9 video ads (no filming needed) and I'd love to create one for Happy Baby Carriers.

Here are 3 sample videos so you can see the quality: https://drive.google.com/drive/folders/1QL-_djO9K9sW-ETXCa_t53SuwNP0bOzl?usp=sharing

If you're interested, I'd be happy to discuss details — and if you'd like, tell me how you'd want yours to look and I'll put one together for Happy Baby Carriers to look at first, no cost.

Would love any feedback either way. Have a great day!

Best regards,
Ethan

---
c/o IP-Management #8850
Ludwig-Erhard-Straße 18
20459 Hamburg
Deutschland
Don't want to hear from me again? Just reply and let me know."
Dannico Woodworks,support@dannicowoodworks.com,USA · Baby & Kids D2C,Kids Furniture (Montessori),https://dannicowoodworks.com/,@dannicowoodworks,quick idea for Dannico Woodworks,"Hi there,

I was looking at Dannico Woodworks's site and noticed your Kids Furniture are shown in photos only — no video anywhere yet.

My name is Ethan and I'm writing with a collaboration idea.

I noticed an opportunity to boost sales through motion design, which has a proven impact on brand perception — 63% of people worldwide say they prefer watching a short video about a product before buying it.

I specialize in turning existing product photos into high-converting 16:9 video ads (no filming needed) and I'd love to create one for Dannico Woodworks.

Here are 3 sample videos so you can see the quality: https://drive.google.com/drive/folders/1QL-_djO9K9sW-ETXCa_t53SuwNP0bOzl?usp=sharing

If you're interested, I'd be happy to discuss details — and if you'd like, tell me how you'd want yours to look and I'll put one together for Dannico Woodworks to look at first, no cost.

Would love any feedback either way. Have a great day!

Best regards,
Ethan

---
c/o IP-Management #8850
Ludwig-Erhard-Straße 18
20459 Hamburg
Deutschland
Don't want to hear from me again? Just reply and let me know."
Moonjax,info@moonjax.com,USA · Baby & Kids D2C,Baby Teething Toys,https://moonjax.com/,@_moonjax_,quick idea for Moonjax,"Hi there,

I came across Moonjax and your Baby Teething Toys really stood out — but I couldn't find a single video on the site or your Instagram.

My name is Ethan and I'm writing with a collaboration idea.

I noticed an opportunity to boost sales through motion design, which has a proven impact on brand perception — 63% of people worldwide say they prefer watching a short video about a product before buying it.

I specialize in turning existing product photos into high-converting 16:9 video ads (no filming needed) and I'd love to create one for Moonjax.

Here are 3 sample videos so you can see the quality: https://drive.google.com/drive/folders/1QL-_djO9K9sW-ETXCa_t53SuwNP0bOzl?usp=sharing

If you're interested, I'd be happy to discuss details — and if you'd like, tell me how you'd want yours to look and I'll put one together for Moonjax to look at first, no cost.

Would love any feedback either way. Have a great day!

Best regards,
Ethan

---
c/o IP-Management #8850
Ludwig-Erhard-Straße 18
20459 Hamburg
Deutschland
Don't want to hear from me again? Just reply and let me know."
Little Teether,hello@littleteether.com,USA · Baby & Kids D2C,Baby Teething Toys/Jewelry,https://www.littleteether.com/,@littleteether,quick idea for Little Teether,"Hi there,

I came across Little Teether and how clean your Baby Teething Toys/Jewelry photography looks — really caught my attention.

My name is Ethan and I'm writing with a collaboration idea.

I noticed an opportunity to boost sales through motion design, which has a proven impact on brand perception — 63% of people worldwide say they prefer watching a short video about a product before buying it.

I specialize in turning existing product photos into high-converting 16:9 video ads (no filming needed) and I'd love to create one for Little Teether.

Here are 3 sample videos so you can see the quality: https://drive.google.com/drive/folders/1QL-_djO9K9sW-ETXCa_t53SuwNP0bOzl?usp=sharing

If you're interested, I'd be happy to discuss details — and if you'd like, tell me how you'd want yours to look and I'll put one together for Little Teether to look at first, no cost.

Would love any feedback either way. Have a great day!

Best regards,
Ethan

---
c/o IP-Management #8850
Ludwig-Erhard-Straße 18
20459 Hamburg
Deutschland
Don't want to hear from me again? Just reply and let me know."
Wonderfully Made Baby Mobiles,info@wonderfullymadebabymobiles.com,USA · Baby & Kids D2C,Nursery Decor (Crib Mobiles),https://wonderfullymadebabymobiles.com/,@wonderfullymadebabymobiles,quick idea for Wonderfully Made Baby Mobiles,"Hi there,

I came across Wonderfully Made Baby Mobiles — your Nursery Decor lineup looks great, and I noticed there's no video anywhere on your site or ads yet.

My name is Ethan and I'm writing with a collaboration idea.

I noticed an opportunity to boost sales through motion design, which has a proven impact on brand perception — 63% of people worldwide say they prefer watching a short video about a product before buying it.

I specialize in turning existing product photos into high-converting 16:9 video ads (no filming needed) and I'd love to create one for Wonderfully Made Baby Mobiles.

Here are 3 sample videos so you can see the quality: https://drive.google.com/drive/folders/1QL-_djO9K9sW-ETXCa_t53SuwNP0bOzl?usp=sharing

If you're interested, I'd be happy to discuss details — and if you'd like, tell me how you'd want yours to look and I'll put one together for Wonderfully Made Baby Mobiles to look at first, no cost.

Would love any feedback either way. Have a great day!

Best regards,
Ethan

---
c/o IP-Management #8850
Ludwig-Erhard-Straße 18
20459 Hamburg
Deutschland
Don't want to hear from me again? Just reply and let me know."
Back40Life,Hello@back40life.com,USA · Baby & Kids D2C,Nursery Decor (Growth Charts),https://back40life.com/,@back40life,quick idea for Back40Life,"Hi there,

I was looking at Back40Life's site and noticed your Nursery Decor are shown in photos only — no video anywhere yet.

My name is Ethan and I'm writing with a collaboration idea.

I noticed an opportunity to boost sales through motion design, which has a proven impact on brand perception — 63% of people worldwide say they prefer watching a short video about a product before buying it.

I specialize in turning existing product photos into high-converting 16:9 video ads (no filming needed) and I'd love to create one for Back40Life.

Here are 3 sample videos so you can see the quality: https://drive.google.com/drive/folders/1QL-_djO9K9sW-ETXCa_t53SuwNP0bOzl?usp=sharing

If you're interested, I'd be happy to discuss details — and if you'd like, tell me how you'd want yours to look and I'll put one together for Back40Life to look at first, no cost.

Would love any feedback either way. Have a great day!

Best regards,
Ethan

---
c/o IP-Management #8850
Ludwig-Erhard-Straße 18
20459 Hamburg
Deutschland
Don't want to hear from me again? Just reply and let me know."
Hello Birdie Birdie,nasaa.hellobirdiebirdie@gmail.com,USA · Baby & Kids D2C,Nursery Decor (Heirloom Mobiles),https://hellobirdiebirdie.com/,@hellobirdiebirdie,quick idea for Hello Birdie Birdie,"Hi there,

I came across Hello Birdie Birdie and your Nursery Decor really stood out — but I couldn't find a single video on the site or your Instagram.

My name is Ethan and I'm writing with a collaboration idea.

I noticed an opportunity to boost sales through motion design, which has a proven impact on brand perception — 63% of people worldwide say they prefer watching a short video about a product before buying it.

I specialize in turning existing product photos into high-converting 16:9 video ads (no filming needed) and I'd love to create one for Hello Birdie Birdie.

Here are 3 sample videos so you can see the quality: https://drive.google.com/drive/folders/1QL-_djO9K9sW-ETXCa_t53SuwNP0bOzl?usp=sharing

If you're interested, I'd be happy to discuss details — and if you'd like, tell me how you'd want yours to look and I'll put one together for Hello Birdie Birdie to look at first, no cost.

Would love any feedback either way. Have a great day!

Best regards,
Ethan

---
c/o IP-Management #8850
Ludwig-Erhard-Straße 18
20459 Hamburg
Deutschland
Don't want to hear from me again? Just reply and let me know."
Hexcal,support@hexcal.com,"USA · Albany, NY",Desk/home-office charging stations & tech organization,https://hexcal.com/,@hexcal_official,quick idea for Hexcal,"Hi there,

I came across Hexcal and how clean your Desk/home-office charging stations & tech organization photography looks — really caught my attention.

My name is Ethan and I'm writing with a collaboration idea.

I noticed an opportunity to boost sales through motion design, which has a proven impact on brand perception — 63% of people worldwide say they prefer watching a short video about a product before buying it.

I specialize in turning existing product photos into high-converting 16:9 video ads (no filming needed) and I'd love to create one for Hexcal.

Here are 3 sample videos so you can see the quality: https://drive.google.com/drive/folders/1QL-_djO9K9sW-ETXCa_t53SuwNP0bOzl?usp=sharing

If you're interested, I'd be happy to discuss details — and if you'd like, tell me how you'd want yours to look and I'll put one together for Hexcal to look at first, no cost.

Would love any feedback either way. Have a great day!

Best regards,
Ethan

---
c/o IP-Management #8850
Ludwig-Erhard-Straße 18
20459 Hamburg
Deutschland
Don't want to hear from me again? Just reply and let me know."
Caselix,hello@shopcaselix.com,"USA · Kissimmee, FL",AirPods cases / phone accessories,https://www.shopcaselix.com/,@shopcaselix,quick idea for Caselix,"Hi there,

I came across Caselix — your AirPods cases / phone accessories lineup looks great, and I noticed there's no video anywhere on your site or ads yet.

My name is Ethan and I'm writing with a collaboration idea.

I noticed an opportunity to boost sales through motion design, which has a proven impact on brand perception — 63% of people worldwide say they prefer watching a short video about a product before buying it.

I specialize in turning existing product photos into high-converting 16:9 video ads (no filming needed) and I'd love to create one for Caselix.

Here are 3 sample videos so you can see the quality: https://drive.google.com/drive/folders/1QL-_djO9K9sW-ETXCa_t53SuwNP0bOzl?usp=sharing

If you're interested, I'd be happy to discuss details — and if you'd like, tell me how you'd want yours to look and I'll put one together for Caselix to look at first, no cost.

Would love any feedback either way. Have a great day!

Best regards,
Ethan

---
c/o IP-Management #8850
Ludwig-Erhard-Straße 18
20459 Hamburg
Deutschland
Don't want to hear from me again? Just reply and let me know."
LoveHandle,help@lovehandle.com,"USA · Rosharon, TX",Phone grips & MagSafe accessories,https://www.lovehandle.com/,@lovehandle,quick idea for LoveHandle,"Hi there,

I was looking at LoveHandle's site and noticed your Phone grips & MagSafe accessories are shown in photos only — no video anywhere yet.

My name is Ethan and I'm writing with a collaboration idea.

I noticed an opportunity to boost sales through motion design, which has a proven impact on brand perception — 63% of people worldwide say they prefer watching a short video about a product before buying it.

I specialize in turning existing product photos into high-converting 16:9 video ads (no filming needed) and I'd love to create one for LoveHandle.

Here are 3 sample videos so you can see the quality: https://drive.google.com/drive/folders/1QL-_djO9K9sW-ETXCa_t53SuwNP0bOzl?usp=sharing

If you're interested, I'd be happy to discuss details — and if you'd like, tell me how you'd want yours to look and I'll put one together for LoveHandle to look at first, no cost.

Would love any feedback either way. Have a great day!

Best regards,
Ethan

---
c/o IP-Management #8850
Ludwig-Erhard-Straße 18
20459 Hamburg
Deutschland
Don't want to hear from me again? Just reply and let me know."
Roost,sales@therooststand.com,"USA · Aurora, CO",Laptop stands,https://www.therooststand.com/,@therooststand,quick idea for Roost,"Hi there,

I came across Roost and your Laptop stands really stood out — but I couldn't find a single video on the site or your Instagram.

My name is Ethan and I'm writing with a collaboration idea.

I noticed an opportunity to boost sales through motion design, which has a proven impact on brand perception — 63% of people worldwide say they prefer watching a short video about a product before buying it.

I specialize in turning existing product photos into high-converting 16:9 video ads (no filming needed) and I'd love to create one for Roost.

Here are 3 sample videos so you can see the quality: https://drive.google.com/drive/folders/1QL-_djO9K9sW-ETXCa_t53SuwNP0bOzl?usp=sharing

If you're interested, I'd be happy to discuss details — and if you'd like, tell me how you'd want yours to look and I'll put one together for Roost to look at first, no cost.

Would love any feedback either way. Have a great day!

Best regards,
Ethan

---
c/o IP-Management #8850
Ludwig-Erhard-Straße 18
20459 Hamburg
Deutschland
Don't want to hear from me again? Just reply and let me know."
Velvet Caviar,hello@velvetcaviar.com,"USA · Glen Cove, NY",MagSafe accessories & phone cases,https://velvetcaviar.com/,@velvetcaviar,quick idea for Velvet Caviar,"Hi there,

I came across Velvet Caviar and how clean your MagSafe accessories & phone cases photography looks — really caught my attention.

My name is Ethan and I'm writing with a collaboration idea.

I noticed an opportunity to boost sales through motion design, which has a proven impact on brand perception — 63% of people worldwide say they prefer watching a short video about a product before buying it.

I specialize in turning existing product photos into high-converting 16:9 video ads (no filming needed) and I'd love to create one for Velvet Caviar.

Here are 3 sample videos so you can see the quality: https://drive.google.com/drive/folders/1QL-_djO9K9sW-ETXCa_t53SuwNP0bOzl?usp=sharing

If you're interested, I'd be happy to discuss details — and if you'd like, tell me how you'd want yours to look and I'll put one together for Velvet Caviar to look at first, no cost.

Would love any feedback either way. Have a great day!

Best regards,
Ethan

---
c/o IP-Management #8850
Ludwig-Erhard-Straße 18
20459 Hamburg
Deutschland
Don't want to hear from me again? Just reply and let me know."
Smartish,support@smartish.com,"USA · Austin, TX","Phone cases, MagSafe wallets & charging accessories",https://smartish.com/,@staysmartish,quick idea for Smartish,"Hi there,

I came across Smartish — your Phone cases, MagSafe wallets & charging accessories lineup looks great, and I noticed there's no video anywhere on your site or ads yet.

My name is Ethan and I'm writing with a collaboration idea.

I noticed an opportunity to boost sales through motion design, which has a proven impact on brand perception — 63% of people worldwide say they prefer watching a short video about a product before buying it.

I specialize in turning existing product photos into high-converting 16:9 video ads (no filming needed) and I'd love to create one for Smartish.

Here are 3 sample videos so you can see the quality: https://drive.google.com/drive/folders/1QL-_djO9K9sW-ETXCa_t53SuwNP0bOzl?usp=sharing

If you're interested, I'd be happy to discuss details — and if you'd like, tell me how you'd want yours to look and I'll put one together for Smartish to look at first, no cost.

Would love any feedback either way. Have a great day!

Best regards,
Ethan

---
c/o IP-Management #8850
Ludwig-Erhard-Straße 18
20459 Hamburg
Deutschland
Don't want to hear from me again? Just reply and let me know."
MagBak,info@magbak.com,"USA · Los Angeles, CA","MagSafe wallets, car mounts & wireless charging accessories",https://magbak.com/,@magbakofficial,quick idea for MagBak,"Hi there,

I was looking at MagBak's site and noticed your MagSafe wallets, car mounts & wireless charging accessories are shown in photos only — no video anywhere yet.

My name is Ethan and I'm writing with a collaboration idea.

I noticed an opportunity to boost sales through motion design, which has a proven impact on brand perception — 63% of people worldwide say they prefer watching a short video about a product before buying it.

I specialize in turning existing product photos into high-converting 16:9 video ads (no filming needed) and I'd love to create one for MagBak.

Here are 3 sample videos so you can see the quality: https://drive.google.com/drive/folders/1QL-_djO9K9sW-ETXCa_t53SuwNP0bOzl?usp=sharing

If you're interested, I'd be happy to discuss details — and if you'd like, tell me how you'd want yours to look and I'll put one together for MagBak to look at first, no cost.

Would love any feedback either way. Have a great day!

Best regards,
Ethan

---
c/o IP-Management #8850
Ludwig-Erhard-Straße 18
20459 Hamburg
Deutschland
Don't want to hear from me again? Just reply and let me know."
Studio Neat,hello@studioneat.com,"USA · Austin, TX",Phone mounts (Glif) & desk/pocket accessories,https://www.studioneat.com/,@studioneat,quick idea for Studio Neat,"Hi there,

I came across Studio Neat and your Phone mounts& desk/pocket accessories really stood out — but I couldn't find a single video on the site or your Instagram.

My name is Ethan and I'm writing with a collaboration idea.

I noticed an opportunity to boost sales through motion design, which has a proven impact on brand perception — 63% of people worldwide say they prefer watching a short video about a product before buying it.

I specialize in turning existing product photos into high-converting 16:9 video ads (no filming needed) and I'd love to create one for Studio Neat.

Here are 3 sample videos so you can see the quality: https://drive.google.com/drive/folders/1QL-_djO9K9sW-ETXCa_t53SuwNP0bOzl?usp=sharing

If you're interested, I'd be happy to discuss details — and if you'd like, tell me how you'd want yours to look and I'll put one together for Studio Neat to look at first, no cost.

Would love any feedback either way. Have a great day!

Best regards,
Ethan

---
c/o IP-Management #8850
Ludwig-Erhard-Straße 18
20459 Hamburg
Deutschland
Don't want to hear from me again? Just reply and let me know."
Screen Skinz,support@screenskinz.co,"USA · Lakeland, FL",Custom screen protectors,https://www.screenskinz.com/,@screenskinz,quick idea for Screen Skinz,"Hi there,

I came across Screen Skinz and how clean your Custom screen protectors photography looks — really caught my attention.

My name is Ethan and I'm writing with a collaboration idea.

I noticed an opportunity to boost sales through motion design, which has a proven impact on brand perception — 63% of people worldwide say they prefer watching a short video about a product before buying it.

I specialize in turning existing product photos into high-converting 16:9 video ads (no filming needed) and I'd love to create one for Screen Skinz.

Here are 3 sample videos so you can see the quality: https://drive.google.com/drive/folders/1QL-_djO9K9sW-ETXCa_t53SuwNP0bOzl?usp=sharing

If you're interested, I'd be happy to discuss details — and if you'd like, tell me how you'd want yours to look and I'll put one together for Screen Skinz to look at first, no cost.

Would love any feedback either way. Have a great day!

Best regards,
Ethan

---
c/o IP-Management #8850
Ludwig-Erhard-Straße 18
20459 Hamburg
Deutschland
Don't want to hear from me again? Just reply and let me know."
Wildflower Cases,sales@wildflowercases.com,"USA · Los Angeles, CA",Phone cases,https://wildflowercases.com/,@wildflowercases,quick idea for Wildflower Cases,"Hi there,

I came across Wildflower Cases — your Phone cases lineup looks great, and I noticed there's no video anywhere on your site or ads yet.

My name is Ethan and I'm writing with a collaboration idea.

I noticed an opportunity to boost sales through motion design, which has a proven impact on brand perception — 63% of people worldwide say they prefer watching a short video about a product before buying it.

I specialize in turning existing product photos into high-converting 16:9 video ads (no filming needed) and I'd love to create one for Wildflower Cases.

Here are 3 sample videos so you can see the quality: https://drive.google.com/drive/folders/1QL-_djO9K9sW-ETXCa_t53SuwNP0bOzl?usp=sharing

If you're interested, I'd be happy to discuss details — and if you'd like, tell me how you'd want yours to look and I'll put one together for Wildflower Cases to look at first, no cost.

Would love any feedback either way. Have a great day!

Best regards,
Ethan

---
c/o IP-Management #8850
Ludwig-Erhard-Straße 18
20459 Hamburg
Deutschland
Don't want to hear from me again? Just reply and let me know."
OhSnap,info@ohsnap.com,"USA · Apex, NC",MagSafe phone grips,https://www.ohsnap.com/,@ohsnap,quick idea for OhSnap,"Hi there,

I was looking at OhSnap's site and noticed your MagSafe phone grips are shown in photos only — no video anywhere yet.

My name is Ethan and I'm writing with a collaboration idea.

I noticed an opportunity to boost sales through motion design, which has a proven impact on brand perception — 63% of people worldwide say they prefer watching a short video about a product before buying it.

I specialize in turning existing product photos into high-converting 16:9 video ads (no filming needed) and I'd love to create one for OhSnap.

Here are 3 sample videos so you can see the quality: https://drive.google.com/drive/folders/1QL-_djO9K9sW-ETXCa_t53SuwNP0bOzl?usp=sharing

If you're interested, I'd be happy to discuss details — and if you'd like, tell me how you'd want yours to look and I'll put one together for OhSnap to look at first, no cost.

Would love any feedback either way. Have a great day!

Best regards,
Ethan

---
c/o IP-Management #8850
Ludwig-Erhard-Straße 18
20459 Hamburg
Deutschland
Don't want to hear from me again? Just reply and let me know."
Xenvo,support@xenvopro.com,"USA · Matawan, NJ",Smartphone camera lens kits,https://www.xenvopro.com/,nicht ermittelt,quick idea for Xenvo,"Hi there,

I came across Xenvo and your Smartphone camera lens kits really stood out — but I couldn't find a single video on the site or your Instagram.

My name is Ethan and I'm writing with a collaboration idea.

I noticed an opportunity to boost sales through motion design, which has a proven impact on brand perception — 63% of people worldwide say they prefer watching a short video about a product before buying it.

I specialize in turning existing product photos into high-converting 16:9 video ads (no filming needed) and I'd love to create one for Xenvo.

Here are 3 sample videos so you can see the quality: https://drive.google.com/drive/folders/1QL-_djO9K9sW-ETXCa_t53SuwNP0bOzl?usp=sharing

If you're interested, I'd be happy to discuss details — and if you'd like, tell me how you'd want yours to look and I'll put one together for Xenvo to look at first, no cost.

Would love any feedback either way. Have a great day!

Best regards,
Ethan

---
c/o IP-Management #8850
Ludwig-Erhard-Straße 18
20459 Hamburg
Deutschland
Don't want to hear from me again? Just reply and let me know."
Nimble,hello@gonimble.com,"USA · Costa Mesa, CA",Sustainable chargers & power banks,https://www.gonimble.com/,@nimbleforgood,quick idea for Nimble,"Hi there,

I came across Nimble and how clean your Sustainable chargers & power banks photography looks — really caught my attention.

My name is Ethan and I'm writing with a collaboration idea.

I noticed an opportunity to boost sales through motion design, which has a proven impact on brand perception — 63% of people worldwide say they prefer watching a short video about a product before buying it.

I specialize in turning existing product photos into high-converting 16:9 video ads (no filming needed) and I'd love to create one for Nimble.

Here are 3 sample videos so you can see the quality: https://drive.google.com/drive/folders/1QL-_djO9K9sW-ETXCa_t53SuwNP0bOzl?usp=sharing

If you're interested, I'd be happy to discuss details — and if you'd like, tell me how you'd want yours to look and I'll put one together for Nimble to look at first, no cost.

Would love any feedback either way. Have a great day!

Best regards,
Ethan

---
c/o IP-Management #8850
Ludwig-Erhard-Straße 18
20459 Hamburg
Deutschland
Don't want to hear from me again? Just reply and let me know."
FitCord,Team@FitCord.com,"USA · Gulf Shores, AL (nationwide D2C)",Resistance bands / home gym cords,https://fitcord.com/,@fitcord,quick idea for FitCord,"Hi there,

I came across FitCord — your Resistance bands / home gym cords lineup looks great, and I noticed there's no video anywhere on your site or ads yet.

My name is Ethan and I'm writing with a collaboration idea.

I noticed an opportunity to boost sales through motion design, which has a proven impact on brand perception — 63% of people worldwide say they prefer watching a short video about a product before buying it.

I specialize in turning existing product photos into high-converting 16:9 video ads (no filming needed) and I'd love to create one for FitCord.

Here are 3 sample videos so you can see the quality: https://drive.google.com/drive/folders/1QL-_djO9K9sW-ETXCa_t53SuwNP0bOzl?usp=sharing

If you're interested, I'd be happy to discuss details — and if you'd like, tell me how you'd want yours to look and I'll put one together for FitCord to look at first, no cost.

Would love any feedback either way. Have a great day!

Best regards,
Ethan

---
c/o IP-Management #8850
Ludwig-Erhard-Straße 18
20459 Hamburg
Deutschland
Don't want to hear from me again? Just reply and let me know."
USA Iron Kettlebells,hello@usa-iron.com,USA · nationwide (D2C),Kettlebells,https://www.usa-iron.com/,@usa_iron,quick idea for USA Iron Kettlebells,"Hi there,

I was looking at USA Iron Kettlebells's site and noticed your Kettlebells are shown in photos only — no video anywhere yet.

My name is Ethan and I'm writing with a collaboration idea.

I noticed an opportunity to boost sales through motion design, which has a proven impact on brand perception — 63% of people worldwide say they prefer watching a short video about a product before buying it.

I specialize in turning existing product photos into high-converting 16:9 video ads (no filming needed) and I'd love to create one for USA Iron Kettlebells.

Here are 3 sample videos so you can see the quality: https://drive.google.com/drive/folders/1QL-_djO9K9sW-ETXCa_t53SuwNP0bOzl?usp=sharing

If you're interested, I'd be happy to discuss details — and if you'd like, tell me how you'd want yours to look and I'll put one together for USA Iron Kettlebells to look at first, no cost.

Would love any feedback either way. Have a great day!

Best regards,
Ethan

---
c/o IP-Management #8850
Ludwig-Erhard-Straße 18
20459 Hamburg
Deutschland
Don't want to hear from me again? Just reply and let me know."
Pro Kettlebell,orders@prokettlebell.com,USA · nationwide (D2C),Kettlebells,https://prokettlebell.com/,@pro_kettlebell,quick idea for Pro Kettlebell,"Hi there,

I came across Pro Kettlebell and your Kettlebells really stood out — but I couldn't find a single video on the site or your Instagram.

My name is Ethan and I'm writing with a collaboration idea.

I noticed an opportunity to boost sales through motion design, which has a proven impact on brand perception — 63% of people worldwide say they prefer watching a short video about a product before buying it.

I specialize in turning existing product photos into high-converting 16:9 video ads (no filming needed) and I'd love to create one for Pro Kettlebell.

Here are 3 sample videos so you can see the quality: https://drive.google.com/drive/folders/1QL-_djO9K9sW-ETXCa_t53SuwNP0bOzl?usp=sharing

If you're interested, I'd be happy to discuss details — and if you'd like, tell me how you'd want yours to look and I'll put one together for Pro Kettlebell to look at first, no cost.

Would love any feedback either way. Have a great day!

Best regards,
Ethan

---
c/o IP-Management #8850
Ludwig-Erhard-Straße 18
20459 Hamburg
Deutschland
Don't want to hear from me again? Just reply and let me know."
Tiger Tail USA,sales@tigertailusa.com,"USA · Kent, WA (nationwide D2C)","Muscle recovery tools (massage sticks, foam rollers)",https://tigertailusa.com/,@tigertailusa,quick idea for Tiger Tail USA,"Hi there,

I came across Tiger Tail USA and how clean your Muscle recovery tools photography looks — really caught my attention.

My name is Ethan and I'm writing with a collaboration idea.

I noticed an opportunity to boost sales through motion design, which has a proven impact on brand perception — 63% of people worldwide say they prefer watching a short video about a product before buying it.

I specialize in turning existing product photos into high-converting 16:9 video ads (no filming needed) and I'd love to create one for Tiger Tail USA.

Here are 3 sample videos so you can see the quality: https://drive.google.com/drive/folders/1QL-_djO9K9sW-ETXCa_t53SuwNP0bOzl?usp=sharing

If you're interested, I'd be happy to discuss details — and if you'd like, tell me how you'd want yours to look and I'll put one together for Tiger Tail USA to look at first, no cost.

Would love any feedback either way. Have a great day!

Best regards,
Ethan

---
c/o IP-Management #8850
Ludwig-Erhard-Straße 18
20459 Hamburg
Deutschland
Don't want to hear from me again? Just reply and let me know."
ROLL Recovery,info@rollrecovery.com,"USA · Boulder, CO (nationwide D2C)","Recovery tools (massage rollers, percussion, foot roller)",https://rollrecovery.com/,@rollrecovery,quick idea for ROLL Recovery,"Hi there,

I came across ROLL Recovery — your Recovery tools lineup looks great, and I noticed there's no video anywhere on your site or ads yet.

My name is Ethan and I'm writing with a collaboration idea.

I noticed an opportunity to boost sales through motion design, which has a proven impact on brand perception — 63% of people worldwide say they prefer watching a short video about a product before buying it.

I specialize in turning existing product photos into high-converting 16:9 video ads (no filming needed) and I'd love to create one for ROLL Recovery.

Here are 3 sample videos so you can see the quality: https://drive.google.com/drive/folders/1QL-_djO9K9sW-ETXCa_t53SuwNP0bOzl?usp=sharing

If you're interested, I'd be happy to discuss details — and if you'd like, tell me how you'd want yours to look and I'll put one together for ROLL Recovery to look at first, no cost.

Would love any feedback either way. Have a great day!

Best regards,
Ethan

---
c/o IP-Management #8850
Ludwig-Erhard-Straße 18
20459 Hamburg
Deutschland
Don't want to hear from me again? Just reply and let me know."
SuzieB Fitness,bands@suziebfit.com,"USA · Akron, OH (nationwide D2C)",Resistance bands,https://suziebfitness.shop/,@suzie_kb,quick idea for SuzieB Fitness,"Hi there,

I was looking at SuzieB Fitness's site and noticed your Resistance bands are shown in photos only — no video anywhere yet.

My name is Ethan and I'm writing with a collaboration idea.

I noticed an opportunity to boost sales through motion design, which has a proven impact on brand perception — 63% of people worldwide say they prefer watching a short video about a product before buying it.

I specialize in turning existing product photos into high-converting 16:9 video ads (no filming needed) and I'd love to create one for SuzieB Fitness.

Here are 3 sample videos so you can see the quality: https://drive.google.com/drive/folders/1QL-_djO9K9sW-ETXCa_t53SuwNP0bOzl?usp=sharing

If you're interested, I'd be happy to discuss details — and if you'd like, tell me how you'd want yours to look and I'll put one together for SuzieB Fitness to look at first, no cost.

Would love any feedback either way. Have a great day!

Best regards,
Ethan

---
c/o IP-Management #8850
Ludwig-Erhard-Straße 18
20459 Hamburg
Deutschland
Don't want to hear from me again? Just reply and let me know."
Epitomie Fitness,info@epitomiefitness.com,"USA · Miami, FL (nationwide D2C)","Gliding discs / sliders, jump ropes",https://epitomiefitness.com/,@epitomie_fitness,quick idea for Epitomie Fitness,"Hi there,

I came across Epitomie Fitness and your Gliding discs / sliders, jump ropes really stood out — but I couldn't find a single video on the site or your Instagram.

My name is Ethan and I'm writing with a collaboration idea.

I noticed an opportunity to boost sales through motion design, which has a proven impact on brand perception — 63% of people worldwide say they prefer watching a short video about a product before buying it.

I specialize in turning existing product photos into high-converting 16:9 video ads (no filming needed) and I'd love to create one for Epitomie Fitness.

Here are 3 sample videos so you can see the quality: https://drive.google.com/drive/folders/1QL-_djO9K9sW-ETXCa_t53SuwNP0bOzl?usp=sharing

If you're interested, I'd be happy to discuss details — and if you'd like, tell me how you'd want yours to look and I'll put one together for Epitomie Fitness to look at first, no cost.

Would love any feedback either way. Have a great day!

Best regards,
Ethan

---
c/o IP-Management #8850
Ludwig-Erhard-Straße 18
20459 Hamburg
Deutschland
Don't want to hear from me again? Just reply and let me know."
Elite Jumps,contact@elitejumpsco.com,"USA · Wenatchee, WA (nationwide D2C)",Jump ropes,https://elitejumps.co/,@elitejumpsco,quick idea for Elite Jumps,"Hi there,

I came across Elite Jumps and how clean your Jump ropes photography looks — really caught my attention.

My name is Ethan and I'm writing with a collaboration idea.

I noticed an opportunity to boost sales through motion design, which has a proven impact on brand perception — 63% of people worldwide say they prefer watching a short video about a product before buying it.

I specialize in turning existing product photos into high-converting 16:9 video ads (no filming needed) and I'd love to create one for Elite Jumps.

Here are 3 sample videos so you can see the quality: https://drive.google.com/drive/folders/1QL-_djO9K9sW-ETXCa_t53SuwNP0bOzl?usp=sharing

If you're interested, I'd be happy to discuss details — and if you'd like, tell me how you'd want yours to look and I'll put one together for Elite Jumps to look at first, no cost.

Would love any feedback either way. Have a great day!

Best regards,
Ethan

---
c/o IP-Management #8850
Ludwig-Erhard-Straße 18
20459 Hamburg
Deutschland
Don't want to hear from me again? Just reply and let me know."
TORQ Ropes,hello@torqropes.com,USA · nationwide (D2C),Jump ropes,https://torqropes.com/,@torq.ropes,quick idea for TORQ Ropes,"Hi there,

I came across TORQ Ropes — your Jump ropes lineup looks great, and I noticed there's no video anywhere on your site or ads yet.

My name is Ethan and I'm writing with a collaboration idea.

I noticed an opportunity to boost sales through motion design, which has a proven impact on brand perception — 63% of people worldwide say they prefer watching a short video about a product before buying it.

I specialize in turning existing product photos into high-converting 16:9 video ads (no filming needed) and I'd love to create one for TORQ Ropes.

Here are 3 sample videos so you can see the quality: https://drive.google.com/drive/folders/1QL-_djO9K9sW-ETXCa_t53SuwNP0bOzl?usp=sharing

If you're interested, I'd be happy to discuss details — and if you'd like, tell me how you'd want yours to look and I'll put one together for TORQ Ropes to look at first, no cost.

Would love any feedback either way. Have a great day!

Best regards,
Ethan

---
c/o IP-Management #8850
Ludwig-Erhard-Straße 18
20459 Hamburg
Deutschland
Don't want to hear from me again? Just reply and let me know."
Rubberbanditz,support@rubberbanditz.com,"USA · Los Angeles, CA area (nationwide D2C)","Resistance bands, door pull-up bar",https://www.rubberbanditz.com/,@rubberbanditz,quick idea for Rubberbanditz,"Hi there,

I was looking at Rubberbanditz's site and noticed your Resistance bands, door pull-up bar are shown in photos only — no video anywhere yet.

My name is Ethan and I'm writing with a collaboration idea.

I noticed an opportunity to boost sales through motion design, which has a proven impact on brand perception — 63% of people worldwide say they prefer watching a short video about a product before buying it.

I specialize in turning existing product photos into high-converting 16:9 video ads (no filming needed) and I'd love to create one for Rubberbanditz.

Here are 3 sample videos so you can see the quality: https://drive.google.com/drive/folders/1QL-_djO9K9sW-ETXCa_t53SuwNP0bOzl?usp=sharing

If you're interested, I'd be happy to discuss details — and if you'd like, tell me how you'd want yours to look and I'll put one together for Rubberbanditz to look at first, no cost.

Would love any feedback either way. Have a great day!

Best regards,
Ethan

---
c/o IP-Management #8850
Ludwig-Erhard-Straße 18
20459 Hamburg
Deutschland
Don't want to hear from me again? Just reply and let me know."
Gayo,collab@gayoshop.com,USA · nationwide (D2C),Cork yoga blocks and yoga accessories,https://www.gayoshop.com/,@gayoforyoga,quick idea for Gayo,"Hi there,

I came across Gayo and your Cork yoga blocks and yoga accessories really stood out — but I couldn't find a single video on the site or your Instagram.

My name is Ethan and I'm writing with a collaboration idea.

I noticed an opportunity to boost sales through motion design, which has a proven impact on brand perception — 63% of people worldwide say they prefer watching a short video about a product before buying it.

I specialize in turning existing product photos into high-converting 16:9 video ads (no filming needed) and I'd love to create one for Gayo.

Here are 3 sample videos so you can see the quality: https://drive.google.com/drive/folders/1QL-_djO9K9sW-ETXCa_t53SuwNP0bOzl?usp=sharing

If you're interested, I'd be happy to discuss details — and if you'd like, tell me how you'd want yours to look and I'll put one together for Gayo to look at first, no cost.

Would love any feedback either way. Have a great day!

Best regards,
Ethan

---
c/o IP-Management #8850
Ludwig-Erhard-Straße 18
20459 Hamburg
Deutschland
Don't want to hear from me again? Just reply and let me know."
FitBar Strong,info@FitBarStrong.com,"USA · Merritt Island, FL (nationwide D2C)",Pull-up bars / calisthenics equipment,https://www.fitbarstrong.com/,@fitbarstrong,quick idea for FitBar Strong,"Hi there,

I came across FitBar Strong and how clean your Pull-up bars / calisthenics equipment photography looks — really caught my attention.

My name is Ethan and I'm writing with a collaboration idea.

I noticed an opportunity to boost sales through motion design, which has a proven impact on brand perception — 63% of people worldwide say they prefer watching a short video about a product before buying it.

I specialize in turning existing product photos into high-converting 16:9 video ads (no filming needed) and I'd love to create one for FitBar Strong.

Here are 3 sample videos so you can see the quality: https://drive.google.com/drive/folders/1QL-_djO9K9sW-ETXCa_t53SuwNP0bOzl?usp=sharing

If you're interested, I'd be happy to discuss details — and if you'd like, tell me how you'd want yours to look and I'll put one together for FitBar Strong to look at first, no cost.

Would love any feedback either way. Have a great day!

Best regards,
Ethan

---
c/o IP-Management #8850
Ludwig-Erhard-Straße 18
20459 Hamburg
Deutschland
Don't want to hear from me again? Just reply and let me know."
Kettlebells USA,info@kettlebellsusa.com,"USA · nationwide (D2C, showroom presence)",Kettlebells,https://kettlebellsusa.com/,@kettlebellsusa,quick idea for Kettlebells USA,"Hi there,

I came across Kettlebells USA — your Kettlebells lineup looks great, and I noticed there's no video anywhere on your site or ads yet.

My name is Ethan and I'm writing with a collaboration idea.

I noticed an opportunity to boost sales through motion design, which has a proven impact on brand perception — 63% of people worldwide say they prefer watching a short video about a product before buying it.

I specialize in turning existing product photos into high-converting 16:9 video ads (no filming needed) and I'd love to create one for Kettlebells USA.

Here are 3 sample videos so you can see the quality: https://drive.google.com/drive/folders/1QL-_djO9K9sW-ETXCa_t53SuwNP0bOzl?usp=sharing

If you're interested, I'd be happy to discuss details — and if you'd like, tell me how you'd want yours to look and I'll put one together for Kettlebells USA to look at first, no cost.

Would love any feedback either way. Have a great day!

Best regards,
Ethan

---
c/o IP-Management #8850
Ludwig-Erhard-Straße 18
20459 Hamburg
Deutschland
Don't want to hear from me again? Just reply and let me know."
Pure Nuff Stuff,info@purenuffstuff.co.uk,"UK · Penzance, Cornwall",Natural skincare / bamboo toothbrushes,https://www.purenuffstuff.co.uk/,@purenuffstuff,quick idea for Pure Nuff Stuff,"Hi there,

I was looking at Pure Nuff Stuff's site and noticed your Natural skincare / bamboo toothbrushes are shown in photos only — no video anywhere yet.

My name is Ethan and I'm writing with a collaboration idea.

I noticed an opportunity to boost sales through motion design, which has a proven impact on brand perception — 63% of people worldwide say they prefer watching a short video about a product before buying it.

I specialize in turning existing product photos into high-converting 16:9 video ads (no filming needed) and I'd love to create one for Pure Nuff Stuff.

Here are 3 sample videos so you can see the quality: https://drive.google.com/drive/folders/1QL-_djO9K9sW-ETXCa_t53SuwNP0bOzl?usp=sharing

If you're interested, I'd be happy to discuss details — and if you'd like, tell me how you'd want yours to look and I'll put one together for Pure Nuff Stuff to look at first, no cost.

Would love any feedback either way. Have a great day!

Best regards,
Ethan

---
c/o IP-Management #8850
Ludwig-Erhard-Straße 18
20459 Hamburg
Deutschland
Don't want to hear from me again? Just reply and let me know."
Re:gn (REGN),info@regn.co.uk,"UK · Leeds, West Yorkshire",Reusable/plastic-free everyday essentials,https://www.regn.co.uk/,@eco.regn,quick idea for Re:gn (REGN),"Hi there,

I came across Re:gn (REGN) and your Reusable/plastic-free everyday essentials really stood out — but I couldn't find a single video on the site or your Instagram.

My name is Ethan and I'm writing with a collaboration idea.

I noticed an opportunity to boost sales through motion design, which has a proven impact on brand perception — 63% of people worldwide say they prefer watching a short video about a product before buying it.

I specialize in turning existing product photos into high-converting 16:9 video ads (no filming needed) and I'd love to create one for Re:gn (REGN).

Here are 3 sample videos so you can see the quality: https://drive.google.com/drive/folders/1QL-_djO9K9sW-ETXCa_t53SuwNP0bOzl?usp=sharing

If you're interested, I'd be happy to discuss details — and if you'd like, tell me how you'd want yours to look and I'll put one together for Re:gn (REGN) to look at first, no cost.

Would love any feedback either way. Have a great day!

Best regards,
Ethan

---
c/o IP-Management #8850
Ludwig-Erhard-Straße 18
20459 Hamburg
Deutschland
Don't want to hear from me again? Just reply and let me know."
KinKind,support@kinkind.co.uk,"UK · Bourne End, Buckinghamshire",Plastic-free shampoo & conditioner bars,https://kinkind.co.uk/,@kinkindplasticfree,quick idea for KinKind,"Hi there,

I came across KinKind and how clean your Plastic-free shampoo & conditioner bars photography looks — really caught my attention.

My name is Ethan and I'm writing with a collaboration idea.

I noticed an opportunity to boost sales through motion design, which has a proven impact on brand perception — 63% of people worldwide say they prefer watching a short video about a product before buying it.

I specialize in turning existing product photos into high-converting 16:9 video ads (no filming needed) and I'd love to create one for KinKind.

Here are 3 sample videos so you can see the quality: https://drive.google.com/drive/folders/1QL-_djO9K9sW-ETXCa_t53SuwNP0bOzl?usp=sharing

If you're interested, I'd be happy to discuss details — and if you'd like, tell me how you'd want yours to look and I'll put one together for KinKind to look at first, no cost.

Would love any feedback either way. Have a great day!

Best regards,
Ethan

---
c/o IP-Management #8850
Ludwig-Erhard-Straße 18
20459 Hamburg
Deutschland
Don't want to hear from me again? Just reply and let me know."
Hairy Jayne,jayne@hairyjaynehandmade.co.uk,UK · Bristol,Handmade zero-waste hair & body care bars,https://hairyjaynehandmade.co.uk/,@hairyjayne,quick idea for Hairy Jayne,"Hi there,

I came across Hairy Jayne — your Handmade zero-waste hair & body care bars lineup looks great, and I noticed there's no video anywhere on your site or ads yet.

My name is Ethan and I'm writing with a collaboration idea.

I noticed an opportunity to boost sales through motion design, which has a proven impact on brand perception — 63% of people worldwide say they prefer watching a short video about a product before buying it.

I specialize in turning existing product photos into high-converting 16:9 video ads (no filming needed) and I'd love to create one for Hairy Jayne.

Here are 3 sample videos so you can see the quality: https://drive.google.com/drive/folders/1QL-_djO9K9sW-ETXCa_t53SuwNP0bOzl?usp=sharing

If you're interested, I'd be happy to discuss details — and if you'd like, tell me how you'd want yours to look and I'll put one together for Hairy Jayne to look at first, no cost.

Would love any feedback either way. Have a great day!

Best regards,
Ethan

---
c/o IP-Management #8850
Ludwig-Erhard-Straße 18
20459 Hamburg
Deutschland
Don't want to hear from me again? Just reply and let me know."
The Solid Bar Company,info@thesolidbarcompany.com,"UK · Faringdon, Oxfordshire","Solid shampoo/soap bars, plastic-free personal care",https://thesolidbarcompany.com/,@thesolidbarcompany,quick idea for The Solid Bar Company,"Hi there,

I was looking at The Solid Bar Company's site and noticed your Solid shampoo/soap bars, plastic-free personal care are shown in photos only — no video anywhere yet.

My name is Ethan and I'm writing with a collaboration idea.

I noticed an opportunity to boost sales through motion design, which has a proven impact on brand perception — 63% of people worldwide say they prefer watching a short video about a product before buying it.

I specialize in turning existing product photos into high-converting 16:9 video ads (no filming needed) and I'd love to create one for The Solid Bar Company.

Here are 3 sample videos so you can see the quality: https://drive.google.com/drive/folders/1QL-_djO9K9sW-ETXCa_t53SuwNP0bOzl?usp=sharing

If you're interested, I'd be happy to discuss details — and if you'd like, tell me how you'd want yours to look and I'll put one together for The Solid Bar Company to look at first, no cost.

Would love any feedback either way. Have a great day!

Best regards,
Ethan

---
c/o IP-Management #8850
Ludwig-Erhard-Straße 18
20459 Hamburg
Deutschland
Don't want to hear from me again? Just reply and let me know."
Wild Sage + Co,julie@wild-sage.co.uk,"UK · Hoarwithy, Herefordshire","Natural soaps, shampoo bars & skincare",https://wild-sage.co.uk/,@wildsageandco,quick idea for Wild Sage + Co,"Hi there,

I came across Wild Sage + Co and your Natural soaps, shampoo bars & skincare really stood out — but I couldn't find a single video on the site or your Instagram.

My name is Ethan and I'm writing with a collaboration idea.

I noticed an opportunity to boost sales through motion design, which has a proven impact on brand perception — 63% of people worldwide say they prefer watching a short video about a product before buying it.

I specialize in turning existing product photos into high-converting 16:9 video ads (no filming needed) and I'd love to create one for Wild Sage + Co.

Here are 3 sample videos so you can see the quality: https://drive.google.com/drive/folders/1QL-_djO9K9sW-ETXCa_t53SuwNP0bOzl?usp=sharing

If you're interested, I'd be happy to discuss details — and if you'd like, tell me how you'd want yours to look and I'll put one together for Wild Sage + Co to look at first, no cost.

Would love any feedback either way. Have a great day!

Best regards,
Ethan

---
c/o IP-Management #8850
Ludwig-Erhard-Straße 18
20459 Hamburg
Deutschland
Don't want to hear from me again? Just reply and let me know."
Friendly Soap,info@friendlysoap.co.uk,"UK · Hebden Bridge, West Yorkshire",Handmade vegan soap & shampoo bars,https://www.friendlysoap.co.uk/,@friendlysoapltd,quick idea for Friendly Soap,"Hi there,

I came across Friendly Soap and how clean your Handmade vegan soap & shampoo bars photography looks — really caught my attention.

My name is Ethan and I'm writing with a collaboration idea.

I noticed an opportunity to boost sales through motion design, which has a proven impact on brand perception — 63% of people worldwide say they prefer watching a short video about a product before buying it.

I specialize in turning existing product photos into high-converting 16:9 video ads (no filming needed) and I'd love to create one for Friendly Soap.

Here are 3 sample videos so you can see the quality: https://drive.google.com/drive/folders/1QL-_djO9K9sW-ETXCa_t53SuwNP0bOzl?usp=sharing

If you're interested, I'd be happy to discuss details — and if you'd like, tell me how you'd want yours to look and I'll put one together for Friendly Soap to look at first, no cost.

Would love any feedback either way. Have a great day!

Best regards,
Ethan

---
c/o IP-Management #8850
Ludwig-Erhard-Straße 18
20459 Hamburg
Deutschland
Don't want to hear from me again? Just reply and let me know."
Funky Soap,anni@funkysoapshop.co.uk,"UK · Hackney, London",Plastic-free soap & haircare bars,https://www.funkysoap.co.uk/,@funkysoap,quick idea for Funky Soap,"Hi there,

I came across Funky Soap — your Plastic-free soap & haircare bars lineup looks great, and I noticed there's no video anywhere on your site or ads yet.

My name is Ethan and I'm writing with a collaboration idea.

I noticed an opportunity to boost sales through motion design, which has a proven impact on brand perception — 63% of people worldwide say they prefer watching a short video about a product before buying it.

I specialize in turning existing product photos into high-converting 16:9 video ads (no filming needed) and I'd love to create one for Funky Soap.

Here are 3 sample videos so you can see the quality: https://drive.google.com/drive/folders/1QL-_djO9K9sW-ETXCa_t53SuwNP0bOzl?usp=sharing

If you're interested, I'd be happy to discuss details — and if you'd like, tell me how you'd want yours to look and I'll put one together for Funky Soap to look at first, no cost.

Would love any feedback either way. Have a great day!

Best regards,
Ethan

---
c/o IP-Management #8850
Ludwig-Erhard-Straße 18
20459 Hamburg
Deutschland
Don't want to hear from me again? Just reply and let me know."
KIND2,hello@kind2.me,UK · London,Solid shampoo & conditioner bars,https://kind2.me/,@wearekind2,quick idea for KIND2,"Hi there,

I was looking at KIND2's site and noticed your Solid shampoo & conditioner bars are shown in photos only — no video anywhere yet.

My name is Ethan and I'm writing with a collaboration idea.

I noticed an opportunity to boost sales through motion design, which has a proven impact on brand perception — 63% of people worldwide say they prefer watching a short video about a product before buying it.

I specialize in turning existing product photos into high-converting 16:9 video ads (no filming needed) and I'd love to create one for KIND2.

Here are 3 sample videos so you can see the quality: https://drive.google.com/drive/folders/1QL-_djO9K9sW-ETXCa_t53SuwNP0bOzl?usp=sharing

If you're interested, I'd be happy to discuss details — and if you'd like, tell me how you'd want yours to look and I'll put one together for KIND2 to look at first, no cost.

Would love any feedback either way. Have a great day!

Best regards,
Ethan

---
c/o IP-Management #8850
Ludwig-Erhard-Straße 18
20459 Hamburg
Deutschland
Don't want to hear from me again? Just reply and let me know."
Queen Bee Wraps,bryden@queenbeewraps.co.uk,"UK · Cockenzie, East Lothian, Scotland",Reusable beeswax food wraps,https://www.queenbeewraps.co.uk/,@queenbee_wraps,quick idea for Queen Bee Wraps,"Hi there,

I came across Queen Bee Wraps and your Reusable beeswax food wraps really stood out — but I couldn't find a single video on the site or your Instagram.

My name is Ethan and I'm writing with a collaboration idea.

I noticed an opportunity to boost sales through motion design, which has a proven impact on brand perception — 63% of people worldwide say they prefer watching a short video about a product before buying it.

I specialize in turning existing product photos into high-converting 16:9 video ads (no filming needed) and I'd love to create one for Queen Bee Wraps.

Here are 3 sample videos so you can see the quality: https://drive.google.com/drive/folders/1QL-_djO9K9sW-ETXCa_t53SuwNP0bOzl?usp=sharing

If you're interested, I'd be happy to discuss details — and if you'd like, tell me how you'd want yours to look and I'll put one together for Queen Bee Wraps to look at first, no cost.

Would love any feedback either way. Have a great day!

Best regards,
Ethan

---
c/o IP-Management #8850
Ludwig-Erhard-Straße 18
20459 Hamburg
Deutschland
Don't want to hear from me again? Just reply and let me know."
Jungle Culture,customercare@jungleculture.eco,"UK · England (Firmensitz, genaue Stadt nicht angegeben)","Plastic-free household & bathroom essentials (razors, bamboo cutlery, coconut bowls)",https://jungleculture.eco/,@jungleculture.eco,quick idea for Jungle Culture,"Hi there,

I came across Jungle Culture and how clean your Plastic-free household & bathroom essentials photography looks — really caught my attention.

My name is Ethan and I'm writing with a collaboration idea.

I noticed an opportunity to boost sales through motion design, which has a proven impact on brand perception — 63% of people worldwide say they prefer watching a short video about a product before buying it.

I specialize in turning existing product photos into high-converting 16:9 video ads (no filming needed) and I'd love to create one for Jungle Culture.

Here are 3 sample videos so you can see the quality: https://drive.google.com/drive/folders/1QL-_djO9K9sW-ETXCa_t53SuwNP0bOzl?usp=sharing

If you're interested, I'd be happy to discuss details — and if you'd like, tell me how you'd want yours to look and I'll put one together for Jungle Culture to look at first, no cost.

Would love any feedback either way. Have a great day!

Best regards,
Ethan

---
c/o IP-Management #8850
Ludwig-Erhard-Straße 18
20459 Hamburg
Deutschland
Don't want to hear from me again? Just reply and let me know."
The Friendly Turtle,hello@friendlyturtle.com,"UK · Romford, Greater London",Zero-waste household & bathroom essentials (multi-brand D2C shop),https://friendlyturtle.com/,@friendlyturtlecompany,quick idea for The Friendly Turtle,"Hi there,

I came across The Friendly Turtle — your Zero-waste household & bathroom essentials lineup looks great, and I noticed there's no video anywhere on your site or ads yet.

My name is Ethan and I'm writing with a collaboration idea.

I noticed an opportunity to boost sales through motion design, which has a proven impact on brand perception — 63% of people worldwide say they prefer watching a short video about a product before buying it.

I specialize in turning existing product photos into high-converting 16:9 video ads (no filming needed) and I'd love to create one for The Friendly Turtle.

Here are 3 sample videos so you can see the quality: https://drive.google.com/drive/folders/1QL-_djO9K9sW-ETXCa_t53SuwNP0bOzl?usp=sharing

If you're interested, I'd be happy to discuss details — and if you'd like, tell me how you'd want yours to look and I'll put one together for The Friendly Turtle to look at first, no cost.

Would love any feedback either way. Have a great day!

Best regards,
Ethan

---
c/o IP-Management #8850
Ludwig-Erhard-Straße 18
20459 Hamburg
Deutschland
Don't want to hear from me again? Just reply and let me know."
Georganics,support@georganics.com,UK · West Sussex,"Plastic-free natural oral care (toothpaste, mouthwash tablets)",https://georganics.com/,@georganics,quick idea for Georganics,"Hi there,

I was looking at Georganics's site and noticed your Plastic-free natural oral care are shown in photos only — no video anywhere yet.

My name is Ethan and I'm writing with a collaboration idea.

I noticed an opportunity to boost sales through motion design, which has a proven impact on brand perception — 63% of people worldwide say they prefer watching a short video about a product before buying it.

I specialize in turning existing product photos into high-converting 16:9 video ads (no filming needed) and I'd love to create one for Georganics.

Here are 3 sample videos so you can see the quality: https://drive.google.com/drive/folders/1QL-_djO9K9sW-ETXCa_t53SuwNP0bOzl?usp=sharing

If you're interested, I'd be happy to discuss details — and if you'd like, tell me how you'd want yours to look and I'll put one together for Georganics to look at first, no cost.

Would love any feedback either way. Have a great day!

Best regards,
Ethan

---
c/o IP-Management #8850
Ludwig-Erhard-Straße 18
20459 Hamburg
Deutschland
Don't want to hear from me again? Just reply and let me know."
House Plant Shop,info@houseplantshop.com,USA · California,Indoor houseplants online shop,https://houseplantshop.com/,@houseplantshop,quick idea for House Plant Shop,"Hi there,

I came across House Plant Shop and your Indoor houseplants online shop really stood out — but I couldn't find a single video on the site or your Instagram.

My name is Ethan and I'm writing with a collaboration idea.

I noticed an opportunity to boost sales through motion design, which has a proven impact on brand perception — 63% of people worldwide say they prefer watching a short video about a product before buying it.

I specialize in turning existing product photos into high-converting 16:9 video ads (no filming needed) and I'd love to create one for House Plant Shop.

Here are 3 sample videos so you can see the quality: https://drive.google.com/drive/folders/1QL-_djO9K9sW-ETXCa_t53SuwNP0bOzl?usp=sharing

If you're interested, I'd be happy to discuss details — and if you'd like, tell me how you'd want yours to look and I'll put one together for House Plant Shop to look at first, no cost.

Would love any feedback either way. Have a great day!

Best regards,
Ethan

---
c/o IP-Management #8850
Ludwig-Erhard-Straße 18
20459 Hamburg
Deutschland
Don't want to hear from me again? Just reply and let me know."
Annie's Heirloom Seeds,cs@anniesheirloomseeds.com,USA · Wisconsin,"Heirloom, organic & non-GMO vegetable seeds",https://anniesheirloomseeds.com/,@anniesheirloomseeds,quick idea for Annie's Heirloom Seeds,"Hi there,

I came across Annie's Heirloom Seeds and how clean your Heirloom, organic & non-GMO vegetable seeds photography looks — really caught my attention.

My name is Ethan and I'm writing with a collaboration idea.

I noticed an opportunity to boost sales through motion design, which has a proven impact on brand perception — 63% of people worldwide say they prefer watching a short video about a product before buying it.

I specialize in turning existing product photos into high-converting 16:9 video ads (no filming needed) and I'd love to create one for Annie's Heirloom Seeds.

Here are 3 sample videos so you can see the quality: https://drive.google.com/drive/folders/1QL-_djO9K9sW-ETXCa_t53SuwNP0bOzl?usp=sharing

If you're interested, I'd be happy to discuss details — and if you'd like, tell me how you'd want yours to look and I'll put one together for Annie's Heirloom Seeds to look at first, no cost.

Would love any feedback either way. Have a great day!

Best regards,
Ethan

---
c/o IP-Management #8850
Ludwig-Erhard-Straße 18
20459 Hamburg
Deutschland
Don't want to hear from me again? Just reply and let me know."
Franca NYC,info@francanyc.com,USA · New York,Handmade ceramic plant pots/planters,https://www.francanyc.com/,@franca_nyc,quick idea for Franca NYC,"Hi there,

I came across Franca NYC — your Handmade ceramic plant pots/planters lineup looks great, and I noticed there's no video anywhere on your site or ads yet.

My name is Ethan and I'm writing with a collaboration idea.

I noticed an opportunity to boost sales through motion design, which has a proven impact on brand perception — 63% of people worldwide say they prefer watching a short video about a product before buying it.

I specialize in turning existing product photos into high-converting 16:9 video ads (no filming needed) and I'd love to create one for Franca NYC.

Here are 3 sample videos so you can see the quality: https://drive.google.com/drive/folders/1QL-_djO9K9sW-ETXCa_t53SuwNP0bOzl?usp=sharing

If you're interested, I'd be happy to discuss details — and if you'd like, tell me how you'd want yours to look and I'll put one together for Franca NYC to look at first, no cost.

Would love any feedback either way. Have a great day!

Best regards,
Ethan

---
c/o IP-Management #8850
Ludwig-Erhard-Straße 18
20459 Hamburg
Deutschland
Don't want to hear from me again? Just reply and let me know."
Potted,info@pottedstore.com,USA · California,Designer/handmade garden planters & décor,https://pottedstore.com/,@pottedstore,quick idea for Potted,"Hi there,

I was looking at Potted's site and noticed your Designer/handmade garden planters & décor are shown in photos only — no video anywhere yet.

My name is Ethan and I'm writing with a collaboration idea.

I noticed an opportunity to boost sales through motion design, which has a proven impact on brand perception — 63% of people worldwide say they prefer watching a short video about a product before buying it.

I specialize in turning existing product photos into high-converting 16:9 video ads (no filming needed) and I'd love to create one for Potted.

Here are 3 sample videos so you can see the quality: https://drive.google.com/drive/folders/1QL-_djO9K9sW-ETXCa_t53SuwNP0bOzl?usp=sharing

If you're interested, I'd be happy to discuss details — and if you'd like, tell me how you'd want yours to look and I'll put one together for Potted to look at first, no cost.

Would love any feedback either way. Have a great day!

Best regards,
Ethan

---
c/o IP-Management #8850
Ludwig-Erhard-Straße 18
20459 Hamburg
Deutschland
Don't want to hear from me again? Just reply and let me know."
Happy Houseplants,support@happyhouseplants.co.uk,UK · Essex,Houseplant delivery,https://www.happyhouseplants.co.uk/,@happy_houseplants,quick idea for Happy Houseplants,"Hi there,

I came across Happy Houseplants and your Houseplant delivery really stood out — but I couldn't find a single video on the site or your Instagram.

My name is Ethan and I'm writing with a collaboration idea.

I noticed an opportunity to boost sales through motion design, which has a proven impact on brand perception — 63% of people worldwide say they prefer watching a short video about a product before buying it.

I specialize in turning existing product photos into high-converting 16:9 video ads (no filming needed) and I'd love to create one for Happy Houseplants.

Here are 3 sample videos so you can see the quality: https://drive.google.com/drive/folders/1QL-_djO9K9sW-ETXCa_t53SuwNP0bOzl?usp=sharing

If you're interested, I'd be happy to discuss details — and if you'd like, tell me how you'd want yours to look and I'll put one together for Happy Houseplants to look at first, no cost.

Would love any feedback either way. Have a great day!

Best regards,
Ethan

---
c/o IP-Management #8850
Ludwig-Erhard-Straße 18
20459 Hamburg
Deutschland
Don't want to hear from me again? Just reply and let me know."
Pilea Plant Shop,hello@pileaplantshop.com,UK · Somerset (Frome),"Houseplants, pots & accessories",https://www.pileaplantshop.com/,@pileaplantshop,quick idea for Pilea Plant Shop,"Hi there,

I came across Pilea Plant Shop and how clean your Houseplants, pots & accessories photography looks — really caught my attention.

My name is Ethan and I'm writing with a collaboration idea.

I noticed an opportunity to boost sales through motion design, which has a proven impact on brand perception — 63% of people worldwide say they prefer watching a short video about a product before buying it.

I specialize in turning existing product photos into high-converting 16:9 video ads (no filming needed) and I'd love to create one for Pilea Plant Shop.

Here are 3 sample videos so you can see the quality: https://drive.google.com/drive/folders/1QL-_djO9K9sW-ETXCa_t53SuwNP0bOzl?usp=sharing

If you're interested, I'd be happy to discuss details — and if you'd like, tell me how you'd want yours to look and I'll put one together for Pilea Plant Shop to look at first, no cost.

Would love any feedback either way. Have a great day!

Best regards,
Ethan

---
c/o IP-Management #8850
Ludwig-Erhard-Straße 18
20459 Hamburg
Deutschland
Don't want to hear from me again? Just reply and let me know."
Hutch Houseplants,hello@hutchhouseplants.co.uk,UK · Devon (Exeter),Rare/exotic houseplants & accessories,https://hutchhouseplants.co.uk/,@hutchhouseplants,quick idea for Hutch Houseplants,"Hi there,

I came across Hutch Houseplants — your Rare/exotic houseplants & accessories lineup looks great, and I noticed there's no video anywhere on your site or ads yet.

My name is Ethan and I'm writing with a collaboration idea.

I noticed an opportunity to boost sales through motion design, which has a proven impact on brand perception — 63% of people worldwide say they prefer watching a short video about a product before buying it.

I specialize in turning existing product photos into high-converting 16:9 video ads (no filming needed) and I'd love to create one for Hutch Houseplants.

Here are 3 sample videos so you can see the quality: https://drive.google.com/drive/folders/1QL-_djO9K9sW-ETXCa_t53SuwNP0bOzl?usp=sharing

If you're interested, I'd be happy to discuss details — and if you'd like, tell me how you'd want yours to look and I'll put one together for Hutch Houseplants to look at first, no cost.

Would love any feedback either way. Have a great day!

Best regards,
Ethan

---
c/o IP-Management #8850
Ludwig-Erhard-Straße 18
20459 Hamburg
Deutschland
Don't want to hear from me again? Just reply and let me know."
Vital Seeds,info@vitalseeds.co.uk,UK · Devon,Organic vegetable/herb/flower seeds,https://vitalseeds.co.uk/,@vital.seeds,quick idea for Vital Seeds,"Hi there,

I was looking at Vital Seeds's site and noticed your Organic vegetable/herb/flower seeds are shown in photos only — no video anywhere yet.

My name is Ethan and I'm writing with a collaboration idea.

I noticed an opportunity to boost sales through motion design, which has a proven impact on brand perception — 63% of people worldwide say they prefer watching a short video about a product before buying it.

I specialize in turning existing product photos into high-converting 16:9 video ads (no filming needed) and I'd love to create one for Vital Seeds.

Here are 3 sample videos so you can see the quality: https://drive.google.com/drive/folders/1QL-_djO9K9sW-ETXCa_t53SuwNP0bOzl?usp=sharing

If you're interested, I'd be happy to discuss details — and if you'd like, tell me how you'd want yours to look and I'll put one together for Vital Seeds to look at first, no cost.

Would love any feedback either way. Have a great day!

Best regards,
Ethan

---
c/o IP-Management #8850
Ludwig-Erhard-Straße 18
20459 Hamburg
Deutschland
Don't want to hear from me again? Just reply and let me know."
Sir Gordon Bennett,support@sirgordonbennett.com,UK · Worcestershire (Evesham),British-made garden accessories & homeware,https://www.sirgordonbennett.com/,@sirgordonbennett,quick idea for Sir Gordon Bennett,"Hi there,

I came across Sir Gordon Bennett and your British-made garden accessories & homeware really stood out — but I couldn't find a single video on the site or your Instagram.

My name is Ethan and I'm writing with a collaboration idea.

I noticed an opportunity to boost sales through motion design, which has a proven impact on brand perception — 63% of people worldwide say they prefer watching a short video about a product before buying it.

I specialize in turning existing product photos into high-converting 16:9 video ads (no filming needed) and I'd love to create one for Sir Gordon Bennett.

Here are 3 sample videos so you can see the quality: https://drive.google.com/drive/folders/1QL-_djO9K9sW-ETXCa_t53SuwNP0bOzl?usp=sharing

If you're interested, I'd be happy to discuss details — and if you'd like, tell me how you'd want yours to look and I'll put one together for Sir Gordon Bennett to look at first, no cost.

Would love any feedback either way. Have a great day!

Best regards,
Ethan

---
c/o IP-Management #8850
Ludwig-Erhard-Straße 18
20459 Hamburg
Deutschland
Don't want to hear from me again? Just reply and let me know."
Plants of Distinction,info@plantsofdistinction.co.uk,UK · Suffolk,Rare & heirloom flower/vegetable seeds,https://www.plantsofdistinction.co.uk/,@plantsofdistinctionseeds,quick idea for Plants of Distinction,"Hi there,

I came across Plants of Distinction and how clean your Rare & heirloom flower/vegetable seeds photography looks — really caught my attention.

My name is Ethan and I'm writing with a collaboration idea.

I noticed an opportunity to boost sales through motion design, which has a proven impact on brand perception — 63% of people worldwide say they prefer watching a short video about a product before buying it.

I specialize in turning existing product photos into high-converting 16:9 video ads (no filming needed) and I'd love to create one for Plants of Distinction.

Here are 3 sample videos so you can see the quality: https://drive.google.com/drive/folders/1QL-_djO9K9sW-ETXCa_t53SuwNP0bOzl?usp=sharing

If you're interested, I'd be happy to discuss details — and if you'd like, tell me how you'd want yours to look and I'll put one together for Plants of Distinction to look at first, no cost.

Would love any feedback either way. Have a great day!

Best regards,
Ethan

---
c/o IP-Management #8850
Ludwig-Erhard-Straße 18
20459 Hamburg
Deutschland
Don't want to hear from me again? Just reply and let me know."
A J Ludlow Professional Watercolour Paints,admin@ajludlow.co.uk,"UK · Pembroke Dock, Wales",Professional handmade watercolour paints,https://www.ajludlow.co.uk/,@ludlowcolours,quick idea for A J Ludlow Professional Watercolour Paints,"Hi there,

I came across A J Ludlow Professional Watercolour Paints — your Professional handmade watercolour paints lineup looks great, and I noticed there's no video anywhere on your site or ads yet.

My name is Ethan and I'm writing with a collaboration idea.

I noticed an opportunity to boost sales through motion design, which has a proven impact on brand perception — 63% of people worldwide say they prefer watching a short video about a product before buying it.

I specialize in turning existing product photos into high-converting 16:9 video ads (no filming needed) and I'd love to create one for A J Ludlow Professional Watercolour Paints.

Here are 3 sample videos so you can see the quality: https://drive.google.com/drive/folders/1QL-_djO9K9sW-ETXCa_t53SuwNP0bOzl?usp=sharing

If you're interested, I'd be happy to discuss details — and if you'd like, tell me how you'd want yours to look and I'll put one together for A J Ludlow Professional Watercolour Paints to look at first, no cost.

Would love any feedback either way. Have a great day!

Best regards,
Ethan

---
c/o IP-Management #8850
Ludwig-Erhard-Straße 18
20459 Hamburg
Deutschland
Don't want to hear from me again? Just reply and let me know."
Under the Rowan Trees,danielle@undertherowantrees.co.uk,UK · Northumberland (Heddon-on-the-Wall),"Washi tape, journaling & stationery subscription boxes",https://undertherowantrees.co.uk/,@undertherowantrees,quick idea for Under the Rowan Trees,"Hi there,

I was looking at Under the Rowan Trees's site and noticed your Washi tape, journaling & stationery subscription boxes are shown in photos only — no video anywhere yet.

My name is Ethan and I'm writing with a collaboration idea.

I noticed an opportunity to boost sales through motion design, which has a proven impact on brand perception — 63% of people worldwide say they prefer watching a short video about a product before buying it.

I specialize in turning existing product photos into high-converting 16:9 video ads (no filming needed) and I'd love to create one for Under the Rowan Trees.

Here are 3 sample videos so you can see the quality: https://drive.google.com/drive/folders/1QL-_djO9K9sW-ETXCa_t53SuwNP0bOzl?usp=sharing

If you're interested, I'd be happy to discuss details — and if you'd like, tell me how you'd want yours to look and I'll put one together for Under the Rowan Trees to look at first, no cost.

Would love any feedback either way. Have a great day!

Best regards,
Ethan

---
c/o IP-Management #8850
Ludwig-Erhard-Straße 18
20459 Hamburg
Deutschland
Don't want to hear from me again? Just reply and let me know."
Bluebell Hill Crafts,info@bluebellhillcrafts.co.uk,"UK · Canterbury, Kent",Washi tape & journaling/scrapbooking supplies,https://bluebellhillcrafts.co.uk/,@bluebellhillcrafts,quick idea for Bluebell Hill Crafts,"Hi there,

I came across Bluebell Hill Crafts and your Washi tape & journaling/scrapbooking supplies really stood out — but I couldn't find a single video on the site or your Instagram.

My name is Ethan and I'm writing with a collaboration idea.

I noticed an opportunity to boost sales through motion design, which has a proven impact on brand perception — 63% of people worldwide say they prefer watching a short video about a product before buying it.

I specialize in turning existing product photos into high-converting 16:9 video ads (no filming needed) and I'd love to create one for Bluebell Hill Crafts.

Here are 3 sample videos so you can see the quality: https://drive.google.com/drive/folders/1QL-_djO9K9sW-ETXCa_t53SuwNP0bOzl?usp=sharing

If you're interested, I'd be happy to discuss details — and if you'd like, tell me how you'd want yours to look and I'll put one together for Bluebell Hill Crafts to look at first, no cost.

Would love any feedback either way. Have a great day!

Best regards,
Ethan

---
c/o IP-Management #8850
Ludwig-Erhard-Straße 18
20459 Hamburg
Deutschland
Don't want to hear from me again? Just reply and let me know."
The Orry Mill,info@theorrymill.co.uk,"UK · Eaglesham, Glasgow (Scotland)","Natural fibre yarn, knitting & crochet supplies",https://theorrymill.com/,@the.orry.mill,quick idea for The Orry Mill,"Hi there,

I came across The Orry Mill and how clean your Natural fibre yarn, knitting & crochet supplies photography looks — really caught my attention.

My name is Ethan and I'm writing with a collaboration idea.

I noticed an opportunity to boost sales through motion design, which has a proven impact on brand perception — 63% of people worldwide say they prefer watching a short video about a product before buying it.

I specialize in turning existing product photos into high-converting 16:9 video ads (no filming needed) and I'd love to create one for The Orry Mill.

Here are 3 sample videos so you can see the quality: https://drive.google.com/drive/folders/1QL-_djO9K9sW-ETXCa_t53SuwNP0bOzl?usp=sharing

If you're interested, I'd be happy to discuss details — and if you'd like, tell me how you'd want yours to look and I'll put one together for The Orry Mill to look at first, no cost.

Would love any feedback either way. Have a great day!

Best regards,
Ethan

---
c/o IP-Management #8850
Ludwig-Erhard-Straße 18
20459 Hamburg
Deutschland
Don't want to hear from me again? Just reply and let me know."
Cosy Craft Club,hello@cosycraft.club,UK · Bath,Craft kit subscription boxes,https://www.cosycraft.club/,@cosycraftclub,quick idea for Cosy Craft Club,"Hi there,

I came across Cosy Craft Club — your Craft kit subscription boxes lineup looks great, and I noticed there's no video anywhere on your site or ads yet.

My name is Ethan and I'm writing with a collaboration idea.

I noticed an opportunity to boost sales through motion design, which has a proven impact on brand perception — 63% of people worldwide say they prefer watching a short video about a product before buying it.

I specialize in turning existing product photos into high-converting 16:9 video ads (no filming needed) and I'd love to create one for Cosy Craft Club.

Here are 3 sample videos so you can see the quality: https://drive.google.com/drive/folders/1QL-_djO9K9sW-ETXCa_t53SuwNP0bOzl?usp=sharing

If you're interested, I'd be happy to discuss details — and if you'd like, tell me how you'd want yours to look and I'll put one together for Cosy Craft Club to look at first, no cost.

Would love any feedback either way. Have a great day!

Best regards,
Ethan

---
c/o IP-Management #8850
Ludwig-Erhard-Straße 18
20459 Hamburg
Deutschland
Don't want to hear from me again? Just reply and let me know."
Craft Box Club,adam@craftboxclub.co.uk,"UK · Fleet, Hampshire",Eco-friendly craft kit subscription,https://craftboxclub.co.uk/,@craftboxclubuk,quick idea for Craft Box Club,"Hi there,

I was looking at Craft Box Club's site and noticed your Eco-friendly craft kit subscription are shown in photos only — no video anywhere yet.

My name is Ethan and I'm writing with a collaboration idea.

I noticed an opportunity to boost sales through motion design, which has a proven impact on brand perception — 63% of people worldwide say they prefer watching a short video about a product before buying it.

I specialize in turning existing product photos into high-converting 16:9 video ads (no filming needed) and I'd love to create one for Craft Box Club.

Here are 3 sample videos so you can see the quality: https://drive.google.com/drive/folders/1QL-_djO9K9sW-ETXCa_t53SuwNP0bOzl?usp=sharing

If you're interested, I'd be happy to discuss details — and if you'd like, tell me how you'd want yours to look and I'll put one together for Craft Box Club to look at first, no cost.

Would love any feedback either way. Have a great day!

Best regards,
Ethan

---
c/o IP-Management #8850
Ludwig-Erhard-Straße 18
20459 Hamburg
Deutschland
Don't want to hear from me again? Just reply and let me know."
Sew Inspiring UK,info@sewinspiringUK.co.uk,UK · Brighton/Hove area (01273 code),"Sewing & haberdashery supplies, modern cross stitch kits",https://sewinspiringuk.co.uk/,nicht ermittelt,quick idea for Sew Inspiring UK,"Hi there,

I came across Sew Inspiring UK and your Sewing & haberdashery supplies, modern cross stitch kits really stood out — but I couldn't find a single video on the site or your Instagram.

My name is Ethan and I'm writing with a collaboration idea.

I noticed an opportunity to boost sales through motion design, which has a proven impact on brand perception — 63% of people worldwide say they prefer watching a short video about a product before buying it.

I specialize in turning existing product photos into high-converting 16:9 video ads (no filming needed) and I'd love to create one for Sew Inspiring UK.

Here are 3 sample videos so you can see the quality: https://drive.google.com/drive/folders/1QL-_djO9K9sW-ETXCa_t53SuwNP0bOzl?usp=sharing

If you're interested, I'd be happy to discuss details — and if you'd like, tell me how you'd want yours to look and I'll put one together for Sew Inspiring UK to look at first, no cost.

Would love any feedback either way. Have a great day!

Best regards,
Ethan

---
c/o IP-Management #8850
Ludwig-Erhard-Straße 18
20459 Hamburg
Deutschland
Don't want to hear from me again? Just reply and let me know."
True South Puzzle Co.,info@truesouthpuzzlecompany.com,"USA · Nashville, TN",Jigsaw puzzles (indie artist collaborations),https://truesouthpuzzlecompany.com/,@truesouthpuzzle,quick idea for True South Puzzle Co.,"Hi there,

I came across True South Puzzle Co. and how clean your Jigsaw puzzles photography looks — really caught my attention.

My name is Ethan and I'm writing with a collaboration idea.

I noticed an opportunity to boost sales through motion design, which has a proven impact on brand perception — 63% of people worldwide say they prefer watching a short video about a product before buying it.

I specialize in turning existing product photos into high-converting 16:9 video ads (no filming needed) and I'd love to create one for True South Puzzle Co..

Here are 3 sample videos so you can see the quality: https://drive.google.com/drive/folders/1QL-_djO9K9sW-ETXCa_t53SuwNP0bOzl?usp=sharing

If you're interested, I'd be happy to discuss details — and if you'd like, tell me how you'd want yours to look and I'll put one together for True South Puzzle Co. to look at first, no cost.

Would love any feedback either way. Have a great day!

Best regards,
Ethan

---
c/o IP-Management #8850
Ludwig-Erhard-Straße 18
20459 Hamburg
Deutschland
Don't want to hear from me again? Just reply and let me know."
Apostrophe Puzzles,support@apostrophepuzzles.com,"USA · Brooklyn, NY",Jigsaw puzzles featuring contemporary artists of color,https://www.apostrophepuzzles.com/,@apostrophepuzzles,quick idea for Apostrophe Puzzles,"Hi there,

I came across Apostrophe Puzzles — your Jigsaw puzzles featuring contemporary artists of color lineup looks great, and I noticed there's no video anywhere on your site or ads yet.

My name is Ethan and I'm writing with a collaboration idea.

I noticed an opportunity to boost sales through motion design, which has a proven impact on brand perception — 63% of people worldwide say they prefer watching a short video about a product before buying it.

I specialize in turning existing product photos into high-converting 16:9 video ads (no filming needed) and I'd love to create one for Apostrophe Puzzles.

Here are 3 sample videos so you can see the quality: https://drive.google.com/drive/folders/1QL-_djO9K9sW-ETXCa_t53SuwNP0bOzl?usp=sharing

If you're interested, I'd be happy to discuss details — and if you'd like, tell me how you'd want yours to look and I'll put one together for Apostrophe Puzzles to look at first, no cost.

Would love any feedback either way. Have a great day!

Best regards,
Ethan

---
c/o IP-Management #8850
Ludwig-Erhard-Straße 18
20459 Hamburg
Deutschland
Don't want to hear from me again? Just reply and let me know."
Whiled,help@whiled.co,"USA · distributed team (No Plans, Inc.)",Artful jigsaw puzzles,https://whiled.co/,@whiled.co,quick idea for Whiled,"Hi there,

I was looking at Whiled's site and noticed your Artful jigsaw puzzles are shown in photos only — no video anywhere yet.

My name is Ethan and I'm writing with a collaboration idea.

I noticed an opportunity to boost sales through motion design, which has a proven impact on brand perception — 63% of people worldwide say they prefer watching a short video about a product before buying it.

I specialize in turning existing product photos into high-converting 16:9 video ads (no filming needed) and I'd love to create one for Whiled.

Here are 3 sample videos so you can see the quality: https://drive.google.com/drive/folders/1QL-_djO9K9sW-ETXCa_t53SuwNP0bOzl?usp=sharing

If you're interested, I'd be happy to discuss details — and if you'd like, tell me how you'd want yours to look and I'll put one together for Whiled to look at first, no cost.

Would love any feedback either way. Have a great day!

Best regards,
Ethan

---
c/o IP-Management #8850
Ludwig-Erhard-Straße 18
20459 Hamburg
Deutschland
Don't want to hear from me again? Just reply and let me know."
Viridian Dice,castmessage@viridiandice.com,"USA · Syracuse, NY",TTRPG / D&D dice sets and gaming accessories,https://viridiandice.com/,nicht ermittelt,quick idea for Viridian Dice,"Hi there,

I came across Viridian Dice and your TTRPG / D&D dice sets and gaming accessories really stood out — but I couldn't find a single video on the site or your Instagram.

My name is Ethan and I'm writing with a collaboration idea.

I noticed an opportunity to boost sales through motion design, which has a proven impact on brand perception — 63% of people worldwide say they prefer watching a short video about a product before buying it.

I specialize in turning existing product photos into high-converting 16:9 video ads (no filming needed) and I'd love to create one for Viridian Dice.

Here are 3 sample videos so you can see the quality: https://drive.google.com/drive/folders/1QL-_djO9K9sW-ETXCa_t53SuwNP0bOzl?usp=sharing

If you're interested, I'd be happy to discuss details — and if you'd like, tell me how you'd want yours to look and I'll put one together for Viridian Dice to look at first, no cost.

Would love any feedback either way. Have a great day!

Best regards,
Ethan

---
c/o IP-Management #8850
Ludwig-Erhard-Straße 18
20459 Hamburg
Deutschland
Don't want to hear from me again? Just reply and let me know."
Kraken Dice,Support@KrakenDice.com,"USA · Chula Vista, CA",Resin/metal dice sets and tabletop accessories,https://krakendice.com/,@krakendice,quick idea for Kraken Dice,"Hi there,

I came across Kraken Dice and how clean your Resin/metal dice sets and tabletop accessories photography looks — really caught my attention.

My name is Ethan and I'm writing with a collaboration idea.

I noticed an opportunity to boost sales through motion design, which has a proven impact on brand perception — 63% of people worldwide say they prefer watching a short video about a product before buying it.

I specialize in turning existing product photos into high-converting 16:9 video ads (no filming needed) and I'd love to create one for Kraken Dice.

Here are 3 sample videos so you can see the quality: https://drive.google.com/drive/folders/1QL-_djO9K9sW-ETXCa_t53SuwNP0bOzl?usp=sharing

If you're interested, I'd be happy to discuss details — and if you'd like, tell me how you'd want yours to look and I'll put one together for Kraken Dice to look at first, no cost.

Would love any feedback either way. Have a great day!

Best regards,
Ethan

---
c/o IP-Management #8850
Ludwig-Erhard-Straße 18
20459 Hamburg
Deutschland
Don't want to hear from me again? Just reply and let me know."
Artisan Dice,contact@artisandice.com,"USA · Mesquite, TX",Handcrafted wooden dice,https://www.artisandice.com/,@artisandice,quick idea for Artisan Dice,"Hi there,

I came across Artisan Dice — your Handcrafted wooden dice lineup looks great, and I noticed there's no video anywhere on your site or ads yet.

My name is Ethan and I'm writing with a collaboration idea.

I noticed an opportunity to boost sales through motion design, which has a proven impact on brand perception — 63% of people worldwide say they prefer watching a short video about a product before buying it.

I specialize in turning existing product photos into high-converting 16:9 video ads (no filming needed) and I'd love to create one for Artisan Dice.

Here are 3 sample videos so you can see the quality: https://drive.google.com/drive/folders/1QL-_djO9K9sW-ETXCa_t53SuwNP0bOzl?usp=sharing

If you're interested, I'd be happy to discuss details — and if you'd like, tell me how you'd want yours to look and I'll put one together for Artisan Dice to look at first, no cost.

Would love any feedback either way. Have a great day!

Best regards,
Ethan

---
c/o IP-Management #8850
Ludwig-Erhard-Straße 18
20459 Hamburg
Deutschland
Don't want to hear from me again? Just reply and let me know."
Die Hard Dice,service@dieharddice.com,USA,TTRPG dice sets and gaming accessories,https://www.dieharddice.com/,@dieharddice,quick idea for Die Hard Dice,"Hi there,

I was looking at Die Hard Dice's site and noticed your TTRPG dice sets and gaming accessories are shown in photos only — no video anywhere yet.

My name is Ethan and I'm writing with a collaboration idea.

I noticed an opportunity to boost sales through motion design, which has a proven impact on brand perception — 63% of people worldwide say they prefer watching a short video about a product before buying it.

I specialize in turning existing product photos into high-converting 16:9 video ads (no filming needed) and I'd love to create one for Die Hard Dice.

Here are 3 sample videos so you can see the quality: https://drive.google.com/drive/folders/1QL-_djO9K9sW-ETXCa_t53SuwNP0bOzl?usp=sharing

If you're interested, I'd be happy to discuss details — and if you'd like, tell me how you'd want yours to look and I'll put one together for Die Hard Dice to look at first, no cost.

Would love any feedback either way. Have a great day!

Best regards,
Ethan

---
c/o IP-Management #8850
Ludwig-Erhard-Straße 18
20459 Hamburg
Deutschland
Don't want to hear from me again? Just reply and let me know."
Piecework Puzzles,hello@pieceworkpuzzles.com,USA,Jigsaw puzzles (food/lifestyle themed),https://pieceworkpuzzles.com/,@pieceworkpuzzles,quick idea for Piecework Puzzles,"Hi there,

I came across Piecework Puzzles and your Jigsaw puzzles really stood out — but I couldn't find a single video on the site or your Instagram.

My name is Ethan and I'm writing with a collaboration idea.

I noticed an opportunity to boost sales through motion design, which has a proven impact on brand perception — 63% of people worldwide say they prefer watching a short video about a product before buying it.

I specialize in turning existing product photos into high-converting 16:9 video ads (no filming needed) and I'd love to create one for Piecework Puzzles.

Here are 3 sample videos so you can see the quality: https://drive.google.com/drive/folders/1QL-_djO9K9sW-ETXCa_t53SuwNP0bOzl?usp=sharing

If you're interested, I'd be happy to discuss details — and if you'd like, tell me how you'd want yours to look and I'll put one together for Piecework Puzzles to look at first, no cost.

Would love any feedback either way. Have a great day!

Best regards,
Ethan

---
c/o IP-Management #8850
Ludwig-Erhard-Straße 18
20459 Hamburg
Deutschland
Don't want to hear from me again? Just reply and let me know."
Puzzle Huddle,contact@puzzlehuddle.com,"USA · Takoma Park, MD",Puzzles and children's products (Black-owned),https://puzzlehuddle.com/,@puzzlehuddle,quick idea for Puzzle Huddle,"Hi there,

I came across Puzzle Huddle and how clean your Puzzles and children's products photography looks — really caught my attention.

My name is Ethan and I'm writing with a collaboration idea.

I noticed an opportunity to boost sales through motion design, which has a proven impact on brand perception — 63% of people worldwide say they prefer watching a short video about a product before buying it.

I specialize in turning existing product photos into high-converting 16:9 video ads (no filming needed) and I'd love to create one for Puzzle Huddle.

Here are 3 sample videos so you can see the quality: https://drive.google.com/drive/folders/1QL-_djO9K9sW-ETXCa_t53SuwNP0bOzl?usp=sharing

If you're interested, I'd be happy to discuss details — and if you'd like, tell me how you'd want yours to look and I'll put one together for Puzzle Huddle to look at first, no cost.

Would love any feedback either way. Have a great day!

Best regards,
Ethan

---
c/o IP-Management #8850
Ludwig-Erhard-Straße 18
20459 Hamburg
Deutschland
Don't want to hear from me again? Just reply and let me know."
BetterCo.,hi@betterco.com,USA,Modern art jigsaw puzzles,https://betterco.com/,@betterco,quick idea for BetterCo.,"Hi there,

I came across BetterCo. — your Modern art jigsaw puzzles lineup looks great, and I noticed there's no video anywhere on your site or ads yet.

My name is Ethan and I'm writing with a collaboration idea.

I noticed an opportunity to boost sales through motion design, which has a proven impact on brand perception — 63% of people worldwide say they prefer watching a short video about a product before buying it.

I specialize in turning existing product photos into high-converting 16:9 video ads (no filming needed) and I'd love to create one for BetterCo..

Here are 3 sample videos so you can see the quality: https://drive.google.com/drive/folders/1QL-_djO9K9sW-ETXCa_t53SuwNP0bOzl?usp=sharing

If you're interested, I'd be happy to discuss details — and if you'd like, tell me how you'd want yours to look and I'll put one together for BetterCo. to look at first, no cost.

Would love any feedback either way. Have a great day!

Best regards,
Ethan

---
c/o IP-Management #8850
Ludwig-Erhard-Straße 18
20459 Hamburg
Deutschland
Don't want to hear from me again? Just reply and let me know."
Brainstorm Puzzle Co.,hello@wearebrainstorm.com,"USA · Dover, NH",Jigsaw puzzles,https://wearebrainstorm.com/,@wearebrainstorm,quick idea for Brainstorm Puzzle Co.,"Hi there,

I was looking at Brainstorm Puzzle Co.'s site and noticed your Jigsaw puzzles are shown in photos only — no video anywhere yet.

My name is Ethan and I'm writing with a collaboration idea.

I noticed an opportunity to boost sales through motion design, which has a proven impact on brand perception — 63% of people worldwide say they prefer watching a short video about a product before buying it.

I specialize in turning existing product photos into high-converting 16:9 video ads (no filming needed) and I'd love to create one for Brainstorm Puzzle Co..

Here are 3 sample videos so you can see the quality: https://drive.google.com/drive/folders/1QL-_djO9K9sW-ETXCa_t53SuwNP0bOzl?usp=sharing

If you're interested, I'd be happy to discuss details — and if you'd like, tell me how you'd want yours to look and I'll put one together for Brainstorm Puzzle Co. to look at first, no cost.

Would love any feedback either way. Have a great day!

Best regards,
Ethan

---
c/o IP-Management #8850
Ludwig-Erhard-Straße 18
20459 Hamburg
Deutschland
Don't want to hear from me again? Just reply and let me know."
Frank's Boots,Info@franksboots.com,USA · Washington (Spokane),Handmade leather work boots,https://franksboots.com,@franksbootcompany,quick idea for Frank's Boots,"Hi there,

I came across Frank's Boots and your Handmade leather work boots really stood out — but I couldn't find a single video on the site or your Instagram.

My name is Ethan and I'm writing with a collaboration idea.

I noticed an opportunity to boost sales through motion design, which has a proven impact on brand perception — 63% of people worldwide say they prefer watching a short video about a product before buying it.

I specialize in turning existing product photos into high-converting 16:9 video ads (no filming needed) and I'd love to create one for Frank's Boots.

Here are 3 sample videos so you can see the quality: https://drive.google.com/drive/folders/1QL-_djO9K9sW-ETXCa_t53SuwNP0bOzl?usp=sharing

If you're interested, I'd be happy to discuss details — and if you'd like, tell me how you'd want yours to look and I'll put one together for Frank's Boots to look at first, no cost.

Would love any feedback either way. Have a great day!

Best regards,
Ethan

---
c/o IP-Management #8850
Ludwig-Erhard-Straße 18
20459 Hamburg
Deutschland
Don't want to hear from me again? Just reply and let me know."
Piper Sandal Company,dave@pipersandals.com,USA · Texas (San Antonio),Handmade leather sandals,https://www.pipersandals.com,@pipersandals,quick idea for Piper Sandal Company,"Hi there,

I came across Piper Sandal Company and how clean your Handmade leather sandals photography looks — really caught my attention.

My name is Ethan and I'm writing with a collaboration idea.

I noticed an opportunity to boost sales through motion design, which has a proven impact on brand perception — 63% of people worldwide say they prefer watching a short video about a product before buying it.

I specialize in turning existing product photos into high-converting 16:9 video ads (no filming needed) and I'd love to create one for Piper Sandal Company.

Here are 3 sample videos so you can see the quality: https://drive.google.com/drive/folders/1QL-_djO9K9sW-ETXCa_t53SuwNP0bOzl?usp=sharing

If you're interested, I'd be happy to discuss details — and if you'd like, tell me how you'd want yours to look and I'll put one together for Piper Sandal Company to look at first, no cost.

Would love any feedback either way. Have a great day!

Best regards,
Ethan

---
c/o IP-Management #8850
Ludwig-Erhard-Straße 18
20459 Hamburg
Deutschland
Don't want to hear from me again? Just reply and let me know."
Milwaukee Boot Company,support@milwaukeebootcompany.com,USA · Wisconsin,Handmade leather work boots,https://milwaukeebootcompany.com,@mkebootco,quick idea for Milwaukee Boot Company,"Hi there,

I came across Milwaukee Boot Company — your Handmade leather work boots lineup looks great, and I noticed there's no video anywhere on your site or ads yet.

My name is Ethan and I'm writing with a collaboration idea.

I noticed an opportunity to boost sales through motion design, which has a proven impact on brand perception — 63% of people worldwide say they prefer watching a short video about a product before buying it.

I specialize in turning existing product photos into high-converting 16:9 video ads (no filming needed) and I'd love to create one for Milwaukee Boot Company.

Here are 3 sample videos so you can see the quality: https://drive.google.com/drive/folders/1QL-_djO9K9sW-ETXCa_t53SuwNP0bOzl?usp=sharing

If you're interested, I'd be happy to discuss details — and if you'd like, tell me how you'd want yours to look and I'll put one together for Milwaukee Boot Company to look at first, no cost.

Would love any feedback either way. Have a great day!

Best regards,
Ethan

---
c/o IP-Management #8850
Ludwig-Erhard-Straße 18
20459 Hamburg
Deutschland
Don't want to hear from me again? Just reply and let me know."
Paul Bond Boots,office@paulbondboots.com,USA · Arizona (Nogales),Custom handmade cowboy boots,https://paulbondboots.com,@paulbondboots,quick idea for Paul Bond Boots,"Hi there,

I was looking at Paul Bond Boots's site and noticed your Custom handmade cowboy boots are shown in photos only — no video anywhere yet.

My name is Ethan and I'm writing with a collaboration idea.

I noticed an opportunity to boost sales through motion design, which has a proven impact on brand perception — 63% of people worldwide say they prefer watching a short video about a product before buying it.

I specialize in turning existing product photos into high-converting 16:9 video ads (no filming needed) and I'd love to create one for Paul Bond Boots.

Here are 3 sample videos so you can see the quality: https://drive.google.com/drive/folders/1QL-_djO9K9sW-ETXCa_t53SuwNP0bOzl?usp=sharing

If you're interested, I'd be happy to discuss details — and if you'd like, tell me how you'd want yours to look and I'll put one together for Paul Bond Boots to look at first, no cost.

Would love any feedback either way. Have a great day!

Best regards,
Ethan

---
c/o IP-Management #8850
Ludwig-Erhard-Straße 18
20459 Hamburg
Deutschland
Don't want to hear from me again? Just reply and let me know."
Jamie Haller,montecito@shop-jamiehaller.com,USA · California (Montecito),Handmade leather loafers & boat shoes,https://shop-jamiehaller.com,@shopjamiehaller,quick idea for Jamie Haller,"Hi there,

I came across Jamie Haller and your Handmade leather loafers & boat shoes really stood out — but I couldn't find a single video on the site or your Instagram.

My name is Ethan and I'm writing with a collaboration idea.

I noticed an opportunity to boost sales through motion design, which has a proven impact on brand perception — 63% of people worldwide say they prefer watching a short video about a product before buying it.

I specialize in turning existing product photos into high-converting 16:9 video ads (no filming needed) and I'd love to create one for Jamie Haller.

Here are 3 sample videos so you can see the quality: https://drive.google.com/drive/folders/1QL-_djO9K9sW-ETXCa_t53SuwNP0bOzl?usp=sharing

If you're interested, I'd be happy to discuss details — and if you'd like, tell me how you'd want yours to look and I'll put one together for Jamie Haller to look at first, no cost.

Would love any feedback either way. Have a great day!

Best regards,
Ethan

---
c/o IP-Management #8850
Ludwig-Erhard-Straße 18
20459 Hamburg
Deutschland
Don't want to hear from me again? Just reply and let me know."
White's Boots,orders@whitesboots.com,USA · Washington (Spokane),Handmade leather work boots,https://whitesboots.com,@whitesboots,quick idea for White's Boots,"Hi there,

I came across White's Boots and how clean your Handmade leather work boots photography looks — really caught my attention.

My name is Ethan and I'm writing with a collaboration idea.

I noticed an opportunity to boost sales through motion design, which has a proven impact on brand perception — 63% of people worldwide say they prefer watching a short video about a product before buying it.

I specialize in turning existing product photos into high-converting 16:9 video ads (no filming needed) and I'd love to create one for White's Boots.

Here are 3 sample videos so you can see the quality: https://drive.google.com/drive/folders/1QL-_djO9K9sW-ETXCa_t53SuwNP0bOzl?usp=sharing

If you're interested, I'd be happy to discuss details — and if you'd like, tell me how you'd want yours to look and I'll put one together for White's Boots to look at first, no cost.

Would love any feedback either way. Have a great day!

Best regards,
Ethan

---
c/o IP-Management #8850
Ludwig-Erhard-Straße 18
20459 Hamburg
Deutschland
Don't want to hear from me again? Just reply and let me know."
Espiritu,customerservice@espiritu.com,USA · Huarache/culture-focused sandal brand,Handwoven huarache leather sandals,https://espiritu.com,@espirituculture,quick idea for Espiritu,"Hi there,

I came across Espiritu — your Handwoven huarache leather sandals lineup looks great, and I noticed there's no video anywhere on your site or ads yet.

My name is Ethan and I'm writing with a collaboration idea.

I noticed an opportunity to boost sales through motion design, which has a proven impact on brand perception — 63% of people worldwide say they prefer watching a short video about a product before buying it.

I specialize in turning existing product photos into high-converting 16:9 video ads (no filming needed) and I'd love to create one for Espiritu.

Here are 3 sample videos so you can see the quality: https://drive.google.com/drive/folders/1QL-_djO9K9sW-ETXCa_t53SuwNP0bOzl?usp=sharing

If you're interested, I'd be happy to discuss details — and if you'd like, tell me how you'd want yours to look and I'll put one together for Espiritu to look at first, no cost.

Would love any feedback either way. Have a great day!

Best regards,
Ethan

---
c/o IP-Management #8850
Ludwig-Erhard-Straße 18
20459 Hamburg
Deutschland
Don't want to hear from me again? Just reply and let me know."
Blackstock & Weber,holla@blackstockandweber.com,USA · New York (Brooklyn),Handcrafted leather loafers & sneakers,https://www.blackstockandweber.com,@blackstockandweber,quick idea for Blackstock & Weber,"Hi there,

I was looking at Blackstock & Weber's site and noticed your Handcrafted leather loafers & sneakers are shown in photos only — no video anywhere yet.

My name is Ethan and I'm writing with a collaboration idea.

I noticed an opportunity to boost sales through motion design, which has a proven impact on brand perception — 63% of people worldwide say they prefer watching a short video about a product before buying it.

I specialize in turning existing product photos into high-converting 16:9 video ads (no filming needed) and I'd love to create one for Blackstock & Weber.

Here are 3 sample videos so you can see the quality: https://drive.google.com/drive/folders/1QL-_djO9K9sW-ETXCa_t53SuwNP0bOzl?usp=sharing

If you're interested, I'd be happy to discuss details — and if you'd like, tell me how you'd want yours to look and I'll put one together for Blackstock & Weber to look at first, no cost.

Would love any feedback either way. Have a great day!

Best regards,
Ethan

---
c/o IP-Management #8850
Ludwig-Erhard-Straße 18
20459 Hamburg
Deutschland
Don't want to hear from me again? Just reply and let me know."
Truman Boot Co.,contact@trumanboot.com,USA · Oregon (Eugene),Handmade leather work & casual boots,https://www.trumanboot.com,nicht ermittelt,quick idea for Truman Boot Co.,"Hi there,

I came across Truman Boot Co. and your Handmade leather work & casual boots really stood out — but I couldn't find a single video on the site or your Instagram.

My name is Ethan and I'm writing with a collaboration idea.

I noticed an opportunity to boost sales through motion design, which has a proven impact on brand perception — 63% of people worldwide say they prefer watching a short video about a product before buying it.

I specialize in turning existing product photos into high-converting 16:9 video ads (no filming needed) and I'd love to create one for Truman Boot Co..

Here are 3 sample videos so you can see the quality: https://drive.google.com/drive/folders/1QL-_djO9K9sW-ETXCa_t53SuwNP0bOzl?usp=sharing

If you're interested, I'd be happy to discuss details — and if you'd like, tell me how you'd want yours to look and I'll put one together for Truman Boot Co. to look at first, no cost.

Would love any feedback either way. Have a great day!

Best regards,
Ethan

---
c/o IP-Management #8850
Ludwig-Erhard-Straße 18
20459 Hamburg
Deutschland
Don't want to hear from me again? Just reply and let me know."
Aurora Shoe Co.,info@aurorashoeco.com,"USA · New York (King Ferry, Finger Lakes)",Handmade minimalist leather shoes & moccasins,https://www.aurorashoeco.com,@AuroraShoeCo,quick idea for Aurora Shoe Co.,"Hi there,

I came across Aurora Shoe Co. and how clean your Handmade minimalist leather shoes & moccasins photography looks — really caught my attention.

My name is Ethan and I'm writing with a collaboration idea.

I noticed an opportunity to boost sales through motion design, which has a proven impact on brand perception — 63% of people worldwide say they prefer watching a short video about a product before buying it.

I specialize in turning existing product photos into high-converting 16:9 video ads (no filming needed) and I'd love to create one for Aurora Shoe Co..

Here are 3 sample videos so you can see the quality: https://drive.google.com/drive/folders/1QL-_djO9K9sW-ETXCa_t53SuwNP0bOzl?usp=sharing

If you're interested, I'd be happy to discuss details — and if you'd like, tell me how you'd want yours to look and I'll put one together for Aurora Shoe Co. to look at first, no cost.

Would love any feedback either way. Have a great day!

Best regards,
Ethan

---
c/o IP-Management #8850
Ludwig-Erhard-Straße 18
20459 Hamburg
Deutschland
Don't want to hear from me again? Just reply and let me know."
Sentinel Golf,sentinelgolfusa@gmail.com,"USA · Chicago, IL",Golf apparel & outdoor gear,https://sentinelgolf.us,@sentinelgolf.us,quick idea for Sentinel Golf,"Hi there,

I came across Sentinel Golf — your Golf apparel & outdoor gear lineup looks great, and I noticed there's no video anywhere on your site or ads yet.

My name is Ethan and I'm writing with a collaboration idea.

I noticed an opportunity to boost sales through motion design, which has a proven impact on brand perception — 63% of people worldwide say they prefer watching a short video about a product before buying it.

I specialize in turning existing product photos into high-converting 16:9 video ads (no filming needed) and I'd love to create one for Sentinel Golf.

Here are 3 sample videos so you can see the quality: https://drive.google.com/drive/folders/1QL-_djO9K9sW-ETXCa_t53SuwNP0bOzl?usp=sharing

If you're interested, I'd be happy to discuss details — and if you'd like, tell me how you'd want yours to look and I'll put one together for Sentinel Golf to look at first, no cost.

Would love any feedback either way. Have a great day!

Best regards,
Ethan

---
c/o IP-Management #8850
Ludwig-Erhard-Straße 18
20459 Hamburg
Deutschland
Don't want to hear from me again? Just reply and let me know."
Sounder Golf,help@soundergolf.com,USA · D2C ecommerce,Golf apparel & accessories,https://soundergolf.com,@soundergolf,quick idea for Sounder Golf,"Hi there,

I was looking at Sounder Golf's site and noticed your Golf apparel & accessories are shown in photos only — no video anywhere yet.

My name is Ethan and I'm writing with a collaboration idea.

I noticed an opportunity to boost sales through motion design, which has a proven impact on brand perception — 63% of people worldwide say they prefer watching a short video about a product before buying it.

I specialize in turning existing product photos into high-converting 16:9 video ads (no filming needed) and I'd love to create one for Sounder Golf.

Here are 3 sample videos so you can see the quality: https://drive.google.com/drive/folders/1QL-_djO9K9sW-ETXCa_t53SuwNP0bOzl?usp=sharing

If you're interested, I'd be happy to discuss details — and if you'd like, tell me how you'd want yours to look and I'll put one together for Sounder Golf to look at first, no cost.

Would love any feedback either way. Have a great day!

Best regards,
Ethan

---
c/o IP-Management #8850
Ludwig-Erhard-Straße 18
20459 Hamburg
Deutschland
Don't want to hear from me again? Just reply and let me know."
Macade Golf,hello@macadegolf.com,USA · D2C ecommerce,Contemporary golf apparel,https://macadegolf.com,@macadegolf,quick idea for Macade Golf,"Hi there,

I came across Macade Golf and your Contemporary golf apparel really stood out — but I couldn't find a single video on the site or your Instagram.

My name is Ethan and I'm writing with a collaboration idea.

I noticed an opportunity to boost sales through motion design, which has a proven impact on brand perception — 63% of people worldwide say they prefer watching a short video about a product before buying it.

I specialize in turning existing product photos into high-converting 16:9 video ads (no filming needed) and I'd love to create one for Macade Golf.

Here are 3 sample videos so you can see the quality: https://drive.google.com/drive/folders/1QL-_djO9K9sW-ETXCa_t53SuwNP0bOzl?usp=sharing

If you're interested, I'd be happy to discuss details — and if you'd like, tell me how you'd want yours to look and I'll put one together for Macade Golf to look at first, no cost.

Would love any feedback either way. Have a great day!

Best regards,
Ethan

---
c/o IP-Management #8850
Ludwig-Erhard-Straße 18
20459 Hamburg
Deutschland
Don't want to hear from me again? Just reply and let me know."
Reinland Golf Co.,contact@reinlandgolfco.com,USA · D2C ecommerce,Handmade golf headcovers & accessories,https://reinlandgolfco.com,@reinlandgolfco,quick idea for Reinland Golf Co.,"Hi there,

I came across Reinland Golf Co. and how clean your Handmade golf headcovers & accessories photography looks — really caught my attention.

My name is Ethan and I'm writing with a collaboration idea.

I noticed an opportunity to boost sales through motion design, which has a proven impact on brand perception — 63% of people worldwide say they prefer watching a short video about a product before buying it.

I specialize in turning existing product photos into high-converting 16:9 video ads (no filming needed) and I'd love to create one for Reinland Golf Co..

Here are 3 sample videos so you can see the quality: https://drive.google.com/drive/folders/1QL-_djO9K9sW-ETXCa_t53SuwNP0bOzl?usp=sharing

If you're interested, I'd be happy to discuss details — and if you'd like, tell me how you'd want yours to look and I'll put one together for Reinland Golf Co. to look at first, no cost.

Would love any feedback either way. Have a great day!

Best regards,
Ethan

---
c/o IP-Management #8850
Ludwig-Erhard-Straße 18
20459 Hamburg
Deutschland
Don't want to hear from me again? Just reply and let me know."
Asher Golf,info@ashergolf.com,"USA · Park City, UT",Golf gloves & apparel,https://www.ashergolf.com,@ashergolf,quick idea for Asher Golf,"Hi there,

I came across Asher Golf — your Golf gloves & apparel lineup looks great, and I noticed there's no video anywhere on your site or ads yet.

My name is Ethan and I'm writing with a collaboration idea.

I noticed an opportunity to boost sales through motion design, which has a proven impact on brand perception — 63% of people worldwide say they prefer watching a short video about a product before buying it.

I specialize in turning existing product photos into high-converting 16:9 video ads (no filming needed) and I'd love to create one for Asher Golf.

Here are 3 sample videos so you can see the quality: https://drive.google.com/drive/folders/1QL-_djO9K9sW-ETXCa_t53SuwNP0bOzl?usp=sharing

If you're interested, I'd be happy to discuss details — and if you'd like, tell me how you'd want yours to look and I'll put one together for Asher Golf to look at first, no cost.

Would love any feedback either way. Have a great day!

Best regards,
Ethan

---
c/o IP-Management #8850
Ludwig-Erhard-Straße 18
20459 Hamburg
Deutschland
Don't want to hear from me again? Just reply and let me know."
North Coast Golf Co.,caddie@northcoastgolfco.com,"USA · Traverse City, MI",Golf gloves & apparel,https://northcoastgolfco.com,@northcoastgolfco,quick idea for North Coast Golf Co.,"Hi there,

I was looking at North Coast Golf Co.'s site and noticed your Golf gloves & apparel are shown in photos only — no video anywhere yet.

My name is Ethan and I'm writing with a collaboration idea.

I noticed an opportunity to boost sales through motion design, which has a proven impact on brand perception — 63% of people worldwide say they prefer watching a short video about a product before buying it.

I specialize in turning existing product photos into high-converting 16:9 video ads (no filming needed) and I'd love to create one for North Coast Golf Co..

Here are 3 sample videos so you can see the quality: https://drive.google.com/drive/folders/1QL-_djO9K9sW-ETXCa_t53SuwNP0bOzl?usp=sharing

If you're interested, I'd be happy to discuss details — and if you'd like, tell me how you'd want yours to look and I'll put one together for North Coast Golf Co. to look at first, no cost.

Would love any feedback either way. Have a great day!

Best regards,
Ethan

---
c/o IP-Management #8850
Ludwig-Erhard-Straße 18
20459 Hamburg
Deutschland
Don't want to hear from me again? Just reply and let me know."
Tremont Sporting Co.,team@tremontsportingco.com,USA · D2C ecommerce,Leather golf headcovers & accessories,https://tremontsportingco.com,@tremontsportingco,quick idea for Tremont Sporting Co.,"Hi there,

I came across Tremont Sporting Co. and your Leather golf headcovers & accessories really stood out — but I couldn't find a single video on the site or your Instagram.

My name is Ethan and I'm writing with a collaboration idea.

I noticed an opportunity to boost sales through motion design, which has a proven impact on brand perception — 63% of people worldwide say they prefer watching a short video about a product before buying it.

I specialize in turning existing product photos into high-converting 16:9 video ads (no filming needed) and I'd love to create one for Tremont Sporting Co..

Here are 3 sample videos so you can see the quality: https://drive.google.com/drive/folders/1QL-_djO9K9sW-ETXCa_t53SuwNP0bOzl?usp=sharing

If you're interested, I'd be happy to discuss details — and if you'd like, tell me how you'd want yours to look and I'll put one together for Tremont Sporting Co. to look at first, no cost.

Would love any feedback either way. Have a great day!

Best regards,
Ethan

---
c/o IP-Management #8850
Ludwig-Erhard-Straße 18
20459 Hamburg
Deutschland
Don't want to hear from me again? Just reply and let me know."
Students Golf,help@studentsgolf.com,"USA · Costa Mesa, CA",Golf apparel with graphic/story-driven collections,https://studentsgolf.com,@studentsgolf,quick idea for Students Golf,"Hi there,

I came across Students Golf and how clean your Golf apparel with graphic/story-driven collections photography looks — really caught my attention.

My name is Ethan and I'm writing with a collaboration idea.

I noticed an opportunity to boost sales through motion design, which has a proven impact on brand perception — 63% of people worldwide say they prefer watching a short video about a product before buying it.

I specialize in turning existing product photos into high-converting 16:9 video ads (no filming needed) and I'd love to create one for Students Golf.

Here are 3 sample videos so you can see the quality: https://drive.google.com/drive/folders/1QL-_djO9K9sW-ETXCa_t53SuwNP0bOzl?usp=sharing

If you're interested, I'd be happy to discuss details — and if you'd like, tell me how you'd want yours to look and I'll put one together for Students Golf to look at first, no cost.

Would love any feedback either way. Have a great day!

Best regards,
Ethan

---
c/o IP-Management #8850
Ludwig-Erhard-Straße 18
20459 Hamburg
Deutschland
Don't want to hear from me again? Just reply and let me know."
Hudson Sutler,support@hudsonsutler.com,USA · D2C ecommerce,Handcrafted golf bags & accessories,https://hudsonsutler.com,@hudsonsutler,quick idea for Hudson Sutler,"Hi there,

I came across Hudson Sutler — your Handcrafted golf bags & accessories lineup looks great, and I noticed there's no video anywhere on your site or ads yet.

My name is Ethan and I'm writing with a collaboration idea.

I noticed an opportunity to boost sales through motion design, which has a proven impact on brand perception — 63% of people worldwide say they prefer watching a short video about a product before buying it.

I specialize in turning existing product photos into high-converting 16:9 video ads (no filming needed) and I'd love to create one for Hudson Sutler.

Here are 3 sample videos so you can see the quality: https://drive.google.com/drive/folders/1QL-_djO9K9sW-ETXCa_t53SuwNP0bOzl?usp=sharing

If you're interested, I'd be happy to discuss details — and if you'd like, tell me how you'd want yours to look and I'll put one together for Hudson Sutler to look at first, no cost.

Would love any feedback either way. Have a great day!

Best regards,
Ethan

---
c/o IP-Management #8850
Ludwig-Erhard-Straße 18
20459 Hamburg
Deutschland
Don't want to hear from me again? Just reply and let me know."
Pretty Little Party Shop,party@prettylittlepartyshop.co.uk,"UK · Ashtead, Surrey","Balloons & party decorations (balloon garlands/arches, banners, tableware)",https://prettylittlepartyshop.co.uk/,@prettylittlepartyshop,quick idea for Pretty Little Party Shop,"Hi there,

I was looking at Pretty Little Party Shop's site and noticed your Balloons & party decorations are shown in photos only — no video anywhere yet.

My name is Ethan and I'm writing with a collaboration idea.

I noticed an opportunity to boost sales through motion design, which has a proven impact on brand perception — 63% of people worldwide say they prefer watching a short video about a product before buying it.

I specialize in turning existing product photos into high-converting 16:9 video ads (no filming needed) and I'd love to create one for Pretty Little Party Shop.

Here are 3 sample videos so you can see the quality: https://drive.google.com/drive/folders/1QL-_djO9K9sW-ETXCa_t53SuwNP0bOzl?usp=sharing

If you're interested, I'd be happy to discuss details — and if you'd like, tell me how you'd want yours to look and I'll put one together for Pretty Little Party Shop to look at first, no cost.

Would love any feedback either way. Have a great day!

Best regards,
Ethan

---
c/o IP-Management #8850
Ludwig-Erhard-Straße 18
20459 Hamburg
Deutschland
Don't want to hear from me again? Just reply and let me know."
My Dream Party Shop,info@mydreampartyshop.com,"UK · Ruislip, London","Party decorations, balloons, candles & tableware",https://mydreampartyshop.com/,@mydreampartyshop,quick idea for My Dream Party Shop,"Hi there,

I came across My Dream Party Shop and your Party decorations, balloons, candles & tableware really stood out — but I couldn't find a single video on the site or your Instagram.

My name is Ethan and I'm writing with a collaboration idea.

I noticed an opportunity to boost sales through motion design, which has a proven impact on brand perception — 63% of people worldwide say they prefer watching a short video about a product before buying it.

I specialize in turning existing product photos into high-converting 16:9 video ads (no filming needed) and I'd love to create one for My Dream Party Shop.

Here are 3 sample videos so you can see the quality: https://drive.google.com/drive/folders/1QL-_djO9K9sW-ETXCa_t53SuwNP0bOzl?usp=sharing

If you're interested, I'd be happy to discuss details — and if you'd like, tell me how you'd want yours to look and I'll put one together for My Dream Party Shop to look at first, no cost.

Would love any feedback either way. Have a great day!

Best regards,
Ethan

---
c/o IP-Management #8850
Ludwig-Erhard-Straße 18
20459 Hamburg
Deutschland
Don't want to hear from me again? Just reply and let me know."
Forever Party,hello@foreverparty.co.uk,UK · Leicester,"Party & cake supplies, balloons, tableware",https://foreverparty.co.uk/,@foreverpartyuk,quick idea for Forever Party,"Hi there,

I came across Forever Party and how clean your Party & cake supplies, balloons, tableware photography looks — really caught my attention.

My name is Ethan and I'm writing with a collaboration idea.

I noticed an opportunity to boost sales through motion design, which has a proven impact on brand perception — 63% of people worldwide say they prefer watching a short video about a product before buying it.

I specialize in turning existing product photos into high-converting 16:9 video ads (no filming needed) and I'd love to create one for Forever Party.

Here are 3 sample videos so you can see the quality: https://drive.google.com/drive/folders/1QL-_djO9K9sW-ETXCa_t53SuwNP0bOzl?usp=sharing

If you're interested, I'd be happy to discuss details — and if you'd like, tell me how you'd want yours to look and I'll put one together for Forever Party to look at first, no cost.

Would love any feedback either way. Have a great day!

Best regards,
Ethan

---
c/o IP-Management #8850
Ludwig-Erhard-Straße 18
20459 Hamburg
Deutschland
Don't want to hear from me again? Just reply and let me know."
Ella's Party Shop,sales@ellaspartyshop.co.uk,"UK · Windsor, Berkshire",Balloon designs & party supplies,https://www.ellaspartyshop.co.uk/,@ellaspartyshop,quick idea for Ella's Party Shop,"Hi there,

I came across Ella's Party Shop — your Balloon designs & party supplies lineup looks great, and I noticed there's no video anywhere on your site or ads yet.

My name is Ethan and I'm writing with a collaboration idea.

I noticed an opportunity to boost sales through motion design, which has a proven impact on brand perception — 63% of people worldwide say they prefer watching a short video about a product before buying it.

I specialize in turning existing product photos into high-converting 16:9 video ads (no filming needed) and I'd love to create one for Ella's Party Shop.

Here are 3 sample videos so you can see the quality: https://drive.google.com/drive/folders/1QL-_djO9K9sW-ETXCa_t53SuwNP0bOzl?usp=sharing

If you're interested, I'd be happy to discuss details — and if you'd like, tell me how you'd want yours to look and I'll put one together for Ella's Party Shop to look at first, no cost.

Would love any feedback either way. Have a great day!

Best regards,
Ethan

---
c/o IP-Management #8850
Ludwig-Erhard-Straße 18
20459 Hamburg
Deutschland
Don't want to hear from me again? Just reply and let me know."
Roaring Partyz,sales@roaringpartyz.co.uk,UK · Liverpool,Balloon decor & venue dressing,https://roaringpartyz.co.uk/,@roaringpartyz,quick idea for Roaring Partyz,"Hi there,

I was looking at Roaring Partyz's site and noticed your Balloon decor & venue dressing are shown in photos only — no video anywhere yet.

My name is Ethan and I'm writing with a collaboration idea.

I noticed an opportunity to boost sales through motion design, which has a proven impact on brand perception — 63% of people worldwide say they prefer watching a short video about a product before buying it.

I specialize in turning existing product photos into high-converting 16:9 video ads (no filming needed) and I'd love to create one for Roaring Partyz.

Here are 3 sample videos so you can see the quality: https://drive.google.com/drive/folders/1QL-_djO9K9sW-ETXCa_t53SuwNP0bOzl?usp=sharing

If you're interested, I'd be happy to discuss details — and if you'd like, tell me how you'd want yours to look and I'll put one together for Roaring Partyz to look at first, no cost.

Would love any feedback either way. Have a great day!

Best regards,
Ethan

---
c/o IP-Management #8850
Ludwig-Erhard-Straße 18
20459 Hamburg
Deutschland
Don't want to hear from me again? Just reply and let me know."
The Personalised Party Shop,hello@thepersonalisedpartyshop.co.uk,"UK · Bridgend, Wales",Personalised party banners & decorations,https://thepersonalisedpartyshop.co.uk/,@personalisedpartyshop,quick idea for The Personalised Party Shop,"Hi there,

I came across The Personalised Party Shop and your Personalised party banners & decorations really stood out — but I couldn't find a single video on the site or your Instagram.

My name is Ethan and I'm writing with a collaboration idea.

I noticed an opportunity to boost sales through motion design, which has a proven impact on brand perception — 63% of people worldwide say they prefer watching a short video about a product before buying it.

I specialize in turning existing product photos into high-converting 16:9 video ads (no filming needed) and I'd love to create one for The Personalised Party Shop.

Here are 3 sample videos so you can see the quality: https://drive.google.com/drive/folders/1QL-_djO9K9sW-ETXCa_t53SuwNP0bOzl?usp=sharing

If you're interested, I'd be happy to discuss details — and if you'd like, tell me how you'd want yours to look and I'll put one together for The Personalised Party Shop to look at first, no cost.

Would love any feedback either way. Have a great day!

Best regards,
Ethan

---
c/o IP-Management #8850
Ludwig-Erhard-Straße 18
20459 Hamburg
Deutschland
Don't want to hear from me again? Just reply and let me know."
Party Fox,info@partyfox.co.uk,UK,Eco-friendly party decorations & balloons,https://www.partyfox.co.uk/,@thepartyfox,quick idea for Party Fox,"Hi there,

I came across Party Fox and how clean your Eco-friendly party decorations & balloons photography looks — really caught my attention.

My name is Ethan and I'm writing with a collaboration idea.

I noticed an opportunity to boost sales through motion design, which has a proven impact on brand perception — 63% of people worldwide say they prefer watching a short video about a product before buying it.

I specialize in turning existing product photos into high-converting 16:9 video ads (no filming needed) and I'd love to create one for Party Fox.

Here are 3 sample videos so you can see the quality: https://drive.google.com/drive/folders/1QL-_djO9K9sW-ETXCa_t53SuwNP0bOzl?usp=sharing

If you're interested, I'd be happy to discuss details — and if you'd like, tell me how you'd want yours to look and I'll put one together for Party Fox to look at first, no cost.

Would love any feedback either way. Have a great day!

Best regards,
Ethan

---
c/o IP-Management #8850
Ludwig-Erhard-Straße 18
20459 Hamburg
Deutschland
Don't want to hear from me again? Just reply and let me know."
All About Party Bags,info@allaboutpartybags.co.uk,UK · Northampton,Party bags & party bag fillers,https://www.allaboutpartybags.co.uk/,@allaboutpartybags,quick idea for All About Party Bags,"Hi there,

I came across All About Party Bags — your Party bags & party bag fillers lineup looks great, and I noticed there's no video anywhere on your site or ads yet.

My name is Ethan and I'm writing with a collaboration idea.

I noticed an opportunity to boost sales through motion design, which has a proven impact on brand perception — 63% of people worldwide say they prefer watching a short video about a product before buying it.

I specialize in turning existing product photos into high-converting 16:9 video ads (no filming needed) and I'd love to create one for All About Party Bags.

Here are 3 sample videos so you can see the quality: https://drive.google.com/drive/folders/1QL-_djO9K9sW-ETXCa_t53SuwNP0bOzl?usp=sharing

If you're interested, I'd be happy to discuss details — and if you'd like, tell me how you'd want yours to look and I'll put one together for All About Party Bags to look at first, no cost.

Would love any feedback either way. Have a great day!

Best regards,
Ethan

---
c/o IP-Management #8850
Ludwig-Erhard-Straße 18
20459 Hamburg
Deutschland
Don't want to hear from me again? Just reply and let me know."
Cotton Bunting Company,info@cottonbunting.co.uk,"UK · Braintree, Essex",Fabric bunting & garlands,https://cottonbunting.co.uk/,@thecottonbuntingcompany,quick idea for Cotton Bunting Company,"Hi there,

I was looking at Cotton Bunting Company's site and noticed your Fabric bunting & garlands are shown in photos only — no video anywhere yet.

My name is Ethan and I'm writing with a collaboration idea.

I noticed an opportunity to boost sales through motion design, which has a proven impact on brand perception — 63% of people worldwide say they prefer watching a short video about a product before buying it.

I specialize in turning existing product photos into high-converting 16:9 video ads (no filming needed) and I'd love to create one for Cotton Bunting Company.

Here are 3 sample videos so you can see the quality: https://drive.google.com/drive/folders/1QL-_djO9K9sW-ETXCa_t53SuwNP0bOzl?usp=sharing

If you're interested, I'd be happy to discuss details — and if you'd like, tell me how you'd want yours to look and I'll put one together for Cotton Bunting Company to look at first, no cost.

Would love any feedback either way. Have a great day!

Best regards,
Ethan

---
c/o IP-Management #8850
Ludwig-Erhard-Straße 18
20459 Hamburg
Deutschland
Don't want to hear from me again? Just reply and let me know."
Printed Little Things,info@printedlittlethings.co.uk,UK,Personalised photo bunting & garlands,https://www.printedlittlethings.co.uk/,@printedlittlethings,quick idea for Printed Little Things,"Hi there,

I came across Printed Little Things and your Personalised photo bunting & garlands really stood out — but I couldn't find a single video on the site or your Instagram.

My name is Ethan and I'm writing with a collaboration idea.

I noticed an opportunity to boost sales through motion design, which has a proven impact on brand perception — 63% of people worldwide say they prefer watching a short video about a product before buying it.

I specialize in turning existing product photos into high-converting 16:9 video ads (no filming needed) and I'd love to create one for Printed Little Things.

Here are 3 sample videos so you can see the quality: https://drive.google.com/drive/folders/1QL-_djO9K9sW-ETXCa_t53SuwNP0bOzl?usp=sharing

If you're interested, I'd be happy to discuss details — and if you'd like, tell me how you'd want yours to look and I'll put one together for Printed Little Things to look at first, no cost.

Would love any feedback either way. Have a great day!

Best regards,
Ethan

---
c/o IP-Management #8850
Ludwig-Erhard-Straße 18
20459 Hamburg
Deutschland
Don't want to hear from me again? Just reply and let me know."
Party Central Cardiff,Sales@partycentralcardiff.com,UK · Cardiff,Balloons & party decor,https://www.partycentralcardiff.com/,@partycentralcardiff,quick idea for Party Central Cardiff,"Hi there,

I came across Party Central Cardiff and how clean your Balloons & party decor photography looks — really caught my attention.

My name is Ethan and I'm writing with a collaboration idea.

I noticed an opportunity to boost sales through motion design, which has a proven impact on brand perception — 63% of people worldwide say they prefer watching a short video about a product before buying it.

I specialize in turning existing product photos into high-converting 16:9 video ads (no filming needed) and I'd love to create one for Party Central Cardiff.

Here are 3 sample videos so you can see the quality: https://drive.google.com/drive/folders/1QL-_djO9K9sW-ETXCa_t53SuwNP0bOzl?usp=sharing

If you're interested, I'd be happy to discuss details — and if you'd like, tell me how you'd want yours to look and I'll put one together for Party Central Cardiff to look at first, no cost.

Would love any feedback either way. Have a great day!

Best regards,
Ethan

---
c/o IP-Management #8850
Ludwig-Erhard-Straße 18
20459 Hamburg
Deutschland
Don't want to hear from me again? Just reply and let me know."
Custom Party Decorations,info@custompartydecorations.com,UK,"Personalised banners, toppers & confetti",https://custompartydecorations.com/,@custompartydecorations,quick idea for Custom Party Decorations,"Hi there,

I came across Custom Party Decorations — your Personalised banners, toppers & confetti lineup looks great, and I noticed there's no video anywhere on your site or ads yet.

My name is Ethan and I'm writing with a collaboration idea.

I noticed an opportunity to boost sales through motion design, which has a proven impact on brand perception — 63% of people worldwide say they prefer watching a short video about a product before buying it.

I specialize in turning existing product photos into high-converting 16:9 video ads (no filming needed) and I'd love to create one for Custom Party Decorations.

Here are 3 sample videos so you can see the quality: https://drive.google.com/drive/folders/1QL-_djO9K9sW-ETXCa_t53SuwNP0bOzl?usp=sharing

If you're interested, I'd be happy to discuss details — and if you'd like, tell me how you'd want yours to look and I'll put one together for Custom Party Decorations to look at first, no cost.

Would love any feedback either way. Have a great day!

Best regards,
Ethan

---
c/o IP-Management #8850
Ludwig-Erhard-Straße 18
20459 Hamburg
Deutschland
Don't want to hear from me again? Just reply and let me know."
ROAM Luggage,concierge@roamluggage.com,USA,Hardshell carry-on & travel luggage,https://www.roamluggage.com/,@roamluggage,quick idea for ROAM Luggage,"Hi there,

I was looking at ROAM Luggage's site and noticed your Hardshell carry-on & travel luggage are shown in photos only — no video anywhere yet.

My name is Ethan and I'm writing with a collaboration idea.

I noticed an opportunity to boost sales through motion design, which has a proven impact on brand perception — 63% of people worldwide say they prefer watching a short video about a product before buying it.

I specialize in turning existing product photos into high-converting 16:9 video ads (no filming needed) and I'd love to create one for ROAM Luggage.

Here are 3 sample videos so you can see the quality: https://drive.google.com/drive/folders/1QL-_djO9K9sW-ETXCa_t53SuwNP0bOzl?usp=sharing

If you're interested, I'd be happy to discuss details — and if you'd like, tell me how you'd want yours to look and I'll put one together for ROAM Luggage to look at first, no cost.

Would love any feedback either way. Have a great day!

Best regards,
Ethan

---
c/o IP-Management #8850
Ludwig-Erhard-Straße 18
20459 Hamburg
Deutschland
Don't want to hear from me again? Just reply and let me know."
Rogue Industries,support@rogue-industries.com,"USA · Standish, ME","Waxed canvas & leather bags, duffels, wallets",https://www.rogue-industries.com/,@rogueindustries,quick idea for Rogue Industries,"Hi there,

I came across Rogue Industries and your Waxed canvas & leather bags, duffels, wallets really stood out — but I couldn't find a single video on the site or your Instagram.

My name is Ethan and I'm writing with a collaboration idea.

I noticed an opportunity to boost sales through motion design, which has a proven impact on brand perception — 63% of people worldwide say they prefer watching a short video about a product before buying it.

I specialize in turning existing product photos into high-converting 16:9 video ads (no filming needed) and I'd love to create one for Rogue Industries.

Here are 3 sample videos so you can see the quality: https://drive.google.com/drive/folders/1QL-_djO9K9sW-ETXCa_t53SuwNP0bOzl?usp=sharing

If you're interested, I'd be happy to discuss details — and if you'd like, tell me how you'd want yours to look and I'll put one together for Rogue Industries to look at first, no cost.

Would love any feedback either way. Have a great day!

Best regards,
Ethan

---
c/o IP-Management #8850
Ludwig-Erhard-Straße 18
20459 Hamburg
Deutschland
Don't want to hear from me again? Just reply and let me know."
Mission Mercantile Leather Goods,shopkeeper@missionmercantile.com,"USA · San Antonio, TX",Full-grain leather duffel & travel bags,https://www.missionmercantile.com/,@missionmercantile,quick idea for Mission Mercantile Leather Goods,"Hi there,

I came across Mission Mercantile Leather Goods and how clean your Full-grain leather duffel & travel bags photography looks — really caught my attention.

My name is Ethan and I'm writing with a collaboration idea.

I noticed an opportunity to boost sales through motion design, which has a proven impact on brand perception — 63% of people worldwide say they prefer watching a short video about a product before buying it.

I specialize in turning existing product photos into high-converting 16:9 video ads (no filming needed) and I'd love to create one for Mission Mercantile Leather Goods.

Here are 3 sample videos so you can see the quality: https://drive.google.com/drive/folders/1QL-_djO9K9sW-ETXCa_t53SuwNP0bOzl?usp=sharing

If you're interested, I'd be happy to discuss details — and if you'd like, tell me how you'd want yours to look and I'll put one together for Mission Mercantile Leather Goods to look at first, no cost.

Would love any feedback either way. Have a great day!

Best regards,
Ethan

---
c/o IP-Management #8850
Ludwig-Erhard-Straße 18
20459 Hamburg
Deutschland
Don't want to hear from me again? Just reply and let me know."
Frost River,frinfo@frostriver.com,"USA · Duluth, MN","Canvas & leather bags, packs, duffels",https://frostriver.com/,@frostriver1910,quick idea for Frost River,"Hi there,

I came across Frost River — your Canvas & leather bags, packs, duffels lineup looks great, and I noticed there's no video anywhere on your site or ads yet.

My name is Ethan and I'm writing with a collaboration idea.

I noticed an opportunity to boost sales through motion design, which has a proven impact on brand perception — 63% of people worldwide say they prefer watching a short video about a product before buying it.

I specialize in turning existing product photos into high-converting 16:9 video ads (no filming needed) and I'd love to create one for Frost River.

Here are 3 sample videos so you can see the quality: https://drive.google.com/drive/folders/1QL-_djO9K9sW-ETXCa_t53SuwNP0bOzl?usp=sharing

If you're interested, I'd be happy to discuss details — and if you'd like, tell me how you'd want yours to look and I'll put one together for Frost River to look at first, no cost.

Would love any feedback either way. Have a great day!

Best regards,
Ethan

---
c/o IP-Management #8850
Ludwig-Erhard-Straße 18
20459 Hamburg
Deutschland
Don't want to hear from me again? Just reply and let me know."
NutSac,greg.kise@nutsac.com,USA,"Everyday carry bags, backpacks, slings",https://nutsac.com/,@nutsac,quick idea for NutSac,"Hi there,

I was looking at NutSac's site and noticed your Everyday carry bags, backpacks, slings are shown in photos only — no video anywhere yet.

My name is Ethan and I'm writing with a collaboration idea.

I noticed an opportunity to boost sales through motion design, which has a proven impact on brand perception — 63% of people worldwide say they prefer watching a short video about a product before buying it.

I specialize in turning existing product photos into high-converting 16:9 video ads (no filming needed) and I'd love to create one for NutSac.

Here are 3 sample videos so you can see the quality: https://drive.google.com/drive/folders/1QL-_djO9K9sW-ETXCa_t53SuwNP0bOzl?usp=sharing

If you're interested, I'd be happy to discuss details — and if you'd like, tell me how you'd want yours to look and I'll put one together for NutSac to look at first, no cost.

Would love any feedback either way. Have a great day!

Best regards,
Ethan

---
c/o IP-Management #8850
Ludwig-Erhard-Straße 18
20459 Hamburg
Deutschland
Don't want to hear from me again? Just reply and let me know."
Clare V.,info@clarev.com,"USA · Los Angeles, CA",Women's leather handbags & totes,https://www.clarev.com/,@shopclarev,quick idea for Clare V.,"Hi there,

I came across Clare V. and your Women's leather handbags & totes really stood out — but I couldn't find a single video on the site or your Instagram.

My name is Ethan and I'm writing with a collaboration idea.

I noticed an opportunity to boost sales through motion design, which has a proven impact on brand perception — 63% of people worldwide say they prefer watching a short video about a product before buying it.

I specialize in turning existing product photos into high-converting 16:9 video ads (no filming needed) and I'd love to create one for Clare V..

Here are 3 sample videos so you can see the quality: https://drive.google.com/drive/folders/1QL-_djO9K9sW-ETXCa_t53SuwNP0bOzl?usp=sharing

If you're interested, I'd be happy to discuss details — and if you'd like, tell me how you'd want yours to look and I'll put one together for Clare V. to look at first, no cost.

Would love any feedback either way. Have a great day!

Best regards,
Ethan

---
c/o IP-Management #8850
Ludwig-Erhard-Straße 18
20459 Hamburg
Deutschland
Don't want to hear from me again? Just reply and let me know."
Go Forth Goods,customercare@goforthgoods.com,"USA · Marietta, GA",Full-grain leather & waxed canvas duffel bags,https://www.goforthgoods.com/,@goforthgoods,quick idea for Go Forth Goods,"Hi there,

I came across Go Forth Goods and how clean your Full-grain leather & waxed canvas duffel bags photography looks — really caught my attention.

My name is Ethan and I'm writing with a collaboration idea.

I noticed an opportunity to boost sales through motion design, which has a proven impact on brand perception — 63% of people worldwide say they prefer watching a short video about a product before buying it.

I specialize in turning existing product photos into high-converting 16:9 video ads (no filming needed) and I'd love to create one for Go Forth Goods.

Here are 3 sample videos so you can see the quality: https://drive.google.com/drive/folders/1QL-_djO9K9sW-ETXCa_t53SuwNP0bOzl?usp=sharing

If you're interested, I'd be happy to discuss details — and if you'd like, tell me how you'd want yours to look and I'll put one together for Go Forth Goods to look at first, no cost.

Would love any feedback either way. Have a great day!

Best regards,
Ethan

---
c/o IP-Management #8850
Ludwig-Erhard-Straße 18
20459 Hamburg
Deutschland
Don't want to hear from me again? Just reply and let me know."
Bradley Mountain,shipping@bradleymountain.com,USA,"Backpacks, duffels & leather goods",https://bradleymountain.com/,@bradleymountain,quick idea for Bradley Mountain,"Hi there,

I came across Bradley Mountain — your Backpacks, duffels & leather goods lineup looks great, and I noticed there's no video anywhere on your site or ads yet.

My name is Ethan and I'm writing with a collaboration idea.

I noticed an opportunity to boost sales through motion design, which has a proven impact on brand perception — 63% of people worldwide say they prefer watching a short video about a product before buying it.

I specialize in turning existing product photos into high-converting 16:9 video ads (no filming needed) and I'd love to create one for Bradley Mountain.

Here are 3 sample videos so you can see the quality: https://drive.google.com/drive/folders/1QL-_djO9K9sW-ETXCa_t53SuwNP0bOzl?usp=sharing

If you're interested, I'd be happy to discuss details — and if you'd like, tell me how you'd want yours to look and I'll put one together for Bradley Mountain to look at first, no cost.

Would love any feedback either way. Have a great day!

Best regards,
Ethan

---
c/o IP-Management #8850
Ludwig-Erhard-Straße 18
20459 Hamburg
Deutschland
Don't want to hear from me again? Just reply and let me know."
STATE Bags,customerservice@statebags.com,"USA · New York, NY","Backpacks, totes & kids bags",https://statebags.com/,@statebags,quick idea for STATE Bags,"Hi there,

I was looking at STATE Bags's site and noticed your Backpacks, totes & kids bags are shown in photos only — no video anywhere yet.

My name is Ethan and I'm writing with a collaboration idea.

I noticed an opportunity to boost sales through motion design, which has a proven impact on brand perception — 63% of people worldwide say they prefer watching a short video about a product before buying it.

I specialize in turning existing product photos into high-converting 16:9 video ads (no filming needed) and I'd love to create one for STATE Bags.

Here are 3 sample videos so you can see the quality: https://drive.google.com/drive/folders/1QL-_djO9K9sW-ETXCa_t53SuwNP0bOzl?usp=sharing

If you're interested, I'd be happy to discuss details — and if you'd like, tell me how you'd want yours to look and I'll put one together for STATE Bags to look at first, no cost.

Would love any feedback either way. Have a great day!

Best regards,
Ethan

---
c/o IP-Management #8850
Ludwig-Erhard-Straße 18
20459 Hamburg
Deutschland
Don't want to hear from me again? Just reply and let me know."
Gordy's Camera Straps,gordy@gordyscamerastraps.com,"USA · Whidbey Island, Washington",Camera straps (leather),https://gordyscamerastraps.com/,@gordyscamerastraps,quick idea for Gordy's Camera Straps,"Hi there,

I came across Gordy's Camera Straps and your Camera straps really stood out — but I couldn't find a single video on the site or your Instagram.

My name is Ethan and I'm writing with a collaboration idea.

I noticed an opportunity to boost sales through motion design, which has a proven impact on brand perception — 63% of people worldwide say they prefer watching a short video about a product before buying it.

I specialize in turning existing product photos into high-converting 16:9 video ads (no filming needed) and I'd love to create one for Gordy's Camera Straps.

Here are 3 sample videos so you can see the quality: https://drive.google.com/drive/folders/1QL-_djO9K9sW-ETXCa_t53SuwNP0bOzl?usp=sharing

If you're interested, I'd be happy to discuss details — and if you'd like, tell me how you'd want yours to look and I'll put one together for Gordy's Camera Straps to look at first, no cost.

Would love any feedback either way. Have a great day!

Best regards,
Ethan

---
c/o IP-Management #8850
Ludwig-Erhard-Straße 18
20459 Hamburg
Deutschland
Don't want to hear from me again? Just reply and let me know."
FOTO (Fotostrap),support@fotostrap.com,"USA · Denton, Texas",Camera straps (leather),https://fotostrap.com/,@fotostrap,quick idea for FOTO (Fotostrap),"Hi there,

I came across FOTO (Fotostrap) and how clean your Camera straps photography looks — really caught my attention.

My name is Ethan and I'm writing with a collaboration idea.

I noticed an opportunity to boost sales through motion design, which has a proven impact on brand perception — 63% of people worldwide say they prefer watching a short video about a product before buying it.

I specialize in turning existing product photos into high-converting 16:9 video ads (no filming needed) and I'd love to create one for FOTO (Fotostrap).

Here are 3 sample videos so you can see the quality: https://drive.google.com/drive/folders/1QL-_djO9K9sW-ETXCa_t53SuwNP0bOzl?usp=sharing

If you're interested, I'd be happy to discuss details — and if you'd like, tell me how you'd want yours to look and I'll put one together for FOTO (Fotostrap) to look at first, no cost.

Would love any feedback either way. Have a great day!

Best regards,
Ethan

---
c/o IP-Management #8850
Ludwig-Erhard-Straße 18
20459 Hamburg
Deutschland
Don't want to hear from me again? Just reply and let me know."
Red Monkey Designs,rmonkey@redmonkeydesigns.com,"USA · Los Angeles, California",Camera straps (leather),https://redmonkeydesigns.com/,@redmonkeydesigns,quick idea for Red Monkey Designs,"Hi there,

I came across Red Monkey Designs — your Camera straps lineup looks great, and I noticed there's no video anywhere on your site or ads yet.

My name is Ethan and I'm writing with a collaboration idea.

I noticed an opportunity to boost sales through motion design, which has a proven impact on brand perception — 63% of people worldwide say they prefer watching a short video about a product before buying it.

I specialize in turning existing product photos into high-converting 16:9 video ads (no filming needed) and I'd love to create one for Red Monkey Designs.

Here are 3 sample videos so you can see the quality: https://drive.google.com/drive/folders/1QL-_djO9K9sW-ETXCa_t53SuwNP0bOzl?usp=sharing

If you're interested, I'd be happy to discuss details — and if you'd like, tell me how you'd want yours to look and I'll put one together for Red Monkey Designs to look at first, no cost.

Would love any feedback either way. Have a great day!

Best regards,
Ethan

---
c/o IP-Management #8850
Ludwig-Erhard-Straße 18
20459 Hamburg
Deutschland
Don't want to hear from me again? Just reply and let me know."
ONA Bags,customercare@onabags.com,"USA · New York, New York",Camera bags,https://onabags.com/,@onabags,quick idea for ONA Bags,"Hi there,

I was looking at ONA Bags's site and noticed your Camera bags are shown in photos only — no video anywhere yet.

My name is Ethan and I'm writing with a collaboration idea.

I noticed an opportunity to boost sales through motion design, which has a proven impact on brand perception — 63% of people worldwide say they prefer watching a short video about a product before buying it.

I specialize in turning existing product photos into high-converting 16:9 video ads (no filming needed) and I'd love to create one for ONA Bags.

Here are 3 sample videos so you can see the quality: https://drive.google.com/drive/folders/1QL-_djO9K9sW-ETXCa_t53SuwNP0bOzl?usp=sharing

If you're interested, I'd be happy to discuss details — and if you'd like, tell me how you'd want yours to look and I'll put one together for ONA Bags to look at first, no cost.

Would love any feedback either way. Have a great day!

Best regards,
Ethan

---
c/o IP-Management #8850
Ludwig-Erhard-Straße 18
20459 Hamburg
Deutschland
Don't want to hear from me again? Just reply and let me know."
Langly Co,hello@langly.co,"USA · Los Angeles, California",Camera bags / backpacks,https://www.langly.co/,@langly,quick idea for Langly Co,"Hi there,

I came across Langly Co and your Camera bags / backpacks really stood out — but I couldn't find a single video on the site or your Instagram.

My name is Ethan and I'm writing with a collaboration idea.

I noticed an opportunity to boost sales through motion design, which has a proven impact on brand perception — 63% of people worldwide say they prefer watching a short video about a product before buying it.

I specialize in turning existing product photos into high-converting 16:9 video ads (no filming needed) and I'd love to create one for Langly Co.

Here are 3 sample videos so you can see the quality: https://drive.google.com/drive/folders/1QL-_djO9K9sW-ETXCa_t53SuwNP0bOzl?usp=sharing

If you're interested, I'd be happy to discuss details — and if you'd like, tell me how you'd want yours to look and I'll put one together for Langly Co to look at first, no cost.

Would love any feedback either way. Have a great day!

Best regards,
Ethan

---
c/o IP-Management #8850
Ludwig-Erhard-Straße 18
20459 Hamburg
Deutschland
Don't want to hear from me again? Just reply and let me know."
Platypod,service@platypod.com,"USA · East Brunswick, New Jersey",Tripod alternative / camera support,https://www.platypod.com/,@platypodtripods,quick idea for Platypod,"Hi there,

I came across Platypod and how clean your Tripod alternative / camera support photography looks — really caught my attention.

My name is Ethan and I'm writing with a collaboration idea.

I noticed an opportunity to boost sales through motion design, which has a proven impact on brand perception — 63% of people worldwide say they prefer watching a short video about a product before buying it.

I specialize in turning existing product photos into high-converting 16:9 video ads (no filming needed) and I'd love to create one for Platypod.

Here are 3 sample videos so you can see the quality: https://drive.google.com/drive/folders/1QL-_djO9K9sW-ETXCa_t53SuwNP0bOzl?usp=sharing

If you're interested, I'd be happy to discuss details — and if you'd like, tell me how you'd want yours to look and I'll put one together for Platypod to look at first, no cost.

Would love any feedback either way. Have a great day!

Best regards,
Ethan

---
c/o IP-Management #8850
Ludwig-Erhard-Straße 18
20459 Hamburg
Deutschland
Don't want to hear from me again? Just reply and let me know."
Pinhole Press,support@pinholepress.com,USA,Photo books / albums,https://www.pinholepress.com/,@pinholepress,quick idea for Pinhole Press,"Hi there,

I came across Pinhole Press — your Photo books / albums lineup looks great, and I noticed there's no video anywhere on your site or ads yet.

My name is Ethan and I'm writing with a collaboration idea.

I noticed an opportunity to boost sales through motion design, which has a proven impact on brand perception — 63% of people worldwide say they prefer watching a short video about a product before buying it.

I specialize in turning existing product photos into high-converting 16:9 video ads (no filming needed) and I'd love to create one for Pinhole Press.

Here are 3 sample videos so you can see the quality: https://drive.google.com/drive/folders/1QL-_djO9K9sW-ETXCa_t53SuwNP0bOzl?usp=sharing

If you're interested, I'd be happy to discuss details — and if you'd like, tell me how you'd want yours to look and I'll put one together for Pinhole Press to look at first, no cost.

Would love any feedback either way. Have a great day!

Best regards,
Ethan

---
c/o IP-Management #8850
Ludwig-Erhard-Straße 18
20459 Hamburg
Deutschland
Don't want to hear from me again? Just reply and let me know."
Social Print Studio,hello@sps.io,"USA · San Francisco/Santa Cruz, California",Photo books / prints,https://socialprintstudio.com/,@socialprintstudio,quick idea for Social Print Studio,"Hi there,

I was looking at Social Print Studio's site and noticed your Photo books / prints are shown in photos only — no video anywhere yet.

My name is Ethan and I'm writing with a collaboration idea.

I noticed an opportunity to boost sales through motion design, which has a proven impact on brand perception — 63% of people worldwide say they prefer watching a short video about a product before buying it.

I specialize in turning existing product photos into high-converting 16:9 video ads (no filming needed) and I'd love to create one for Social Print Studio.

Here are 3 sample videos so you can see the quality: https://drive.google.com/drive/folders/1QL-_djO9K9sW-ETXCa_t53SuwNP0bOzl?usp=sharing

If you're interested, I'd be happy to discuss details — and if you'd like, tell me how you'd want yours to look and I'll put one together for Social Print Studio to look at first, no cost.

Would love any feedback either way. Have a great day!

Best regards,
Ethan

---
c/o IP-Management #8850
Ludwig-Erhard-Straße 18
20459 Hamburg
Deutschland
Don't want to hear from me again? Just reply and let me know."
KILLSPENCER,orders@killspencer.com,"USA · Los Angeles, California",Camera straps / leather goods,https://killspencer.com/,@killspencer,quick idea for KILLSPENCER,"Hi there,

I came across KILLSPENCER and your Camera straps / leather goods really stood out — but I couldn't find a single video on the site or your Instagram.

My name is Ethan and I'm writing with a collaboration idea.

I noticed an opportunity to boost sales through motion design, which has a proven impact on brand perception — 63% of people worldwide say they prefer watching a short video about a product before buying it.

I specialize in turning existing product photos into high-converting 16:9 video ads (no filming needed) and I'd love to create one for KILLSPENCER.

Here are 3 sample videos so you can see the quality: https://drive.google.com/drive/folders/1QL-_djO9K9sW-ETXCa_t53SuwNP0bOzl?usp=sharing

If you're interested, I'd be happy to discuss details — and if you'd like, tell me how you'd want yours to look and I'll put one together for KILLSPENCER to look at first, no cost.

Would love any feedback either way. Have a great day!

Best regards,
Ethan

---
c/o IP-Management #8850
Ludwig-Erhard-Straße 18
20459 Hamburg
Deutschland
Don't want to hear from me again? Just reply and let me know."
ProMediaGear,pmg@promediagear.com,"USA · Orland Park, Illinois",Tripods / camera support,https://promediagear.com/,@promediagear,quick idea for ProMediaGear,"Hi there,

I came across ProMediaGear and how clean your Tripods / camera support photography looks — really caught my attention.

My name is Ethan and I'm writing with a collaboration idea.

I noticed an opportunity to boost sales through motion design, which has a proven impact on brand perception — 63% of people worldwide say they prefer watching a short video about a product before buying it.

I specialize in turning existing product photos into high-converting 16:9 video ads (no filming needed) and I'd love to create one for ProMediaGear.

Here are 3 sample videos so you can see the quality: https://drive.google.com/drive/folders/1QL-_djO9K9sW-ETXCa_t53SuwNP0bOzl?usp=sharing

If you're interested, I'd be happy to discuss details — and if you'd like, tell me how you'd want yours to look and I'll put one together for ProMediaGear to look at first, no cost.

Would love any feedback either way. Have a great day!

Best regards,
Ethan

---
c/o IP-Management #8850
Ludwig-Erhard-Straße 18
20459 Hamburg
Deutschland
Don't want to hear from me again? Just reply and let me know."
HEX Brand,support@hexbrand.com,"USA · Los Angeles, California",Camera bags,https://www.hexbrand.com/,@hexbrand,quick idea for HEX Brand,"Hi there,

I came across HEX Brand — your Camera bags lineup looks great, and I noticed there's no video anywhere on your site or ads yet.

My name is Ethan and I'm writing with a collaboration idea.

I noticed an opportunity to boost sales through motion design, which has a proven impact on brand perception — 63% of people worldwide say they prefer watching a short video about a product before buying it.

I specialize in turning existing product photos into high-converting 16:9 video ads (no filming needed) and I'd love to create one for HEX Brand.

Here are 3 sample videos so you can see the quality: https://drive.google.com/drive/folders/1QL-_djO9K9sW-ETXCa_t53SuwNP0bOzl?usp=sharing

If you're interested, I'd be happy to discuss details — and if you'd like, tell me how you'd want yours to look and I'll put one together for HEX Brand to look at first, no cost.

Would love any feedback either way. Have a great day!

Best regards,
Ethan

---
c/o IP-Management #8850
Ludwig-Erhard-Straße 18
20459 Hamburg
Deutschland
Don't want to hear from me again? Just reply and let me know."
Singh-Ray Filters,Info@singh-ray.com,"USA · Arcadia, Florida",Lens filters (ND / polarizer),https://singh-ray.com/,@singhrayfilters,quick idea for Singh-Ray Filters,"Hi there,

I was looking at Singh-Ray Filters's site and noticed your Lens filters are shown in photos only — no video anywhere yet.

My name is Ethan and I'm writing with a collaboration idea.

I noticed an opportunity to boost sales through motion design, which has a proven impact on brand perception — 63% of people worldwide say they prefer watching a short video about a product before buying it.

I specialize in turning existing product photos into high-converting 16:9 video ads (no filming needed) and I'd love to create one for Singh-Ray Filters.

Here are 3 sample videos so you can see the quality: https://drive.google.com/drive/folders/1QL-_djO9K9sW-ETXCa_t53SuwNP0bOzl?usp=sharing

If you're interested, I'd be happy to discuss details — and if you'd like, tell me how you'd want yours to look and I'll put one together for Singh-Ray Filters to look at first, no cost.

Would love any feedback either way. Have a great day!

Best regards,
Ethan

---
c/o IP-Management #8850
Ludwig-Erhard-Straße 18
20459 Hamburg
Deutschland
Don't want to hear from me again? Just reply and let me know."
Valour Works,support@valourworks.co.uk,"UK · Newcastle-under-Lyme, Staffordshire",Personalised whisky decanter sets / engraved barware gifts,https://www.valourworks.co.uk/,@valour.works,quick idea for Valour Works,"Hi there,

I came across Valour Works and your Personalised whisky decanter sets / engraved barware gifts really stood out — but I couldn't find a single video on the site or your Instagram.

My name is Ethan and I'm writing with a collaboration idea.

I noticed an opportunity to boost sales through motion design, which has a proven impact on brand perception — 63% of people worldwide say they prefer watching a short video about a product before buying it.

I specialize in turning existing product photos into high-converting 16:9 video ads (no filming needed) and I'd love to create one for Valour Works.

Here are 3 sample videos so you can see the quality: https://drive.google.com/drive/folders/1QL-_djO9K9sW-ETXCa_t53SuwNP0bOzl?usp=sharing

If you're interested, I'd be happy to discuss details — and if you'd like, tell me how you'd want yours to look and I'll put one together for Valour Works to look at first, no cost.

Would love any feedback either way. Have a great day!

Best regards,
Ethan

---
c/o IP-Management #8850
Ludwig-Erhard-Straße 18
20459 Hamburg
Deutschland
Don't want to hear from me again? Just reply and let me know."
Spoken Gifts,support@spokengifts.co.uk,UK · Manchester,Personalised/engraved wine glasses & wine coolers,https://www.spokengifts.co.uk/,@spokengifts,quick idea for Spoken Gifts,"Hi there,

I came across Spoken Gifts and how clean your Personalised/engraved wine glasses & wine coolers photography looks — really caught my attention.

My name is Ethan and I'm writing with a collaboration idea.

I noticed an opportunity to boost sales through motion design, which has a proven impact on brand perception — 63% of people worldwide say they prefer watching a short video about a product before buying it.

I specialize in turning existing product photos into high-converting 16:9 video ads (no filming needed) and I'd love to create one for Spoken Gifts.

Here are 3 sample videos so you can see the quality: https://drive.google.com/drive/folders/1QL-_djO9K9sW-ETXCa_t53SuwNP0bOzl?usp=sharing

If you're interested, I'd be happy to discuss details — and if you'd like, tell me how you'd want yours to look and I'll put one together for Spoken Gifts to look at first, no cost.

Would love any feedback either way. Have a great day!

Best regards,
Ethan

---
c/o IP-Management #8850
Ludwig-Erhard-Straße 18
20459 Hamburg
Deutschland
Don't want to hear from me again? Just reply and let me know."
Wineware,info@wineware.co.uk,"UK · Rustington/Littlehampton, West Sussex","Glassware, decanters, corkscrews, wine racks & cabinets",https://wineware.co.uk/,@winewareuk,quick idea for Wineware,"Hi there,

I came across Wineware — your Glassware, decanters, corkscrews, wine racks & cabinets lineup looks great, and I noticed there's no video anywhere on your site or ads yet.

My name is Ethan and I'm writing with a collaboration idea.

I noticed an opportunity to boost sales through motion design, which has a proven impact on brand perception — 63% of people worldwide say they prefer watching a short video about a product before buying it.

I specialize in turning existing product photos into high-converting 16:9 video ads (no filming needed) and I'd love to create one for Wineware.

Here are 3 sample videos so you can see the quality: https://drive.google.com/drive/folders/1QL-_djO9K9sW-ETXCa_t53SuwNP0bOzl?usp=sharing

If you're interested, I'd be happy to discuss details — and if you'd like, tell me how you'd want yours to look and I'll put one together for Wineware to look at first, no cost.

Would love any feedback either way. Have a great day!

Best regards,
Ethan

---
c/o IP-Management #8850
Ludwig-Erhard-Straße 18
20459 Hamburg
Deutschland
Don't want to hear from me again? Just reply and let me know."
Lovely Libby's,info@lovelylibbys.co.uk,"UK · Billericay & Rayleigh, Essex",Hand-painted wine glasses,https://www.lovelylibbys.co.uk/,@lovelylibbys,quick idea for Lovely Libby's,"Hi there,

I was looking at Lovely Libby's's site and noticed your Hand-painted wine glasses are shown in photos only — no video anywhere yet.

My name is Ethan and I'm writing with a collaboration idea.

I noticed an opportunity to boost sales through motion design, which has a proven impact on brand perception — 63% of people worldwide say they prefer watching a short video about a product before buying it.

I specialize in turning existing product photos into high-converting 16:9 video ads (no filming needed) and I'd love to create one for Lovely Libby's.

Here are 3 sample videos so you can see the quality: https://drive.google.com/drive/folders/1QL-_djO9K9sW-ETXCa_t53SuwNP0bOzl?usp=sharing

If you're interested, I'd be happy to discuss details — and if you'd like, tell me how you'd want yours to look and I'll put one together for Lovely Libby's to look at first, no cost.

Would love any feedback either way. Have a great day!

Best regards,
Ethan

---
c/o IP-Management #8850
Ludwig-Erhard-Straße 18
20459 Hamburg
Deutschland
Don't want to hear from me again? Just reply and let me know."
Designs by Lolita UK,shop@designsbylolita.co.uk,"UK · Carlisle, Cumbria",Hand-painted wine & cocktail glasses,https://www.designsbylolita.co.uk/,@designsbylolitauk,quick idea for Designs by Lolita UK,"Hi there,

I came across Designs by Lolita UK and your Hand-painted wine & cocktail glasses really stood out — but I couldn't find a single video on the site or your Instagram.

My name is Ethan and I'm writing with a collaboration idea.

I noticed an opportunity to boost sales through motion design, which has a proven impact on brand perception — 63% of people worldwide say they prefer watching a short video about a product before buying it.

I specialize in turning existing product photos into high-converting 16:9 video ads (no filming needed) and I'd love to create one for Designs by Lolita UK.

Here are 3 sample videos so you can see the quality: https://drive.google.com/drive/folders/1QL-_djO9K9sW-ETXCa_t53SuwNP0bOzl?usp=sharing

If you're interested, I'd be happy to discuss details — and if you'd like, tell me how you'd want yours to look and I'll put one together for Designs by Lolita UK to look at first, no cost.

Would love any feedback either way. Have a great day!

Best regards,
Ethan

---
c/o IP-Management #8850
Ludwig-Erhard-Straße 18
20459 Hamburg
Deutschland
Don't want to hear from me again? Just reply and let me know."
Ballantynes of Walkerburn,sales@balwalk.com,"UK · Walkerburn, Scottish Borders",Crystal whisky decanters & engraved barware,https://balwalk.com/,@ballantynes_of_walkerburn,quick idea for Ballantynes of Walkerburn,"Hi there,

I came across Ballantynes of Walkerburn and how clean your Crystal whisky decanters & engraved barware photography looks — really caught my attention.

My name is Ethan and I'm writing with a collaboration idea.

I noticed an opportunity to boost sales through motion design, which has a proven impact on brand perception — 63% of people worldwide say they prefer watching a short video about a product before buying it.

I specialize in turning existing product photos into high-converting 16:9 video ads (no filming needed) and I'd love to create one for Ballantynes of Walkerburn.

Here are 3 sample videos so you can see the quality: https://drive.google.com/drive/folders/1QL-_djO9K9sW-ETXCa_t53SuwNP0bOzl?usp=sharing

If you're interested, I'd be happy to discuss details — and if you'd like, tell me how you'd want yours to look and I'll put one together for Ballantynes of Walkerburn to look at first, no cost.

Would love any feedback either way. Have a great day!

Best regards,
Ethan

---
c/o IP-Management #8850
Ludwig-Erhard-Straße 18
20459 Hamburg
Deutschland
Don't want to hear from me again? Just reply and let me know."
WineWeaver,customercare@wineweaver.com,UK · London,Wine aerators / decanting tools,https://www.wineweaver.com/,@wineweaveruk,quick idea for WineWeaver,"Hi there,

I came across WineWeaver — your Wine aerators / decanting tools lineup looks great, and I noticed there's no video anywhere on your site or ads yet.

My name is Ethan and I'm writing with a collaboration idea.

I noticed an opportunity to boost sales through motion design, which has a proven impact on brand perception — 63% of people worldwide say they prefer watching a short video about a product before buying it.

I specialize in turning existing product photos into high-converting 16:9 video ads (no filming needed) and I'd love to create one for WineWeaver.

Here are 3 sample videos so you can see the quality: https://drive.google.com/drive/folders/1QL-_djO9K9sW-ETXCa_t53SuwNP0bOzl?usp=sharing

If you're interested, I'd be happy to discuss details — and if you'd like, tell me how you'd want yours to look and I'll put one together for WineWeaver to look at first, no cost.

Would love any feedback either way. Have a great day!

Best regards,
Ethan

---
c/o IP-Management #8850
Ludwig-Erhard-Straße 18
20459 Hamburg
Deutschland
Don't want to hear from me again? Just reply and let me know."
Uberstar,info@uberstar.com,UK · Milton Keynes,"Barware, wine gadgets & glassware gifts",https://www.uberstar.com/,@uberstar.x,quick idea for Uberstar,"Hi there,

I was looking at Uberstar's site and noticed your Barware, wine gadgets & glassware gifts are shown in photos only — no video anywhere yet.

My name is Ethan and I'm writing with a collaboration idea.

I noticed an opportunity to boost sales through motion design, which has a proven impact on brand perception — 63% of people worldwide say they prefer watching a short video about a product before buying it.

I specialize in turning existing product photos into high-converting 16:9 video ads (no filming needed) and I'd love to create one for Uberstar.

Here are 3 sample videos so you can see the quality: https://drive.google.com/drive/folders/1QL-_djO9K9sW-ETXCa_t53SuwNP0bOzl?usp=sharing

If you're interested, I'd be happy to discuss details — and if you'd like, tell me how you'd want yours to look and I'll put one together for Uberstar to look at first, no cost.

Would love any feedback either way. Have a great day!

Best regards,
Ethan

---
c/o IP-Management #8850
Ludwig-Erhard-Straße 18
20459 Hamburg
Deutschland
Don't want to hear from me again? Just reply and let me know."
Richard Brendon,info@richardbrendon.com,"UK · Notting Hill, London","Designer wine glasses, decanters & bar/spirits glassware",https://richardbrendon.com/,@richardbrendonstudio,quick idea for Richard Brendon,"Hi there,

I came across Richard Brendon and your Designer wine glasses, decanters & bar/spirits glassware really stood out — but I couldn't find a single video on the site or your Instagram.

My name is Ethan and I'm writing with a collaboration idea.

I noticed an opportunity to boost sales through motion design, which has a proven impact on brand perception — 63% of people worldwide say they prefer watching a short video about a product before buying it.

I specialize in turning existing product photos into high-converting 16:9 video ads (no filming needed) and I'd love to create one for Richard Brendon.

Here are 3 sample videos so you can see the quality: https://drive.google.com/drive/folders/1QL-_djO9K9sW-ETXCa_t53SuwNP0bOzl?usp=sharing

If you're interested, I'd be happy to discuss details — and if you'd like, tell me how you'd want yours to look and I'll put one together for Richard Brendon to look at first, no cost.

Would love any feedback either way. Have a great day!

Best regards,
Ethan

---
c/o IP-Management #8850
Ludwig-Erhard-Straße 18
20459 Hamburg
Deutschland
Don't want to hear from me again? Just reply and let me know."
Anchal Project,info@anchalproject.org,USA · Home Textiles (Pillows),Hand-embroidered throw pillows and small textiles,https://anchalproject.org,@anchalproject,quick idea for Anchal Project,"Hi there,

I came across Anchal Project and how clean your Hand-embroidered throw pillows and small textiles photography looks — really caught my attention.

My name is Ethan and I'm writing with a collaboration idea.

I noticed an opportunity to boost sales through motion design, which has a proven impact on brand perception — 63% of people worldwide say they prefer watching a short video about a product before buying it.

I specialize in turning existing product photos into high-converting 16:9 video ads (no filming needed) and I'd love to create one for Anchal Project.

Here are 3 sample videos so you can see the quality: https://drive.google.com/drive/folders/1QL-_djO9K9sW-ETXCa_t53SuwNP0bOzl?usp=sharing

If you're interested, I'd be happy to discuss details — and if you'd like, tell me how you'd want yours to look and I'll put one together for Anchal Project to look at first, no cost.

Would love any feedback either way. Have a great day!

Best regards,
Ethan

---
c/o IP-Management #8850
Ludwig-Erhard-Straße 18
20459 Hamburg
Deutschland
Don't want to hear from me again? Just reply and let me know."
Linoto,support@linoto.com,USA · Bedding (Linen Sheets),"Linen bed sheets, duvet covers, napkins",https://linoto.com,@linotodotcom,quick idea for Linoto,"Hi there,

I came across Linoto — your Linen bed sheets, duvet covers, napkins lineup looks great, and I noticed there's no video anywhere on your site or ads yet.

My name is Ethan and I'm writing with a collaboration idea.

I noticed an opportunity to boost sales through motion design, which has a proven impact on brand perception — 63% of people worldwide say they prefer watching a short video about a product before buying it.

I specialize in turning existing product photos into high-converting 16:9 video ads (no filming needed) and I'd love to create one for Linoto.

Here are 3 sample videos so you can see the quality: https://drive.google.com/drive/folders/1QL-_djO9K9sW-ETXCa_t53SuwNP0bOzl?usp=sharing

If you're interested, I'd be happy to discuss details — and if you'd like, tell me how you'd want yours to look and I'll put one together for Linoto to look at first, no cost.

Would love any feedback either way. Have a great day!

Best regards,
Ethan

---
c/o IP-Management #8850
Ludwig-Erhard-Straße 18
20459 Hamburg
Deutschland
Don't want to hear from me again? Just reply and let me know."
Chloe & Olive,hello@chloeandolive.com,USA · Home Textiles (Throw Pillow Covers),"Designer throw pillow covers, sewn to order",https://www.chloeandolive.com,@chloeandolive,quick idea for Chloe & Olive,"Hi there,

I was looking at Chloe & Olive's site and noticed your Designer throw pillow covers, sewn to order are shown in photos only — no video anywhere yet.

My name is Ethan and I'm writing with a collaboration idea.

I noticed an opportunity to boost sales through motion design, which has a proven impact on brand perception — 63% of people worldwide say they prefer watching a short video about a product before buying it.

I specialize in turning existing product photos into high-converting 16:9 video ads (no filming needed) and I'd love to create one for Chloe & Olive.

Here are 3 sample videos so you can see the quality: https://drive.google.com/drive/folders/1QL-_djO9K9sW-ETXCa_t53SuwNP0bOzl?usp=sharing

If you're interested, I'd be happy to discuss details — and if you'd like, tell me how you'd want yours to look and I'll put one together for Chloe & Olive to look at first, no cost.

Would love any feedback either way. Have a great day!

Best regards,
Ethan

---
c/o IP-Management #8850
Ludwig-Erhard-Straße 18
20459 Hamburg
Deutschland
Don't want to hear from me again? Just reply and let me know."
YaYa & Co.,service@yayaandco.com,USA · Home Textiles (Pillows),Organic and recycled-material throw pillows,https://www.yayaandco.com,@yayaandco,quick idea for YaYa & Co.,"Hi there,

I came across YaYa & Co. and your Organic and recycled-material throw pillows really stood out — but I couldn't find a single video on the site or your Instagram.

My name is Ethan and I'm writing with a collaboration idea.

I noticed an opportunity to boost sales through motion design, which has a proven impact on brand perception — 63% of people worldwide say they prefer watching a short video about a product before buying it.

I specialize in turning existing product photos into high-converting 16:9 video ads (no filming needed) and I'd love to create one for YaYa & Co..

Here are 3 sample videos so you can see the quality: https://drive.google.com/drive/folders/1QL-_djO9K9sW-ETXCa_t53SuwNP0bOzl?usp=sharing

If you're interested, I'd be happy to discuss details — and if you'd like, tell me how you'd want yours to look and I'll put one together for YaYa & Co. to look at first, no cost.

Would love any feedback either way. Have a great day!

Best regards,
Ethan

---
c/o IP-Management #8850
Ludwig-Erhard-Straße 18
20459 Hamburg
Deutschland
Don't want to hear from me again? Just reply and let me know."
American Blanket Company,info@americanblanketcompany.com,"USA · Bedding & Bath (Blankets, Towels)","Made-in-USA cotton blankets, throws, bath towels",https://www.americanblanketcompany.com,@americanblanketcompany,quick idea for American Blanket Company,"Hi there,

I came across American Blanket Company and how clean your Made-in-USA cotton blankets, throws, bath towels photography looks — really caught my attention.

My name is Ethan and I'm writing with a collaboration idea.

I noticed an opportunity to boost sales through motion design, which has a proven impact on brand perception — 63% of people worldwide say they prefer watching a short video about a product before buying it.

I specialize in turning existing product photos into high-converting 16:9 video ads (no filming needed) and I'd love to create one for American Blanket Company.

Here are 3 sample videos so you can see the quality: https://drive.google.com/drive/folders/1QL-_djO9K9sW-ETXCa_t53SuwNP0bOzl?usp=sharing

If you're interested, I'd be happy to discuss details — and if you'd like, tell me how you'd want yours to look and I'll put one together for American Blanket Company to look at first, no cost.

Would love any feedback either way. Have a great day!

Best regards,
Ethan

---
c/o IP-Management #8850
Ludwig-Erhard-Straße 18
20459 Hamburg
Deutschland
Don't want to hear from me again? Just reply and let me know."
American Blossom Linens,support@americanblossomlinens.com,"USA · Bedding (Organic Cotton Sheets, Towels)","Organic cotton sheets, towels, duvet covers, blankets",https://americanblossomlinens.com,@americanblossomlinens,quick idea for American Blossom Linens,"Hi there,

I came across American Blossom Linens — your Organic cotton sheets, towels, duvet covers, blankets lineup looks great, and I noticed there's no video anywhere on your site or ads yet.

My name is Ethan and I'm writing with a collaboration idea.

I noticed an opportunity to boost sales through motion design, which has a proven impact on brand perception — 63% of people worldwide say they prefer watching a short video about a product before buying it.

I specialize in turning existing product photos into high-converting 16:9 video ads (no filming needed) and I'd love to create one for American Blossom Linens.

Here are 3 sample videos so you can see the quality: https://drive.google.com/drive/folders/1QL-_djO9K9sW-ETXCa_t53SuwNP0bOzl?usp=sharing

If you're interested, I'd be happy to discuss details — and if you'd like, tell me how you'd want yours to look and I'll put one together for American Blossom Linens to look at first, no cost.

Would love any feedback either way. Have a great day!

Best regards,
Ethan

---
c/o IP-Management #8850
Ludwig-Erhard-Straße 18
20459 Hamburg
Deutschland
Don't want to hear from me again? Just reply and let me know."
Liz and Roo,hello@lizandroo.com,USA · Baby/Nursery Bedding,"Crib sheets, crib skirts, nursery bedding sets",https://www.lizandroo.com,@lizandroobaby,quick idea for Liz and Roo,"Hi there,

I was looking at Liz and Roo's site and noticed your Crib sheets, crib skirts, nursery bedding sets are shown in photos only — no video anywhere yet.

My name is Ethan and I'm writing with a collaboration idea.

I noticed an opportunity to boost sales through motion design, which has a proven impact on brand perception — 63% of people worldwide say they prefer watching a short video about a product before buying it.

I specialize in turning existing product photos into high-converting 16:9 video ads (no filming needed) and I'd love to create one for Liz and Roo.

Here are 3 sample videos so you can see the quality: https://drive.google.com/drive/folders/1QL-_djO9K9sW-ETXCa_t53SuwNP0bOzl?usp=sharing

If you're interested, I'd be happy to discuss details — and if you'd like, tell me how you'd want yours to look and I'll put one together for Liz and Roo to look at first, no cost.

Would love any feedback either way. Have a great day!

Best regards,
Ethan

---
c/o IP-Management #8850
Ludwig-Erhard-Straße 18
20459 Hamburg
Deutschland
Don't want to hear from me again? Just reply and let me know."
Winter Water Factory,contact@winterwaterfactory.com,USA · Kids Bedding (Crib Sheets),Organic cotton printed crib sheets and kids bedding,https://winterwaterfactory.com,@winterwaterfactory,quick idea for Winter Water Factory,"Hi there,

I came across Winter Water Factory and your Organic cotton printed crib sheets and kids bedding really stood out — but I couldn't find a single video on the site or your Instagram.

My name is Ethan and I'm writing with a collaboration idea.

I noticed an opportunity to boost sales through motion design, which has a proven impact on brand perception — 63% of people worldwide say they prefer watching a short video about a product before buying it.

I specialize in turning existing product photos into high-converting 16:9 video ads (no filming needed) and I'd love to create one for Winter Water Factory.

Here are 3 sample videos so you can see the quality: https://drive.google.com/drive/folders/1QL-_djO9K9sW-ETXCa_t53SuwNP0bOzl?usp=sharing

If you're interested, I'd be happy to discuss details — and if you'd like, tell me how you'd want yours to look and I'll put one together for Winter Water Factory to look at first, no cost.

Would love any feedback either way. Have a great day!

Best regards,
Ethan

---
c/o IP-Management #8850
Ludwig-Erhard-Straße 18
20459 Hamburg
Deutschland
Don't want to hear from me again? Just reply and let me know."
Linen Salvage,support@linensalvage.com,USA · Bedding (Vintage-Inspired Linens),"Small-batch vintage-inspired bed linens, made in USA",https://www.linensalvage.com,@linensalvage,quick idea for Linen Salvage,"Hi there,

I came across Linen Salvage and how clean your Small-batch vintage-inspired bed linens, made in USA photography looks — really caught my attention.

My name is Ethan and I'm writing with a collaboration idea.

I noticed an opportunity to boost sales through motion design, which has a proven impact on brand perception — 63% of people worldwide say they prefer watching a short video about a product before buying it.

I specialize in turning existing product photos into high-converting 16:9 video ads (no filming needed) and I'd love to create one for Linen Salvage.

Here are 3 sample videos so you can see the quality: https://drive.google.com/drive/folders/1QL-_djO9K9sW-ETXCa_t53SuwNP0bOzl?usp=sharing

If you're interested, I'd be happy to discuss details — and if you'd like, tell me how you'd want yours to look and I'll put one together for Linen Salvage to look at first, no cost.

Would love any feedback either way. Have a great day!

Best regards,
Ethan

---
c/o IP-Management #8850
Ludwig-Erhard-Straße 18
20459 Hamburg
Deutschland
Don't want to hear from me again? Just reply and let me know."
La'Hammam,hello@lahammam.com,USA · Bath & Beach Towels,Turkish hammam and beach towels,https://www.lahammam.com,@la_hammam,quick idea for La'Hammam,"Hi there,

I came across La'Hammam — your Turkish hammam and beach towels lineup looks great, and I noticed there's no video anywhere on your site or ads yet.

My name is Ethan and I'm writing with a collaboration idea.

I noticed an opportunity to boost sales through motion design, which has a proven impact on brand perception — 63% of people worldwide say they prefer watching a short video about a product before buying it.

I specialize in turning existing product photos into high-converting 16:9 video ads (no filming needed) and I'd love to create one for La'Hammam.

Here are 3 sample videos so you can see the quality: https://drive.google.com/drive/folders/1QL-_djO9K9sW-ETXCa_t53SuwNP0bOzl?usp=sharing

If you're interested, I'd be happy to discuss details — and if you'd like, tell me how you'd want yours to look and I'll put one together for La'Hammam to look at first, no cost.

Would love any feedback either way. Have a great day!

Best regards,
Ethan

---
c/o IP-Management #8850
Ludwig-Erhard-Straße 18
20459 Hamburg
Deutschland
Don't want to hear from me again? Just reply and let me know."
Hawkins New York,press@hawkinsnewyork.com,"USA · Home Textiles (Towels, Throws, Bedding)","Towels, throws, blankets, bedding",https://hawkinsnewyork.com,@hawkinsnewyork,quick idea for Hawkins New York,"Hi there,

I was looking at Hawkins New York's site and noticed your Towels, throws, blankets, bedding are shown in photos only — no video anywhere yet.

My name is Ethan and I'm writing with a collaboration idea.

I noticed an opportunity to boost sales through motion design, which has a proven impact on brand perception — 63% of people worldwide say they prefer watching a short video about a product before buying it.

I specialize in turning existing product photos into high-converting 16:9 video ads (no filming needed) and I'd love to create one for Hawkins New York.

Here are 3 sample videos so you can see the quality: https://drive.google.com/drive/folders/1QL-_djO9K9sW-ETXCa_t53SuwNP0bOzl?usp=sharing

If you're interested, I'd be happy to discuss details — and if you'd like, tell me how you'd want yours to look and I'll put one together for Hawkins New York to look at first, no cost.

Would love any feedback either way. Have a great day!

Best regards,
Ethan

---
c/o IP-Management #8850
Ludwig-Erhard-Straße 18
20459 Hamburg
Deutschland
Don't want to hear from me again? Just reply and let me know."
Pom Pom at Home,contact@pompomathome.com,"USA · Bedding (Quilts, Throw Pillows, Blankets)","Bedding, quilts, throw pillows, blankets",https://www.pompomathome.com,@pompomathome,quick idea for Pom Pom at Home,"Hi there,

I came across Pom Pom at Home and your Bedding, quilts, throw pillows, blankets really stood out — but I couldn't find a single video on the site or your Instagram.

My name is Ethan and I'm writing with a collaboration idea.

I noticed an opportunity to boost sales through motion design, which has a proven impact on brand perception — 63% of people worldwide say they prefer watching a short video about a product before buying it.

I specialize in turning existing product photos into high-converting 16:9 video ads (no filming needed) and I'd love to create one for Pom Pom at Home.

Here are 3 sample videos so you can see the quality: https://drive.google.com/drive/folders/1QL-_djO9K9sW-ETXCa_t53SuwNP0bOzl?usp=sharing

If you're interested, I'd be happy to discuss details — and if you'd like, tell me how you'd want yours to look and I'll put one together for Pom Pom at Home to look at first, no cost.

Would love any feedback either way. Have a great day!

Best regards,
Ethan

---
c/o IP-Management #8850
Ludwig-Erhard-Straße 18
20459 Hamburg
Deutschland
Don't want to hear from me again? Just reply and let me know."
Lone Peak Packs,info@lonepeakpacks.com,"USA · Seattle, Washington","Bike panniers, e-bike bags",https://lonepeakpacks.com/,@lonepeak1979,quick idea for Lone Peak Packs,"Hi there,

I came across Lone Peak Packs and how clean your Bike panniers, e-bike bags photography looks — really caught my attention.

My name is Ethan and I'm writing with a collaboration idea.

I noticed an opportunity to boost sales through motion design, which has a proven impact on brand perception — 63% of people worldwide say they prefer watching a short video about a product before buying it.

I specialize in turning existing product photos into high-converting 16:9 video ads (no filming needed) and I'd love to create one for Lone Peak Packs.

Here are 3 sample videos so you can see the quality: https://drive.google.com/drive/folders/1QL-_djO9K9sW-ETXCa_t53SuwNP0bOzl?usp=sharing

If you're interested, I'd be happy to discuss details — and if you'd like, tell me how you'd want yours to look and I'll put one together for Lone Peak Packs to look at first, no cost.

Would love any feedback either way. Have a great day!

Best regards,
Ethan

---
c/o IP-Management #8850
Ludwig-Erhard-Straße 18
20459 Hamburg
Deutschland
Don't want to hear from me again? Just reply and let me know."
Oveja Negra Threadworks,info@ovejanegrathreadworks.com,"USA · Salida, Colorado",Bikepacking bags,https://www.ovejanegrabikepacking.com/,@ovejanegrabikepacking,quick idea for Oveja Negra Threadworks,"Hi there,

I came across Oveja Negra Threadworks — your Bikepacking bags lineup looks great, and I noticed there's no video anywhere on your site or ads yet.

My name is Ethan and I'm writing with a collaboration idea.

I noticed an opportunity to boost sales through motion design, which has a proven impact on brand perception — 63% of people worldwide say they prefer watching a short video about a product before buying it.

I specialize in turning existing product photos into high-converting 16:9 video ads (no filming needed) and I'd love to create one for Oveja Negra Threadworks.

Here are 3 sample videos so you can see the quality: https://drive.google.com/drive/folders/1QL-_djO9K9sW-ETXCa_t53SuwNP0bOzl?usp=sharing

If you're interested, I'd be happy to discuss details — and if you'd like, tell me how you'd want yours to look and I'll put one together for Oveja Negra Threadworks to look at first, no cost.

Would love any feedback either way. Have a great day!

Best regards,
Ethan

---
c/o IP-Management #8850
Ludwig-Erhard-Straße 18
20459 Hamburg
Deutschland
Don't want to hear from me again? Just reply and let me know."
Rockgeist,bikepack@rockgeist.com,"USA · Asheville, North Carolina",Bikepacking bags,https://www.rockgeist.com/,@rockgeist,quick idea for Rockgeist,"Hi there,

I was looking at Rockgeist's site and noticed your Bikepacking bags are shown in photos only — no video anywhere yet.

My name is Ethan and I'm writing with a collaboration idea.

I noticed an opportunity to boost sales through motion design, which has a proven impact on brand perception — 63% of people worldwide say they prefer watching a short video about a product before buying it.

I specialize in turning existing product photos into high-converting 16:9 video ads (no filming needed) and I'd love to create one for Rockgeist.

Here are 3 sample videos so you can see the quality: https://drive.google.com/drive/folders/1QL-_djO9K9sW-ETXCa_t53SuwNP0bOzl?usp=sharing

If you're interested, I'd be happy to discuss details — and if you'd like, tell me how you'd want yours to look and I'll put one together for Rockgeist to look at first, no cost.

Would love any feedback either way. Have a great day!

Best regards,
Ethan

---
c/o IP-Management #8850
Ludwig-Erhard-Straße 18
20459 Hamburg
Deutschland
Don't want to hear from me again? Just reply and let me know."
Spurcycle,info@spurcycle.com,"USA · Bend, Oregon",Bike bells,https://www.spurcycle.com/,@spurcycle,quick idea for Spurcycle,"Hi there,

I came across Spurcycle and your Bike bells really stood out — but I couldn't find a single video on the site or your Instagram.

My name is Ethan and I'm writing with a collaboration idea.

I noticed an opportunity to boost sales through motion design, which has a proven impact on brand perception — 63% of people worldwide say they prefer watching a short video about a product before buying it.

I specialize in turning existing product photos into high-converting 16:9 video ads (no filming needed) and I'd love to create one for Spurcycle.

Here are 3 sample videos so you can see the quality: https://drive.google.com/drive/folders/1QL-_djO9K9sW-ETXCa_t53SuwNP0bOzl?usp=sharing

If you're interested, I'd be happy to discuss details — and if you'd like, tell me how you'd want yours to look and I'll put one together for Spurcycle to look at first, no cost.

Would love any feedback either way. Have a great day!

Best regards,
Ethan

---
c/o IP-Management #8850
Ludwig-Erhard-Straße 18
20459 Hamburg
Deutschland
Don't want to hear from me again? Just reply and let me know."
Twin Six,service@twinsix.com,"USA · Hopkins, Minnesota",Cycling apparel,https://www.twinsix.com/,@twinsix,quick idea for Twin Six,"Hi there,

I came across Twin Six and how clean your Cycling apparel photography looks — really caught my attention.

My name is Ethan and I'm writing with a collaboration idea.

I noticed an opportunity to boost sales through motion design, which has a proven impact on brand perception — 63% of people worldwide say they prefer watching a short video about a product before buying it.

I specialize in turning existing product photos into high-converting 16:9 video ads (no filming needed) and I'd love to create one for Twin Six.

Here are 3 sample videos so you can see the quality: https://drive.google.com/drive/folders/1QL-_djO9K9sW-ETXCa_t53SuwNP0bOzl?usp=sharing

If you're interested, I'd be happy to discuss details — and if you'd like, tell me how you'd want yours to look and I'll put one together for Twin Six to look at first, no cost.

Would love any feedback either way. Have a great day!

Best regards,
Ethan

---
c/o IP-Management #8850
Ludwig-Erhard-Straße 18
20459 Hamburg
Deutschland
Don't want to hear from me again? Just reply and let me know."
Randi Jo Fabrications,info@randijofab.com,"USA · Elkton, Oregon","Waxed-canvas stem bags, cycling soft goods",https://randijofab.com/,@randijofab,quick idea for Randi Jo Fabrications,"Hi there,

I came across Randi Jo Fabrications — your Waxed-canvas stem bags, cycling soft goods lineup looks great, and I noticed there's no video anywhere on your site or ads yet.

My name is Ethan and I'm writing with a collaboration idea.

I noticed an opportunity to boost sales through motion design, which has a proven impact on brand perception — 63% of people worldwide say they prefer watching a short video about a product before buying it.

I specialize in turning existing product photos into high-converting 16:9 video ads (no filming needed) and I'd love to create one for Randi Jo Fabrications.

Here are 3 sample videos so you can see the quality: https://drive.google.com/drive/folders/1QL-_djO9K9sW-ETXCa_t53SuwNP0bOzl?usp=sharing

If you're interested, I'd be happy to discuss details — and if you'd like, tell me how you'd want yours to look and I'll put one together for Randi Jo Fabrications to look at first, no cost.

Would love any feedback either way. Have a great day!

Best regards,
Ethan

---
c/o IP-Management #8850
Ludwig-Erhard-Straße 18
20459 Hamburg
Deutschland
Don't want to hear from me again? Just reply and let me know."
Search and State,info@searchandstate.com,"USA · New York, New York",Cycling apparel (made in NYC),https://searchandstate.com/,@searchandstate,quick idea for Search and State,"Hi there,

I was looking at Search and State's site and noticed your Cycling apparel are shown in photos only — no video anywhere yet.

My name is Ethan and I'm writing with a collaboration idea.

I noticed an opportunity to boost sales through motion design, which has a proven impact on brand perception — 63% of people worldwide say they prefer watching a short video about a product before buying it.

I specialize in turning existing product photos into high-converting 16:9 video ads (no filming needed) and I'd love to create one for Search and State.

Here are 3 sample videos so you can see the quality: https://drive.google.com/drive/folders/1QL-_djO9K9sW-ETXCa_t53SuwNP0bOzl?usp=sharing

If you're interested, I'd be happy to discuss details — and if you'd like, tell me how you'd want yours to look and I'll put one together for Search and State to look at first, no cost.

Would love any feedback either way. Have a great day!

Best regards,
Ethan

---
c/o IP-Management #8850
Ludwig-Erhard-Straße 18
20459 Hamburg
Deutschland
Don't want to hear from me again? Just reply and let me know."
ESI Grips,support@esigrips.com,"USA · Chino Valley, Arizona",Silicone bike grips,https://esigrips.com/,@esigrips,quick idea for ESI Grips,"Hi there,

I came across ESI Grips and your Silicone bike grips really stood out — but I couldn't find a single video on the site or your Instagram.

My name is Ethan and I'm writing with a collaboration idea.

I noticed an opportunity to boost sales through motion design, which has a proven impact on brand perception — 63% of people worldwide say they prefer watching a short video about a product before buying it.

I specialize in turning existing product photos into high-converting 16:9 video ads (no filming needed) and I'd love to create one for ESI Grips.

Here are 3 sample videos so you can see the quality: https://drive.google.com/drive/folders/1QL-_djO9K9sW-ETXCa_t53SuwNP0bOzl?usp=sharing

If you're interested, I'd be happy to discuss details — and if you'd like, tell me how you'd want yours to look and I'll put one together for ESI Grips to look at first, no cost.

Would love any feedback either way. Have a great day!

Best regards,
Ethan

---
c/o IP-Management #8850
Ludwig-Erhard-Straße 18
20459 Hamburg
Deutschland
Don't want to hear from me again? Just reply and let me know."
Moon Juice,hi@moonjuice.com,"USA · Los Angeles, CA","Adaptogenic supplement powders & capsules (magnesium, beauty/wellness blends)",https://moonjuice.com,@moonjuice,quick idea for Moon Juice,"Hi there,

I came across Moon Juice and how clean your Adaptogenic supplement powders & capsules photography looks — really caught my attention.

My name is Ethan and I'm writing with a collaboration idea.

I noticed an opportunity to boost sales through motion design, which has a proven impact on brand perception — 63% of people worldwide say they prefer watching a short video about a product before buying it.

I specialize in turning existing product photos into high-converting 16:9 video ads (no filming needed) and I'd love to create one for Moon Juice.

Here are 3 sample videos so you can see the quality: https://drive.google.com/drive/folders/1QL-_djO9K9sW-ETXCa_t53SuwNP0bOzl?usp=sharing

If you're interested, I'd be happy to discuss details — and if you'd like, tell me how you'd want yours to look and I'll put one together for Moon Juice to look at first, no cost.

Would love any feedback either way. Have a great day!

Best regards,
Ethan

---
c/o IP-Management #8850
Ludwig-Erhard-Straße 18
20459 Hamburg
Deutschland
Don't want to hear from me again? Just reply and let me know."
Fermensch Kombucha,sales@fermensch.com,"USA · Huntington Beach, CA",Functional beverage (probiotic kombucha),https://fermensch.com,@fermensch.kombucha,quick idea for Fermensch Kombucha,"Hi there,

I came across Fermensch Kombucha — your Functional beverage lineup looks great, and I noticed there's no video anywhere on your site or ads yet.

My name is Ethan and I'm writing with a collaboration idea.

I noticed an opportunity to boost sales through motion design, which has a proven impact on brand perception — 63% of people worldwide say they prefer watching a short video about a product before buying it.

I specialize in turning existing product photos into high-converting 16:9 video ads (no filming needed) and I'd love to create one for Fermensch Kombucha.

Here are 3 sample videos so you can see the quality: https://drive.google.com/drive/folders/1QL-_djO9K9sW-ETXCa_t53SuwNP0bOzl?usp=sharing

If you're interested, I'd be happy to discuss details — and if you'd like, tell me how you'd want yours to look and I'll put one together for Fermensch Kombucha to look at first, no cost.

Would love any feedback either way. Have a great day!

Best regards,
Ethan

---
c/o IP-Management #8850
Ludwig-Erhard-Straße 18
20459 Hamburg
Deutschland
Don't want to hear from me again? Just reply and let me know."
Lovebug Probiotics,hello@lovebug.com,"USA · New York, NY",Probiotic supplements (family/women's gut health),https://lovebug.com,@lovebugpro,quick idea for Lovebug Probiotics,"Hi there,

I was looking at Lovebug Probiotics's site and noticed your Probiotic supplements are shown in photos only — no video anywhere yet.

My name is Ethan and I'm writing with a collaboration idea.

I noticed an opportunity to boost sales through motion design, which has a proven impact on brand perception — 63% of people worldwide say they prefer watching a short video about a product before buying it.

I specialize in turning existing product photos into high-converting 16:9 video ads (no filming needed) and I'd love to create one for Lovebug Probiotics.

Here are 3 sample videos so you can see the quality: https://drive.google.com/drive/folders/1QL-_djO9K9sW-ETXCa_t53SuwNP0bOzl?usp=sharing

If you're interested, I'd be happy to discuss details — and if you'd like, tell me how you'd want yours to look and I'll put one together for Lovebug Probiotics to look at first, no cost.

Would love any feedback either way. Have a great day!

Best regards,
Ethan

---
c/o IP-Management #8850
Ludwig-Erhard-Straße 18
20459 Hamburg
Deutschland
Don't want to hear from me again? Just reply and let me know."
Pink Stork,cs@pinkstork.com,"USA · Saint Augustine, FL","Women's wellness supplements (fertility, pregnancy, postpartum)",https://pinkstork.com,@pinkstork,quick idea for Pink Stork,"Hi there,

I came across Pink Stork and your Women's wellness supplements really stood out — but I couldn't find a single video on the site or your Instagram.

My name is Ethan and I'm writing with a collaboration idea.

I noticed an opportunity to boost sales through motion design, which has a proven impact on brand perception — 63% of people worldwide say they prefer watching a short video about a product before buying it.

I specialize in turning existing product photos into high-converting 16:9 video ads (no filming needed) and I'd love to create one for Pink Stork.

Here are 3 sample videos so you can see the quality: https://drive.google.com/drive/folders/1QL-_djO9K9sW-ETXCa_t53SuwNP0bOzl?usp=sharing

If you're interested, I'd be happy to discuss details — and if you'd like, tell me how you'd want yours to look and I'll put one together for Pink Stork to look at first, no cost.

Would love any feedback either way. Have a great day!

Best regards,
Ethan

---
c/o IP-Management #8850
Ludwig-Erhard-Straße 18
20459 Hamburg
Deutschland
Don't want to hear from me again? Just reply and let me know."
Crockett Coffee,hello@crockettcoffee.com,"USA · Nashville, TN",Functional mushroom coffee blend,https://crockettcoffee.com,@crockettcoffee,quick idea for Crockett Coffee,"Hi there,

I came across Crockett Coffee and how clean your Functional mushroom coffee blend photography looks — really caught my attention.

My name is Ethan and I'm writing with a collaboration idea.

I noticed an opportunity to boost sales through motion design, which has a proven impact on brand perception — 63% of people worldwide say they prefer watching a short video about a product before buying it.

I specialize in turning existing product photos into high-converting 16:9 video ads (no filming needed) and I'd love to create one for Crockett Coffee.

Here are 3 sample videos so you can see the quality: https://drive.google.com/drive/folders/1QL-_djO9K9sW-ETXCa_t53SuwNP0bOzl?usp=sharing

If you're interested, I'd be happy to discuss details — and if you'd like, tell me how you'd want yours to look and I'll put one together for Crockett Coffee to look at first, no cost.

Would love any feedback either way. Have a great day!

Best regards,
Ethan

---
c/o IP-Management #8850
Ludwig-Erhard-Straße 18
20459 Hamburg
Deutschland
Don't want to hear from me again? Just reply and let me know."
Cure Hydration,hi@curehydration.com,"USA · New York, NY",Functional electrolyte/hydration drink mix,https://curehydration.com,@cure,quick idea for Cure Hydration,"Hi there,

I came across Cure Hydration — your Functional electrolyte/hydration drink mix lineup looks great, and I noticed there's no video anywhere on your site or ads yet.

My name is Ethan and I'm writing with a collaboration idea.

I noticed an opportunity to boost sales through motion design, which has a proven impact on brand perception — 63% of people worldwide say they prefer watching a short video about a product before buying it.

I specialize in turning existing product photos into high-converting 16:9 video ads (no filming needed) and I'd love to create one for Cure Hydration.

Here are 3 sample videos so you can see the quality: https://drive.google.com/drive/folders/1QL-_djO9K9sW-ETXCa_t53SuwNP0bOzl?usp=sharing

If you're interested, I'd be happy to discuss details — and if you'd like, tell me how you'd want yours to look and I'll put one together for Cure Hydration to look at first, no cost.

Would love any feedback either way. Have a great day!

Best regards,
Ethan

---
c/o IP-Management #8850
Ludwig-Erhard-Straße 18
20459 Hamburg
Deutschland
Don't want to hear from me again? Just reply and let me know."
Swolverine,info@swolverine.com,"USA · Reno, NV",Protein powder & sports nutrition supplements,https://swolverine.com,@swolverine,quick idea for Swolverine,"Hi there,

I was looking at Swolverine's site and noticed your Protein powder & sports nutrition supplements are shown in photos only — no video anywhere yet.

My name is Ethan and I'm writing with a collaboration idea.

I noticed an opportunity to boost sales through motion design, which has a proven impact on brand perception — 63% of people worldwide say they prefer watching a short video about a product before buying it.

I specialize in turning existing product photos into high-converting 16:9 video ads (no filming needed) and I'd love to create one for Swolverine.

Here are 3 sample videos so you can see the quality: https://drive.google.com/drive/folders/1QL-_djO9K9sW-ETXCa_t53SuwNP0bOzl?usp=sharing

If you're interested, I'd be happy to discuss details — and if you'd like, tell me how you'd want yours to look and I'll put one together for Swolverine to look at first, no cost.

Would love any feedback either way. Have a great day!

Best regards,
Ethan

---
c/o IP-Management #8850
Ludwig-Erhard-Straße 18
20459 Hamburg
Deutschland
Don't want to hear from me again? Just reply and let me know."
BOND,hi@bond.life,USA · nationwide D2C (retail via Whole Foods),Hormone-balance & reproductive health supplements,https://bond.life,@_bondlife,quick idea for BOND,"Hi there,

I came across BOND and your Hormone-balance & reproductive health supplements really stood out — but I couldn't find a single video on the site or your Instagram.

My name is Ethan and I'm writing with a collaboration idea.

I noticed an opportunity to boost sales through motion design, which has a proven impact on brand perception — 63% of people worldwide say they prefer watching a short video about a product before buying it.

I specialize in turning existing product photos into high-converting 16:9 video ads (no filming needed) and I'd love to create one for BOND.

Here are 3 sample videos so you can see the quality: https://drive.google.com/drive/folders/1QL-_djO9K9sW-ETXCa_t53SuwNP0bOzl?usp=sharing

If you're interested, I'd be happy to discuss details — and if you'd like, tell me how you'd want yours to look and I'll put one together for BOND to look at first, no cost.

Would love any feedback either way. Have a great day!

Best regards,
Ethan

---
c/o IP-Management #8850
Ludwig-Erhard-Straße 18
20459 Hamburg
Deutschland
Don't want to hear from me again? Just reply and let me know."
Double Wood Supplements,hello@doublewoodsupplements.com,"USA · Sharon Hill, PA","Capsule supplements (magnesium, TUDCA, berberine, nootropics)",https://doublewoodsupplements.com,@supplementsdw,quick idea for Double Wood Supplements,"Hi there,

I came across Double Wood Supplements and how clean your Capsule supplements photography looks — really caught my attention.

My name is Ethan and I'm writing with a collaboration idea.

I noticed an opportunity to boost sales through motion design, which has a proven impact on brand perception — 63% of people worldwide say they prefer watching a short video about a product before buying it.

I specialize in turning existing product photos into high-converting 16:9 video ads (no filming needed) and I'd love to create one for Double Wood Supplements.

Here are 3 sample videos so you can see the quality: https://drive.google.com/drive/folders/1QL-_djO9K9sW-ETXCa_t53SuwNP0bOzl?usp=sharing

If you're interested, I'd be happy to discuss details — and if you'd like, tell me how you'd want yours to look and I'll put one together for Double Wood Supplements to look at first, no cost.

Would love any feedback either way. Have a great day!

Best regards,
Ethan

---
c/o IP-Management #8850
Ludwig-Erhard-Straße 18
20459 Hamburg
Deutschland
Don't want to hear from me again? Just reply and let me know."
The Elderberry Co.,info@theelderberryco.com,"USA · New Albany, IN",Elderberry immune-support supplements & syrups,https://theelderberryco.com,@theelderberryco,quick idea for The Elderberry Co.,"Hi there,

I came across The Elderberry Co. — your Elderberry immune-support supplements & syrups lineup looks great, and I noticed there's no video anywhere on your site or ads yet.

My name is Ethan and I'm writing with a collaboration idea.

I noticed an opportunity to boost sales through motion design, which has a proven impact on brand perception — 63% of people worldwide say they prefer watching a short video about a product before buying it.

I specialize in turning existing product photos into high-converting 16:9 video ads (no filming needed) and I'd love to create one for The Elderberry Co..

Here are 3 sample videos so you can see the quality: https://drive.google.com/drive/folders/1QL-_djO9K9sW-ETXCa_t53SuwNP0bOzl?usp=sharing

If you're interested, I'd be happy to discuss details — and if you'd like, tell me how you'd want yours to look and I'll put one together for The Elderberry Co. to look at first, no cost.

Would love any feedback either way. Have a great day!

Best regards,
Ethan

---
c/o IP-Management #8850
Ludwig-Erhard-Straße 18
20459 Hamburg
Deutschland
Don't want to hear from me again? Just reply and let me know."
Needed,hello@thisisneeded.com,USA · nationwide D2C,Prenatal / women's health supplements,https://thisisneeded.com,@needed,quick idea for Needed,"Hi there,

I was looking at Needed's site and noticed your Prenatal / women's health supplements are shown in photos only — no video anywhere yet.

My name is Ethan and I'm writing with a collaboration idea.

I noticed an opportunity to boost sales through motion design, which has a proven impact on brand perception — 63% of people worldwide say they prefer watching a short video about a product before buying it.

I specialize in turning existing product photos into high-converting 16:9 video ads (no filming needed) and I'd love to create one for Needed.

Here are 3 sample videos so you can see the quality: https://drive.google.com/drive/folders/1QL-_djO9K9sW-ETXCa_t53SuwNP0bOzl?usp=sharing

If you're interested, I'd be happy to discuss details — and if you'd like, tell me how you'd want yours to look and I'll put one together for Needed to look at first, no cost.

Would love any feedback either way. Have a great day!

Best regards,
Ethan

---
c/o IP-Management #8850
Ludwig-Erhard-Straße 18
20459 Hamburg
Deutschland
Don't want to hear from me again? Just reply and let me know."
Hydrant,hello@drinkhydrant.com,"USA · New York, NY",Electrolyte/hydration powder mix,https://drinkhydrant.com,@drinkhydrant,quick idea for Hydrant,"Hi there,

I came across Hydrant and your Electrolyte/hydration powder mix really stood out — but I couldn't find a single video on the site or your Instagram.

My name is Ethan and I'm writing with a collaboration idea.

I noticed an opportunity to boost sales through motion design, which has a proven impact on brand perception — 63% of people worldwide say they prefer watching a short video about a product before buying it.

I specialize in turning existing product photos into high-converting 16:9 video ads (no filming needed) and I'd love to create one for Hydrant.

Here are 3 sample videos so you can see the quality: https://drive.google.com/drive/folders/1QL-_djO9K9sW-ETXCa_t53SuwNP0bOzl?usp=sharing

If you're interested, I'd be happy to discuss details — and if you'd like, tell me how you'd want yours to look and I'll put one together for Hydrant to look at first, no cost.

Would love any feedback either way. Have a great day!

Best regards,
Ethan

---
c/o IP-Management #8850
Ludwig-Erhard-Straße 18
20459 Hamburg
Deutschland
Don't want to hear from me again? Just reply and let me know."
TruWild,info@truwild.com,"USA · San Diego, CA","Adaptogen, greens & pre-workout supplements",https://truwild.com,@tru_wild,quick idea for TruWild,"Hi there,

I came across TruWild and how clean your Adaptogen, greens & pre-workout supplements photography looks — really caught my attention.

My name is Ethan and I'm writing with a collaboration idea.

I noticed an opportunity to boost sales through motion design, which has a proven impact on brand perception — 63% of people worldwide say they prefer watching a short video about a product before buying it.

I specialize in turning existing product photos into high-converting 16:9 video ads (no filming needed) and I'd love to create one for TruWild.

Here are 3 sample videos so you can see the quality: https://drive.google.com/drive/folders/1QL-_djO9K9sW-ETXCa_t53SuwNP0bOzl?usp=sharing

If you're interested, I'd be happy to discuss details — and if you'd like, tell me how you'd want yours to look and I'll put one together for TruWild to look at first, no cost.

Would love any feedback either way. Have a great day!

Best regards,
Ethan

---
c/o IP-Management #8850
Ludwig-Erhard-Straße 18
20459 Hamburg
Deutschland
Don't want to hear from me again? Just reply and let me know."
Custom Slipmats Ltd,shane@customslipmats.co.uk,UK · unbekannt (Ltd registriert England),Vinyl-Zubehör (Custom-Slipmats),https://customslipmats.co.uk/,@custom_slipmats_uk,quick idea for Custom Slipmats Ltd,"Hi there,

I came across Custom Slipmats Ltd — your Vinyl-Zubehör lineup looks great, and I noticed there's no video anywhere on your site or ads yet.

My name is Ethan and I'm writing with a collaboration idea.

I noticed an opportunity to boost sales through motion design, which has a proven impact on brand perception — 63% of people worldwide say they prefer watching a short video about a product before buying it.

I specialize in turning existing product photos into high-converting 16:9 video ads (no filming needed) and I'd love to create one for Custom Slipmats Ltd.

Here are 3 sample videos so you can see the quality: https://drive.google.com/drive/folders/1QL-_djO9K9sW-ETXCa_t53SuwNP0bOzl?usp=sharing

If you're interested, I'd be happy to discuss details — and if you'd like, tell me how you'd want yours to look and I'll put one together for Custom Slipmats Ltd to look at first, no cost.

Would love any feedback either way. Have a great day!

Best regards,
Ethan

---
c/o IP-Management #8850
Ludwig-Erhard-Straße 18
20459 Hamburg
Deutschland
Don't want to hear from me again? Just reply and let me know."
Chronology,info@chronologystore.co.uk,UK · North Yorkshire (Richmond),"Vinyl-Zubehör (Plattenspieler-Möbel, Storage)",https://chronologystore.co.uk/,@chronologystore,quick idea for Chronology,"Hi there,

I was looking at Chronology's site and noticed your Vinyl-Zubehör are shown in photos only — no video anywhere yet.

My name is Ethan and I'm writing with a collaboration idea.

I noticed an opportunity to boost sales through motion design, which has a proven impact on brand perception — 63% of people worldwide say they prefer watching a short video about a product before buying it.

I specialize in turning existing product photos into high-converting 16:9 video ads (no filming needed) and I'd love to create one for Chronology.

Here are 3 sample videos so you can see the quality: https://drive.google.com/drive/folders/1QL-_djO9K9sW-ETXCa_t53SuwNP0bOzl?usp=sharing

If you're interested, I'd be happy to discuss details — and if you'd like, tell me how you'd want yours to look and I'll put one together for Chronology to look at first, no cost.

Would love any feedback either way. Have a great day!

Best regards,
Ethan

---
c/o IP-Management #8850
Ludwig-Erhard-Straße 18
20459 Hamburg
Deutschland
Don't want to hear from me again? Just reply and let me know."
Prints of Thieves,hello@printsofthieves.co.uk,"UK · Leeds, West Yorkshire","Musik-Poster/Prints (Screenprint, Gig Posters)",https://www.printsofthieves.co.uk/,@printsofthieves,quick idea for Prints of Thieves,"Hi there,

I came across Prints of Thieves and your Musik-Poster/Prints really stood out — but I couldn't find a single video on the site or your Instagram.

My name is Ethan and I'm writing with a collaboration idea.

I noticed an opportunity to boost sales through motion design, which has a proven impact on brand perception — 63% of people worldwide say they prefer watching a short video about a product before buying it.

I specialize in turning existing product photos into high-converting 16:9 video ads (no filming needed) and I'd love to create one for Prints of Thieves.

Here are 3 sample videos so you can see the quality: https://drive.google.com/drive/folders/1QL-_djO9K9sW-ETXCa_t53SuwNP0bOzl?usp=sharing

If you're interested, I'd be happy to discuss details — and if you'd like, tell me how you'd want yours to look and I'll put one together for Prints of Thieves to look at first, no cost.

Would love any feedback either way. Have a great day!

Best regards,
Ethan

---
c/o IP-Management #8850
Ludwig-Erhard-Straße 18
20459 Hamburg
Deutschland
Don't want to hear from me again? Just reply and let me know."
Paradiso Clothing,hello@paradisoclothing.com,"UK · Wallasey, Merseyside",Band-Merch (Rock/Alternative Bekleidung),https://www.paradisoclothing.com/,@paradiso_clothing,quick idea for Paradiso Clothing,"Hi there,

I came across Paradiso Clothing and how clean your Band-Merch photography looks — really caught my attention.

My name is Ethan and I'm writing with a collaboration idea.

I noticed an opportunity to boost sales through motion design, which has a proven impact on brand perception — 63% of people worldwide say they prefer watching a short video about a product before buying it.

I specialize in turning existing product photos into high-converting 16:9 video ads (no filming needed) and I'd love to create one for Paradiso Clothing.

Here are 3 sample videos so you can see the quality: https://drive.google.com/drive/folders/1QL-_djO9K9sW-ETXCa_t53SuwNP0bOzl?usp=sharing

If you're interested, I'd be happy to discuss details — and if you'd like, tell me how you'd want yours to look and I'll put one together for Paradiso Clothing to look at first, no cost.

Would love any feedback either way. Have a great day!

Best regards,
Ethan

---
c/o IP-Management #8850
Ludwig-Erhard-Straße 18
20459 Hamburg
Deutschland
Don't want to hear from me again? Just reply and let me know."
Striped Circle,info@stripedcircle.com,UK · unbekannt (family-run print studio),Musik-Poster/Prints (Wall Art),https://stripedcircle.com/,@stripedcircle,quick idea for Striped Circle,"Hi there,

I came across Striped Circle — your Musik-Poster/Prints lineup looks great, and I noticed there's no video anywhere on your site or ads yet.

My name is Ethan and I'm writing with a collaboration idea.

I noticed an opportunity to boost sales through motion design, which has a proven impact on brand perception — 63% of people worldwide say they prefer watching a short video about a product before buying it.

I specialize in turning existing product photos into high-converting 16:9 video ads (no filming needed) and I'd love to create one for Striped Circle.

Here are 3 sample videos so you can see the quality: https://drive.google.com/drive/folders/1QL-_djO9K9sW-ETXCa_t53SuwNP0bOzl?usp=sharing

If you're interested, I'd be happy to discuss details — and if you'd like, tell me how you'd want yours to look and I'll put one together for Striped Circle to look at first, no cost.

Would love any feedback either way. Have a great day!

Best regards,
Ethan

---
c/o IP-Management #8850
Ludwig-Erhard-Straße 18
20459 Hamburg
Deutschland
Don't want to hear from me again? Just reply and let me know."
The Vinyl Wall,info@thevinylwall.com,UK · unbekannt,Vinyl-Zubehör (Plattenständer/Wandregale),https://thevinylwall.com/,@thevinylwall,quick idea for The Vinyl Wall,"Hi there,

I was looking at The Vinyl Wall's site and noticed your Vinyl-Zubehör are shown in photos only — no video anywhere yet.

My name is Ethan and I'm writing with a collaboration idea.

I noticed an opportunity to boost sales through motion design, which has a proven impact on brand perception — 63% of people worldwide say they prefer watching a short video about a product before buying it.

I specialize in turning existing product photos into high-converting 16:9 video ads (no filming needed) and I'd love to create one for The Vinyl Wall.

Here are 3 sample videos so you can see the quality: https://drive.google.com/drive/folders/1QL-_djO9K9sW-ETXCa_t53SuwNP0bOzl?usp=sharing

If you're interested, I'd be happy to discuss details — and if you'd like, tell me how you'd want yours to look and I'll put one together for The Vinyl Wall to look at first, no cost.

Would love any feedback either way. Have a great day!

Best regards,
Ethan

---
c/o IP-Management #8850
Ludwig-Erhard-Straße 18
20459 Hamburg
Deutschland
Don't want to hear from me again? Just reply and let me know."
IDYD,info@idyd.co.uk,UK · unbekannt,Vinyl-Zubehör (Custom Slipmats),https://www.idyd.co.uk/,@idyd.co.uk,quick idea for IDYD,"Hi there,

I came across IDYD and your Vinyl-Zubehör really stood out — but I couldn't find a single video on the site or your Instagram.

My name is Ethan and I'm writing with a collaboration idea.

I noticed an opportunity to boost sales through motion design, which has a proven impact on brand perception — 63% of people worldwide say they prefer watching a short video about a product before buying it.

I specialize in turning existing product photos into high-converting 16:9 video ads (no filming needed) and I'd love to create one for IDYD.

Here are 3 sample videos so you can see the quality: https://drive.google.com/drive/folders/1QL-_djO9K9sW-ETXCa_t53SuwNP0bOzl?usp=sharing

If you're interested, I'd be happy to discuss details — and if you'd like, tell me how you'd want yours to look and I'll put one together for IDYD to look at first, no cost.

Would love any feedback either way. Have a great day!

Best regards,
Ethan

---
c/o IP-Management #8850
Ludwig-Erhard-Straße 18
20459 Hamburg
Deutschland
Don't want to hear from me again? Just reply and let me know."
Urban Editions,info@theurbaneditions.com,"UK · Bath, Somerset","Vinyl-Zubehör (Plattenständer, Media-/Vinyl-Storage-Möbel)",https://www.theurbaneditions.com/,@theurbaneditions,quick idea for Urban Editions,"Hi there,

I came across Urban Editions and how clean your Vinyl-Zubehör photography looks — really caught my attention.

My name is Ethan and I'm writing with a collaboration idea.

I noticed an opportunity to boost sales through motion design, which has a proven impact on brand perception — 63% of people worldwide say they prefer watching a short video about a product before buying it.

I specialize in turning existing product photos into high-converting 16:9 video ads (no filming needed) and I'd love to create one for Urban Editions.

Here are 3 sample videos so you can see the quality: https://drive.google.com/drive/folders/1QL-_djO9K9sW-ETXCa_t53SuwNP0bOzl?usp=sharing

If you're interested, I'd be happy to discuss details — and if you'd like, tell me how you'd want yours to look and I'll put one together for Urban Editions to look at first, no cost.

Would love any feedback either way. Have a great day!

Best regards,
Ethan

---
c/o IP-Management #8850
Ludwig-Erhard-Straße 18
20459 Hamburg
Deutschland
Don't want to hear from me again? Just reply and let me know."
Coming Soon,talk@comingsoonnewyork.com,"USA · New York, NY","furniture, mirrors, curated home decor",https://comingsoonnewyork.com/,@comingsoonny,quick idea for Coming Soon,"Hi there,

I came across Coming Soon — your furniture, mirrors, curated home decor lineup looks great, and I noticed there's no video anywhere on your site or ads yet.

My name is Ethan and I'm writing with a collaboration idea.

I noticed an opportunity to boost sales through motion design, which has a proven impact on brand perception — 63% of people worldwide say they prefer watching a short video about a product before buying it.

I specialize in turning existing product photos into high-converting 16:9 video ads (no filming needed) and I'd love to create one for Coming Soon.

Here are 3 sample videos so you can see the quality: https://drive.google.com/drive/folders/1QL-_djO9K9sW-ETXCa_t53SuwNP0bOzl?usp=sharing

If you're interested, I'd be happy to discuss details — and if you'd like, tell me how you'd want yours to look and I'll put one together for Coming Soon to look at first, no cost.

Would love any feedback either way. Have a great day!

Best regards,
Ethan

---
c/o IP-Management #8850
Ludwig-Erhard-Straße 18
20459 Hamburg
Deutschland
Don't want to hear from me again? Just reply and let me know."
Woodward Throwbacks,sales@woodwardthrowbacks.com,"USA · Hamtramck, MI (Detroit area)","furniture, reclaimed/vintage-inspired home decor",https://www.throwbackshome.com/,@woodwardthrowbacks,quick idea for Woodward Throwbacks,"Hi there,

I was looking at Woodward Throwbacks's site and noticed your furniture, reclaimed/vintage-inspired home decor are shown in photos only — no video anywhere yet.

My name is Ethan and I'm writing with a collaboration idea.

I noticed an opportunity to boost sales through motion design, which has a proven impact on brand perception — 63% of people worldwide say they prefer watching a short video about a product before buying it.

I specialize in turning existing product photos into high-converting 16:9 video ads (no filming needed) and I'd love to create one for Woodward Throwbacks.

Here are 3 sample videos so you can see the quality: https://drive.google.com/drive/folders/1QL-_djO9K9sW-ETXCa_t53SuwNP0bOzl?usp=sharing

If you're interested, I'd be happy to discuss details — and if you'd like, tell me how you'd want yours to look and I'll put one together for Woodward Throwbacks to look at first, no cost.

Would love any feedback either way. Have a great day!

Best regards,
Ethan

---
c/o IP-Management #8850
Ludwig-Erhard-Straße 18
20459 Hamburg
Deutschland
Don't want to hear from me again? Just reply and let me know."
Dear Keaton,hello@dearkeaton.com,USA · location not disclosed on site (ships nationwide),"furniture, mirrors, wall art, decor",https://www.dearkeaton.com/,@dearkeaton,quick idea for Dear Keaton,"Hi there,

I came across Dear Keaton and your furniture, mirrors, wall art, decor really stood out — but I couldn't find a single video on the site or your Instagram.

My name is Ethan and I'm writing with a collaboration idea.

I noticed an opportunity to boost sales through motion design, which has a proven impact on brand perception — 63% of people worldwide say they prefer watching a short video about a product before buying it.

I specialize in turning existing product photos into high-converting 16:9 video ads (no filming needed) and I'd love to create one for Dear Keaton.

Here are 3 sample videos so you can see the quality: https://drive.google.com/drive/folders/1QL-_djO9K9sW-ETXCa_t53SuwNP0bOzl?usp=sharing

If you're interested, I'd be happy to discuss details — and if you'd like, tell me how you'd want yours to look and I'll put one together for Dear Keaton to look at first, no cost.

Would love any feedback either way. Have a great day!

Best regards,
Ethan

---
c/o IP-Management #8850
Ludwig-Erhard-Straße 18
20459 Hamburg
Deutschland
Don't want to hear from me again? Just reply and let me know."
House of Leon,Hello@HouseofLeon.com,"USA · Los Angeles, CA","furniture, mirrors, vases, decor",https://houseofleon.com/,@houseofleon,quick idea for House of Leon,"Hi there,

I came across House of Leon and how clean your furniture, mirrors, vases, decor photography looks — really caught my attention.

My name is Ethan and I'm writing with a collaboration idea.

I noticed an opportunity to boost sales through motion design, which has a proven impact on brand perception — 63% of people worldwide say they prefer watching a short video about a product before buying it.

I specialize in turning existing product photos into high-converting 16:9 video ads (no filming needed) and I'd love to create one for House of Leon.

Here are 3 sample videos so you can see the quality: https://drive.google.com/drive/folders/1QL-_djO9K9sW-ETXCa_t53SuwNP0bOzl?usp=sharing

If you're interested, I'd be happy to discuss details — and if you'd like, tell me how you'd want yours to look and I'll put one together for House of Leon to look at first, no cost.

Would love any feedback either way. Have a great day!

Best regards,
Ethan

---
c/o IP-Management #8850
Ludwig-Erhard-Straße 18
20459 Hamburg
Deutschland
Don't want to hear from me again? Just reply and let me know."
Heirloom Artifacts,heirloomartifacts@sabbeinteriordesign.com,"USA · Nashville, TN","vintage furniture, mirrors, decor",https://heirloomartifacts.com/,@heirloomartifacts,quick idea for Heirloom Artifacts,"Hi there,

I came across Heirloom Artifacts — your vintage furniture, mirrors, decor lineup looks great, and I noticed there's no video anywhere on your site or ads yet.

My name is Ethan and I'm writing with a collaboration idea.

I noticed an opportunity to boost sales through motion design, which has a proven impact on brand perception — 63% of people worldwide say they prefer watching a short video about a product before buying it.

I specialize in turning existing product photos into high-converting 16:9 video ads (no filming needed) and I'd love to create one for Heirloom Artifacts.

Here are 3 sample videos so you can see the quality: https://drive.google.com/drive/folders/1QL-_djO9K9sW-ETXCa_t53SuwNP0bOzl?usp=sharing

If you're interested, I'd be happy to discuss details — and if you'd like, tell me how you'd want yours to look and I'll put one together for Heirloom Artifacts to look at first, no cost.

Would love any feedback either way. Have a great day!

Best regards,
Ethan

---
c/o IP-Management #8850
Ludwig-Erhard-Straße 18
20459 Hamburg
Deutschland
Don't want to hear from me again? Just reply and let me know."
Reed Smythe & Company,hello@reedsmythe.com,"USA · Nashville, TN","vases, decorative objects, furniture, fine art",https://reedsmythe.com/,@reedsmytheco,quick idea for Reed Smythe & Company,"Hi there,

I was looking at Reed Smythe & Company's site and noticed your vases, decorative objects, furniture, fine art are shown in photos only — no video anywhere yet.

My name is Ethan and I'm writing with a collaboration idea.

I noticed an opportunity to boost sales through motion design, which has a proven impact on brand perception — 63% of people worldwide say they prefer watching a short video about a product before buying it.

I specialize in turning existing product photos into high-converting 16:9 video ads (no filming needed) and I'd love to create one for Reed Smythe & Company.

Here are 3 sample videos so you can see the quality: https://drive.google.com/drive/folders/1QL-_djO9K9sW-ETXCa_t53SuwNP0bOzl?usp=sharing

If you're interested, I'd be happy to discuss details — and if you'd like, tell me how you'd want yours to look and I'll put one together for Reed Smythe & Company to look at first, no cost.

Would love any feedback either way. Have a great day!

Best regards,
Ethan

---
c/o IP-Management #8850
Ludwig-Erhard-Straße 18
20459 Hamburg
Deutschland
Don't want to hear from me again? Just reply and let me know."
The Shelf Shop,support@theshelfshop.com,"USA · Nicholasville, KY",handcrafted floating wall shelves,https://theshelfshop.com/,@the.shelf.shop,quick idea for The Shelf Shop,"Hi there,

I came across The Shelf Shop and your handcrafted floating wall shelves really stood out — but I couldn't find a single video on the site or your Instagram.

My name is Ethan and I'm writing with a collaboration idea.

I noticed an opportunity to boost sales through motion design, which has a proven impact on brand perception — 63% of people worldwide say they prefer watching a short video about a product before buying it.

I specialize in turning existing product photos into high-converting 16:9 video ads (no filming needed) and I'd love to create one for The Shelf Shop.

Here are 3 sample videos so you can see the quality: https://drive.google.com/drive/folders/1QL-_djO9K9sW-ETXCa_t53SuwNP0bOzl?usp=sharing

If you're interested, I'd be happy to discuss details — and if you'd like, tell me how you'd want yours to look and I'll put one together for The Shelf Shop to look at first, no cost.

Would love any feedback either way. Have a great day!

Best regards,
Ethan

---
c/o IP-Management #8850
Ludwig-Erhard-Straße 18
20459 Hamburg
Deutschland
Don't want to hear from me again? Just reply and let me know."
Shelfology,hello@shelfology.com,USA · built in Idaho,"floating shelves, wall shelving, brackets",https://shelfology.com/,@shelfology,quick idea for Shelfology,"Hi there,

I came across Shelfology and how clean your floating shelves, wall shelving, brackets photography looks — really caught my attention.

My name is Ethan and I'm writing with a collaboration idea.

I noticed an opportunity to boost sales through motion design, which has a proven impact on brand perception — 63% of people worldwide say they prefer watching a short video about a product before buying it.

I specialize in turning existing product photos into high-converting 16:9 video ads (no filming needed) and I'd love to create one for Shelfology.

Here are 3 sample videos so you can see the quality: https://drive.google.com/drive/folders/1QL-_djO9K9sW-ETXCa_t53SuwNP0bOzl?usp=sharing

If you're interested, I'd be happy to discuss details — and if you'd like, tell me how you'd want yours to look and I'll put one together for Shelfology to look at first, no cost.

Would love any feedback either way. Have a great day!

Best regards,
Ethan

---
c/o IP-Management #8850
Ludwig-Erhard-Straße 18
20459 Hamburg
Deutschland
Don't want to hear from me again? Just reply and let me know."
TRNK,help@trnk-nyc.com,"USA · New York, NY","furniture, objects, wall art",https://trnk-nyc.com/,@trnknyc,quick idea for TRNK,"Hi there,

I came across TRNK — your furniture, objects, wall art lineup looks great, and I noticed there's no video anywhere on your site or ads yet.

My name is Ethan and I'm writing with a collaboration idea.

I noticed an opportunity to boost sales through motion design, which has a proven impact on brand perception — 63% of people worldwide say they prefer watching a short video about a product before buying it.

I specialize in turning existing product photos into high-converting 16:9 video ads (no filming needed) and I'd love to create one for TRNK.

Here are 3 sample videos so you can see the quality: https://drive.google.com/drive/folders/1QL-_djO9K9sW-ETXCa_t53SuwNP0bOzl?usp=sharing

If you're interested, I'd be happy to discuss details — and if you'd like, tell me how you'd want yours to look and I'll put one together for TRNK to look at first, no cost.

Would love any feedback either way. Have a great day!

Best regards,
Ethan

---
c/o IP-Management #8850
Ludwig-Erhard-Straße 18
20459 Hamburg
Deutschland
Don't want to hear from me again? Just reply and let me know."
Alabama Sawyer,press@alabamasawyer.com,"USA · Birmingham, AL","reclaimed wood furniture (side tables, benches, storage)",https://alasaw.com/,@alabamasawyer,quick idea for Alabama Sawyer,"Hi there,

I was looking at Alabama Sawyer's site and noticed your reclaimed wood furniture are shown in photos only — no video anywhere yet.

My name is Ethan and I'm writing with a collaboration idea.

I noticed an opportunity to boost sales through motion design, which has a proven impact on brand perception — 63% of people worldwide say they prefer watching a short video about a product before buying it.

I specialize in turning existing product photos into high-converting 16:9 video ads (no filming needed) and I'd love to create one for Alabama Sawyer.

Here are 3 sample videos so you can see the quality: https://drive.google.com/drive/folders/1QL-_djO9K9sW-ETXCa_t53SuwNP0bOzl?usp=sharing

If you're interested, I'd be happy to discuss details — and if you'd like, tell me how you'd want yours to look and I'll put one together for Alabama Sawyer to look at first, no cost.

Would love any feedback either way. Have a great day!

Best regards,
Ethan

---
c/o IP-Management #8850
Ludwig-Erhard-Straße 18
20459 Hamburg
Deutschland
Don't want to hear from me again? Just reply and let me know."
What WE Make,info@wwmake.com,"USA · Algonquin, IL","solid/reclaimed wood furniture, end & side tables",https://wwmake.com/,@whatwemake,quick idea for What WE Make,"Hi there,

I came across What WE Make and your solid/reclaimed wood furniture, end & side tables really stood out — but I couldn't find a single video on the site or your Instagram.

My name is Ethan and I'm writing with a collaboration idea.

I noticed an opportunity to boost sales through motion design, which has a proven impact on brand perception — 63% of people worldwide say they prefer watching a short video about a product before buying it.

I specialize in turning existing product photos into high-converting 16:9 video ads (no filming needed) and I'd love to create one for What WE Make.

Here are 3 sample videos so you can see the quality: https://drive.google.com/drive/folders/1QL-_djO9K9sW-ETXCa_t53SuwNP0bOzl?usp=sharing

If you're interested, I'd be happy to discuss details — and if you'd like, tell me how you'd want yours to look and I'll put one together for What WE Make to look at first, no cost.

Would love any feedback either way. Have a great day!

Best regards,
Ethan

---
c/o IP-Management #8850
Ludwig-Erhard-Straße 18
20459 Hamburg
Deutschland
Don't want to hear from me again? Just reply and let me know."
Sticks,onlinesales@sticks.com,"USA · Des Moines, IA","wall art, mirrors, handcrafted furniture",https://sticks.com/,@sticksinc,quick idea for Sticks,"Hi there,

I came across Sticks and how clean your wall art, mirrors, handcrafted furniture photography looks — really caught my attention.

My name is Ethan and I'm writing with a collaboration idea.

I noticed an opportunity to boost sales through motion design, which has a proven impact on brand perception — 63% of people worldwide say they prefer watching a short video about a product before buying it.

I specialize in turning existing product photos into high-converting 16:9 video ads (no filming needed) and I'd love to create one for Sticks.

Here are 3 sample videos so you can see the quality: https://drive.google.com/drive/folders/1QL-_djO9K9sW-ETXCa_t53SuwNP0bOzl?usp=sharing

If you're interested, I'd be happy to discuss details — and if you'd like, tell me how you'd want yours to look and I'll put one together for Sticks to look at first, no cost.

Would love any feedback either way. Have a great day!

Best regards,
Ethan

---
c/o IP-Management #8850
Ludwig-Erhard-Straße 18
20459 Hamburg
Deutschland
Don't want to hear from me again? Just reply and let me know."
Egg Collective,info@eggcollective.com,"USA · New York, NY","furniture, mirrors, storage",https://eggcollective.com/,@eggcollective,quick idea for Egg Collective,"Hi there,

I came across Egg Collective — your furniture, mirrors, storage lineup looks great, and I noticed there's no video anywhere on your site or ads yet.

My name is Ethan and I'm writing with a collaboration idea.

I noticed an opportunity to boost sales through motion design, which has a proven impact on brand perception — 63% of people worldwide say they prefer watching a short video about a product before buying it.

I specialize in turning existing product photos into high-converting 16:9 video ads (no filming needed) and I'd love to create one for Egg Collective.

Here are 3 sample videos so you can see the quality: https://drive.google.com/drive/folders/1QL-_djO9K9sW-ETXCa_t53SuwNP0bOzl?usp=sharing

If you're interested, I'd be happy to discuss details — and if you'd like, tell me how you'd want yours to look and I'll put one together for Egg Collective to look at first, no cost.

Would love any feedback either way. Have a great day!

Best regards,
Ethan

---
c/o IP-Management #8850
Ludwig-Erhard-Straße 18
20459 Hamburg
Deutschland
Don't want to hear from me again? Just reply and let me know."
WESN,info@wesngoods.com,"USA · Detroit, MI",Pocket knives & EDC tools,https://wesn.com/,@wesngoods,quick idea for WESN,"Hi there,

I was looking at WESN's site and noticed your Pocket knives & EDC tools are shown in photos only — no video anywhere yet.

My name is Ethan and I'm writing with a collaboration idea.

I noticed an opportunity to boost sales through motion design, which has a proven impact on brand perception — 63% of people worldwide say they prefer watching a short video about a product before buying it.

I specialize in turning existing product photos into high-converting 16:9 video ads (no filming needed) and I'd love to create one for WESN.

Here are 3 sample videos so you can see the quality: https://drive.google.com/drive/folders/1QL-_djO9K9sW-ETXCa_t53SuwNP0bOzl?usp=sharing

If you're interested, I'd be happy to discuss details — and if you'd like, tell me how you'd want yours to look and I'll put one together for WESN to look at first, no cost.

Would love any feedback either way. Have a great day!

Best regards,
Ethan

---
c/o IP-Management #8850
Ludwig-Erhard-Straße 18
20459 Hamburg
Deutschland
Don't want to hear from me again? Just reply and let me know."
Koch Tools Co.,kochtoolsusa@gmail.com,USA · Central Pennsylvania,"EDC pocket tools, folding knives, keychain gadgets (solo maker)",https://www.kochtools.com/policies/contact-information,@kochtools,quick idea for Koch Tools Co.,"Hi there,

I came across Koch Tools Co. and your EDC pocket tools, folding knives, keychain gadgets really stood out — but I couldn't find a single video on the site or your Instagram.

My name is Ethan and I'm writing with a collaboration idea.

I noticed an opportunity to boost sales through motion design, which has a proven impact on brand perception — 63% of people worldwide say they prefer watching a short video about a product before buying it.

I specialize in turning existing product photos into high-converting 16:9 video ads (no filming needed) and I'd love to create one for Koch Tools Co..

Here are 3 sample videos so you can see the quality: https://drive.google.com/drive/folders/1QL-_djO9K9sW-ETXCa_t53SuwNP0bOzl?usp=sharing

If you're interested, I'd be happy to discuss details — and if you'd like, tell me how you'd want yours to look and I'll put one together for Koch Tools Co. to look at first, no cost.

Would love any feedback either way. Have a great day!

Best regards,
Ethan

---
c/o IP-Management #8850
Ludwig-Erhard-Straße 18
20459 Hamburg
Deutschland
Don't want to hear from me again? Just reply and let me know."
Vero Engineering,info@veroengineering.com,"USA · Coral Springs, FL",Precision-machined titanium EDC tools & folding knives,https://veroengineering.com/policies/contact-information,@veroengineering,quick idea for Vero Engineering,"Hi there,

I came across Vero Engineering and how clean your Precision-machined titanium EDC tools & folding knives photography looks — really caught my attention.

My name is Ethan and I'm writing with a collaboration idea.

I noticed an opportunity to boost sales through motion design, which has a proven impact on brand perception — 63% of people worldwide say they prefer watching a short video about a product before buying it.

I specialize in turning existing product photos into high-converting 16:9 video ads (no filming needed) and I'd love to create one for Vero Engineering.

Here are 3 sample videos so you can see the quality: https://drive.google.com/drive/folders/1QL-_djO9K9sW-ETXCa_t53SuwNP0bOzl?usp=sharing

If you're interested, I'd be happy to discuss details — and if you'd like, tell me how you'd want yours to look and I'll put one together for Vero Engineering to look at first, no cost.

Would love any feedback either way. Have a great day!

Best regards,
Ethan

---
c/o IP-Management #8850
Ludwig-Erhard-Straße 18
20459 Hamburg
Deutschland
Don't want to hear from me again? Just reply and let me know."
Off-Grid Knives,offgrid@offgridknives.com,"USA · Westlake Village, CA",Affordable EDC & camping folding knives (family-owned),https://www.offgridknives.com/contact-us/,@offgridknives,quick idea for Off-Grid Knives,"Hi there,

I came across Off-Grid Knives — your Affordable EDC & camping folding knives lineup looks great, and I noticed there's no video anywhere on your site or ads yet.

My name is Ethan and I'm writing with a collaboration idea.

I noticed an opportunity to boost sales through motion design, which has a proven impact on brand perception — 63% of people worldwide say they prefer watching a short video about a product before buying it.

I specialize in turning existing product photos into high-converting 16:9 video ads (no filming needed) and I'd love to create one for Off-Grid Knives.

Here are 3 sample videos so you can see the quality: https://drive.google.com/drive/folders/1QL-_djO9K9sW-ETXCa_t53SuwNP0bOzl?usp=sharing

If you're interested, I'd be happy to discuss details — and if you'd like, tell me how you'd want yours to look and I'll put one together for Off-Grid Knives to look at first, no cost.

Would love any feedback either way. Have a great day!

Best regards,
Ethan

---
c/o IP-Management #8850
Ludwig-Erhard-Straße 18
20459 Hamburg
Deutschland
Don't want to hear from me again? Just reply and let me know."
Klecker Knives,customerservice@kleckerknives.com,"USA · Silverton, OR","Folding knives, multitools & EDC kits (father-son business)",https://klecker-knives.com/,@kleckerknives,quick idea for Klecker Knives,"Hi there,

I was looking at Klecker Knives's site and noticed your Folding knives, multitools & EDC kits are shown in photos only — no video anywhere yet.

My name is Ethan and I'm writing with a collaboration idea.

I noticed an opportunity to boost sales through motion design, which has a proven impact on brand perception — 63% of people worldwide say they prefer watching a short video about a product before buying it.

I specialize in turning existing product photos into high-converting 16:9 video ads (no filming needed) and I'd love to create one for Klecker Knives.

Here are 3 sample videos so you can see the quality: https://drive.google.com/drive/folders/1QL-_djO9K9sW-ETXCa_t53SuwNP0bOzl?usp=sharing

If you're interested, I'd be happy to discuss details — and if you'd like, tell me how you'd want yours to look and I'll put one together for Klecker Knives to look at first, no cost.

Would love any feedback either way. Have a great day!

Best regards,
Ethan

---
c/o IP-Management #8850
Ludwig-Erhard-Straße 18
20459 Hamburg
Deutschland
Don't want to hear from me again? Just reply and let me know."
Keyport,support@mykeyport.com,"USA · Las Vegas, NV",Modular keychain organizer / EDC gadgets,https://www.mykeyport.com/pages/contact,@thekeyport,quick idea for Keyport,"Hi there,

I came across Keyport and your Modular keychain organizer / EDC gadgets really stood out — but I couldn't find a single video on the site or your Instagram.

My name is Ethan and I'm writing with a collaboration idea.

I noticed an opportunity to boost sales through motion design, which has a proven impact on brand perception — 63% of people worldwide say they prefer watching a short video about a product before buying it.

I specialize in turning existing product photos into high-converting 16:9 video ads (no filming needed) and I'd love to create one for Keyport.

Here are 3 sample videos so you can see the quality: https://drive.google.com/drive/folders/1QL-_djO9K9sW-ETXCa_t53SuwNP0bOzl?usp=sharing

If you're interested, I'd be happy to discuss details — and if you'd like, tell me how you'd want yours to look and I'll put one together for Keyport to look at first, no cost.

Would love any feedback either way. Have a great day!

Best regards,
Ethan

---
c/o IP-Management #8850
Ludwig-Erhard-Straße 18
20459 Hamburg
Deutschland
Don't want to hear from me again? Just reply and let me know."
Dawson Knives,info@dawsonknives.com,"USA · Prescott Valley, AZ",Fixed-blade EDC/hunting knives (three-generation family business),https://www.dawsonknives.com/pages/shipping-terms,@dawsonknives,quick idea for Dawson Knives,"Hi there,

I came across Dawson Knives and how clean your Fixed-blade EDC/hunting knives photography looks — really caught my attention.

My name is Ethan and I'm writing with a collaboration idea.

I noticed an opportunity to boost sales through motion design, which has a proven impact on brand perception — 63% of people worldwide say they prefer watching a short video about a product before buying it.

I specialize in turning existing product photos into high-converting 16:9 video ads (no filming needed) and I'd love to create one for Dawson Knives.

Here are 3 sample videos so you can see the quality: https://drive.google.com/drive/folders/1QL-_djO9K9sW-ETXCa_t53SuwNP0bOzl?usp=sharing

If you're interested, I'd be happy to discuss details — and if you'd like, tell me how you'd want yours to look and I'll put one together for Dawson Knives to look at first, no cost.

Would love any feedback either way. Have a great day!

Best regards,
Ethan

---
c/o IP-Management #8850
Ludwig-Erhard-Straße 18
20459 Hamburg
Deutschland
Don't want to hear from me again? Just reply and let me know."
Half Face Blades,info@halffaceblades.com,"USA · San Diego, CA",Veteran-owned handmade fixed-blade & folding knives,https://www.halffaceblades.com/pages/terms-and-conditions,@halffaceblades,quick idea for Half Face Blades,"Hi there,

I came across Half Face Blades — your Veteran-owned handmade fixed-blade & folding knives lineup looks great, and I noticed there's no video anywhere on your site or ads yet.

My name is Ethan and I'm writing with a collaboration idea.

I noticed an opportunity to boost sales through motion design, which has a proven impact on brand perception — 63% of people worldwide say they prefer watching a short video about a product before buying it.

I specialize in turning existing product photos into high-converting 16:9 video ads (no filming needed) and I'd love to create one for Half Face Blades.

Here are 3 sample videos so you can see the quality: https://drive.google.com/drive/folders/1QL-_djO9K9sW-ETXCa_t53SuwNP0bOzl?usp=sharing

If you're interested, I'd be happy to discuss details — and if you'd like, tell me how you'd want yours to look and I'll put one together for Half Face Blades to look at first, no cost.

Would love any feedback either way. Have a great day!

Best regards,
Ethan

---
c/o IP-Management #8850
Ludwig-Erhard-Straße 18
20459 Hamburg
Deutschland
Don't want to hear from me again? Just reply and let me know."
Spartan Blades,contact@spartanbladesusa.com,USA · North/South Carolina,"Veteran-owned tactical, combat & pocket knives",https://spartanbladesusa.com/contact-us/,@spartanblades1,quick idea for Spartan Blades,"Hi there,

I was looking at Spartan Blades's site and noticed your Veteran-owned tactical, combat & pocket knives are shown in photos only — no video anywhere yet.

My name is Ethan and I'm writing with a collaboration idea.

I noticed an opportunity to boost sales through motion design, which has a proven impact on brand perception — 63% of people worldwide say they prefer watching a short video about a product before buying it.

I specialize in turning existing product photos into high-converting 16:9 video ads (no filming needed) and I'd love to create one for Spartan Blades.

Here are 3 sample videos so you can see the quality: https://drive.google.com/drive/folders/1QL-_djO9K9sW-ETXCa_t53SuwNP0bOzl?usp=sharing

If you're interested, I'd be happy to discuss details — and if you'd like, tell me how you'd want yours to look and I'll put one together for Spartan Blades to look at first, no cost.

Would love any feedback either way. Have a great day!

Best regards,
Ethan

---
c/o IP-Management #8850
Ludwig-Erhard-Straße 18
20459 Hamburg
Deutschland
Don't want to hear from me again? Just reply and let me know."
Max & Mia Bath Co.,hello@maxmiabathco.com,"UK · Beckenham, Greater London","Bath bombs, bath salts, body scrubs, body butter",https://www.maxmiabathco.com/,@maxmiabathco,quick idea for Max & Mia Bath Co.,"Hi there,

I came across Max & Mia Bath Co. and your Bath bombs, bath salts, body scrubs, body butter really stood out — but I couldn't find a single video on the site or your Instagram.

My name is Ethan and I'm writing with a collaboration idea.

I noticed an opportunity to boost sales through motion design, which has a proven impact on brand perception — 63% of people worldwide say they prefer watching a short video about a product before buying it.

I specialize in turning existing product photos into high-converting 16:9 video ads (no filming needed) and I'd love to create one for Max & Mia Bath Co..

Here are 3 sample videos so you can see the quality: https://drive.google.com/drive/folders/1QL-_djO9K9sW-ETXCa_t53SuwNP0bOzl?usp=sharing

If you're interested, I'd be happy to discuss details — and if you'd like, tell me how you'd want yours to look and I'll put one together for Max & Mia Bath Co. to look at first, no cost.

Would love any feedback either way. Have a great day!

Best regards,
Ethan

---
c/o IP-Management #8850
Ludwig-Erhard-Straße 18
20459 Hamburg
Deutschland
Don't want to hear from me again? Just reply and let me know."
Sheffield Skincare Company,enquiries@sheffieldskincare.co.uk,UK · Sheffield,"Bath products, body scrubs, natural body care",https://sheffieldskincare.co.uk/,@sheffskinco,quick idea for Sheffield Skincare Company,"Hi there,

I came across Sheffield Skincare Company and how clean your Bath products, body scrubs, natural body care photography looks — really caught my attention.

My name is Ethan and I'm writing with a collaboration idea.

I noticed an opportunity to boost sales through motion design, which has a proven impact on brand perception — 63% of people worldwide say they prefer watching a short video about a product before buying it.

I specialize in turning existing product photos into high-converting 16:9 video ads (no filming needed) and I'd love to create one for Sheffield Skincare Company.

Here are 3 sample videos so you can see the quality: https://drive.google.com/drive/folders/1QL-_djO9K9sW-ETXCa_t53SuwNP0bOzl?usp=sharing

If you're interested, I'd be happy to discuss details — and if you'd like, tell me how you'd want yours to look and I'll put one together for Sheffield Skincare Company to look at first, no cost.

Would love any feedback either way. Have a great day!

Best regards,
Ethan

---
c/o IP-Management #8850
Ludwig-Erhard-Straße 18
20459 Hamburg
Deutschland
Don't want to hear from me again? Just reply and let me know."
Bath Bubble & Beyond,sales@bathbubbleandbeyond.com,"UK · Poole, Dorset","Bath bombs, bath salts, bath marbles, shower gels",https://bathbubbleandbeyond.com/,@bathbubbleandbeyond,quick idea for Bath Bubble & Beyond,"Hi there,

I came across Bath Bubble & Beyond — your Bath bombs, bath salts, bath marbles, shower gels lineup looks great, and I noticed there's no video anywhere on your site or ads yet.

My name is Ethan and I'm writing with a collaboration idea.

I noticed an opportunity to boost sales through motion design, which has a proven impact on brand perception — 63% of people worldwide say they prefer watching a short video about a product before buying it.

I specialize in turning existing product photos into high-converting 16:9 video ads (no filming needed) and I'd love to create one for Bath Bubble & Beyond.

Here are 3 sample videos so you can see the quality: https://drive.google.com/drive/folders/1QL-_djO9K9sW-ETXCa_t53SuwNP0bOzl?usp=sharing

If you're interested, I'd be happy to discuss details — and if you'd like, tell me how you'd want yours to look and I'll put one together for Bath Bubble & Beyond to look at first, no cost.

Would love any feedback either way. Have a great day!

Best regards,
Ethan

---
c/o IP-Management #8850
Ludwig-Erhard-Straße 18
20459 Hamburg
Deutschland
Don't want to hear from me again? Just reply and let me know."
Bubble & Bathe,info@bubbleandbathe.co.uk,"UK · Bideford, North Devon","Bath bombs, bath soaks, shower steamers, whipped soap",https://bubbleandbathe.co.uk/,@bubbleandbathe,quick idea for Bubble & Bathe,"Hi there,

I was looking at Bubble & Bathe's site and noticed your Bath bombs, bath soaks, shower steamers, whipped soap are shown in photos only — no video anywhere yet.

My name is Ethan and I'm writing with a collaboration idea.

I noticed an opportunity to boost sales through motion design, which has a proven impact on brand perception — 63% of people worldwide say they prefer watching a short video about a product before buying it.

I specialize in turning existing product photos into high-converting 16:9 video ads (no filming needed) and I'd love to create one for Bubble & Bathe.

Here are 3 sample videos so you can see the quality: https://drive.google.com/drive/folders/1QL-_djO9K9sW-ETXCa_t53SuwNP0bOzl?usp=sharing

If you're interested, I'd be happy to discuss details — and if you'd like, tell me how you'd want yours to look and I'll put one together for Bubble & Bathe to look at first, no cost.

Would love any feedback either way. Have a great day!

Best regards,
Ethan

---
c/o IP-Management #8850
Ludwig-Erhard-Straße 18
20459 Hamburg
Deutschland
Don't want to hear from me again? Just reply and let me know."
The Edinburgh Natural Skincare Company,customer@edinburghskincare.com,"UK · Edinburgh, Scotland","Bath products, body butter, natural body care",https://www.edinburghskincare.com/,@edinburghnaturalskincare,quick idea for The Edinburgh Natural Skincare Company,"Hi there,

I came across The Edinburgh Natural Skincare Company and your Bath products, body butter, natural body care really stood out — but I couldn't find a single video on the site or your Instagram.

My name is Ethan and I'm writing with a collaboration idea.

I noticed an opportunity to boost sales through motion design, which has a proven impact on brand perception — 63% of people worldwide say they prefer watching a short video about a product before buying it.

I specialize in turning existing product photos into high-converting 16:9 video ads (no filming needed) and I'd love to create one for The Edinburgh Natural Skincare Company.

Here are 3 sample videos so you can see the quality: https://drive.google.com/drive/folders/1QL-_djO9K9sW-ETXCa_t53SuwNP0bOzl?usp=sharing

If you're interested, I'd be happy to discuss details — and if you'd like, tell me how you'd want yours to look and I'll put one together for The Edinburgh Natural Skincare Company to look at first, no cost.

Would love any feedback either way. Have a great day!

Best regards,
Ethan

---
c/o IP-Management #8850
Ludwig-Erhard-Straße 18
20459 Hamburg
Deutschland
Don't want to hear from me again? Just reply and let me know."
Scintilla,hello@wearescintilla.com,UK · South West London,"Bath oils, natural self-care products",https://www.wearescintilla.com/,@weare_scintilla,quick idea for Scintilla,"Hi there,

I came across Scintilla and how clean your Bath oils, natural self-care products photography looks — really caught my attention.

My name is Ethan and I'm writing with a collaboration idea.

I noticed an opportunity to boost sales through motion design, which has a proven impact on brand perception — 63% of people worldwide say they prefer watching a short video about a product before buying it.

I specialize in turning existing product photos into high-converting 16:9 video ads (no filming needed) and I'd love to create one for Scintilla.

Here are 3 sample videos so you can see the quality: https://drive.google.com/drive/folders/1QL-_djO9K9sW-ETXCa_t53SuwNP0bOzl?usp=sharing

If you're interested, I'd be happy to discuss details — and if you'd like, tell me how you'd want yours to look and I'll put one together for Scintilla to look at first, no cost.

Would love any feedback either way. Have a great day!

Best regards,
Ethan

---
c/o IP-Management #8850
Ludwig-Erhard-Straße 18
20459 Hamburg
Deutschland
Don't want to hear from me again? Just reply and let me know."
Arthur Betsy,info@arthurbetsy.co.uk,UK · Staffordshire,"Bath salts, body products",https://www.arthurbetsy.co.uk/,@arthurbetsyuk,quick idea for Arthur Betsy,"Hi there,

I came across Arthur Betsy — your Bath salts, body products lineup looks great, and I noticed there's no video anywhere on your site or ads yet.

My name is Ethan and I'm writing with a collaboration idea.

I noticed an opportunity to boost sales through motion design, which has a proven impact on brand perception — 63% of people worldwide say they prefer watching a short video about a product before buying it.

I specialize in turning existing product photos into high-converting 16:9 video ads (no filming needed) and I'd love to create one for Arthur Betsy.

Here are 3 sample videos so you can see the quality: https://drive.google.com/drive/folders/1QL-_djO9K9sW-ETXCa_t53SuwNP0bOzl?usp=sharing

If you're interested, I'd be happy to discuss details — and if you'd like, tell me how you'd want yours to look and I'll put one together for Arthur Betsy to look at first, no cost.

Would love any feedback either way. Have a great day!

Best regards,
Ethan

---
c/o IP-Management #8850
Ludwig-Erhard-Straße 18
20459 Hamburg
Deutschland
Don't want to hear from me again? Just reply and let me know."
Sunnydaze Decor,customerservice@sunnydazedecor.com,USA · Patio Decor & Hammocks,"Hammocks, patio & garden decor",https://sunnydazedecor.com/,@sunnydazedecor,quick idea for Sunnydaze Decor,"Hi there,

I was looking at Sunnydaze Decor's site and noticed your Hammocks, patio & garden decor are shown in photos only — no video anywhere yet.

My name is Ethan and I'm writing with a collaboration idea.

I noticed an opportunity to boost sales through motion design, which has a proven impact on brand perception — 63% of people worldwide say they prefer watching a short video about a product before buying it.

I specialize in turning existing product photos into high-converting 16:9 video ads (no filming needed) and I'd love to create one for Sunnydaze Decor.

Here are 3 sample videos so you can see the quality: https://drive.google.com/drive/folders/1QL-_djO9K9sW-ETXCa_t53SuwNP0bOzl?usp=sharing

If you're interested, I'd be happy to discuss details — and if you'd like, tell me how you'd want yours to look and I'll put one together for Sunnydaze Decor to look at first, no cost.

Would love any feedback either way. Have a great day!

Best regards,
Ethan

---
c/o IP-Management #8850
Ludwig-Erhard-Straße 18
20459 Hamburg
Deutschland
Don't want to hear from me again? Just reply and let me know."
Bliss Hammocks,help@blisshammocks.com,USA · Hammocks & Outdoor Relaxation,"Hammocks, hammock stands",https://blisshammocks.com/,@bliss_hammocks,quick idea for Bliss Hammocks,"Hi there,

I came across Bliss Hammocks and your Hammocks, hammock stands really stood out — but I couldn't find a single video on the site or your Instagram.

My name is Ethan and I'm writing with a collaboration idea.

I noticed an opportunity to boost sales through motion design, which has a proven impact on brand perception — 63% of people worldwide say they prefer watching a short video about a product before buying it.

I specialize in turning existing product photos into high-converting 16:9 video ads (no filming needed) and I'd love to create one for Bliss Hammocks.

Here are 3 sample videos so you can see the quality: https://drive.google.com/drive/folders/1QL-_djO9K9sW-ETXCa_t53SuwNP0bOzl?usp=sharing

If you're interested, I'd be happy to discuss details — and if you'd like, tell me how you'd want yours to look and I'll put one together for Bliss Hammocks to look at first, no cost.

Would love any feedback either way. Have a great day!

Best regards,
Ethan

---
c/o IP-Management #8850
Ludwig-Erhard-Straße 18
20459 Hamburg
Deutschland
Don't want to hear from me again? Just reply and let me know."
ZIPCushions,sales@zipcushions.com,USA · Patio & Outdoor Cushions,Custom outdoor patio cushions,https://zipcushions.com/collections/outdoor-cushions,@zipcushions,quick idea for ZIPCushions,"Hi there,

I came across ZIPCushions and how clean your Custom outdoor patio cushions photography looks — really caught my attention.

My name is Ethan and I'm writing with a collaboration idea.

I noticed an opportunity to boost sales through motion design, which has a proven impact on brand perception — 63% of people worldwide say they prefer watching a short video about a product before buying it.

I specialize in turning existing product photos into high-converting 16:9 video ads (no filming needed) and I'd love to create one for ZIPCushions.

Here are 3 sample videos so you can see the quality: https://drive.google.com/drive/folders/1QL-_djO9K9sW-ETXCa_t53SuwNP0bOzl?usp=sharing

If you're interested, I'd be happy to discuss details — and if you'd like, tell me how you'd want yours to look and I'll put one together for ZIPCushions to look at first, no cost.

Would love any feedback either way. Have a great day!

Best regards,
Ethan

---
c/o IP-Management #8850
Ludwig-Erhard-Straße 18
20459 Hamburg
Deutschland
Don't want to hear from me again? Just reply and let me know."
Outdoor Custom Cushions,occ.nickholder@gmail.com,USA · Patio & Outdoor Cushions,Custom outdoor cushions & covers,https://www.outdoorcustomcushions.com/,@outdoorcustomcushions,quick idea for Outdoor Custom Cushions,"Hi there,

I came across Outdoor Custom Cushions — your Custom outdoor cushions & covers lineup looks great, and I noticed there's no video anywhere on your site or ads yet.

My name is Ethan and I'm writing with a collaboration idea.

I noticed an opportunity to boost sales through motion design, which has a proven impact on brand perception — 63% of people worldwide say they prefer watching a short video about a product before buying it.

I specialize in turning existing product photos into high-converting 16:9 video ads (no filming needed) and I'd love to create one for Outdoor Custom Cushions.

Here are 3 sample videos so you can see the quality: https://drive.google.com/drive/folders/1QL-_djO9K9sW-ETXCa_t53SuwNP0bOzl?usp=sharing

If you're interested, I'd be happy to discuss details — and if you'd like, tell me how you'd want yours to look and I'll put one together for Outdoor Custom Cushions to look at first, no cost.

Would love any feedback either way. Have a great day!

Best regards,
Ethan

---
c/o IP-Management #8850
Ludwig-Erhard-Straße 18
20459 Hamburg
Deutschland
Don't want to hear from me again? Just reply and let me know."
Grillaholics,support@grillaholics.com,USA · Grill & BBQ Accessories,Grill tools & BBQ accessories,https://www.grillaholics.com/,@grillaholics,quick idea for Grillaholics,"Hi there,

I was looking at Grillaholics's site and noticed your Grill tools & BBQ accessories are shown in photos only — no video anywhere yet.

My name is Ethan and I'm writing with a collaboration idea.

I noticed an opportunity to boost sales through motion design, which has a proven impact on brand perception — 63% of people worldwide say they prefer watching a short video about a product before buying it.

I specialize in turning existing product photos into high-converting 16:9 video ads (no filming needed) and I'd love to create one for Grillaholics.

Here are 3 sample videos so you can see the quality: https://drive.google.com/drive/folders/1QL-_djO9K9sW-ETXCa_t53SuwNP0bOzl?usp=sharing

If you're interested, I'd be happy to discuss details — and if you'd like, tell me how you'd want yours to look and I'll put one together for Grillaholics to look at first, no cost.

Would love any feedback either way. Have a great day!

Best regards,
Ethan

---
c/o IP-Management #8850
Ludwig-Erhard-Straße 18
20459 Hamburg
Deutschland
Don't want to hear from me again? Just reply and let me know."
Kick Ash Basket,info@kickashbasket.com,USA · Grill & Charcoal Accessories,"Grill baskets, charcoal & smoker accessories",https://kickashbasket.com/,@kickashbasket,quick idea for Kick Ash Basket,"Hi there,

I came across Kick Ash Basket and your Grill baskets, charcoal & smoker accessories really stood out — but I couldn't find a single video on the site or your Instagram.

My name is Ethan and I'm writing with a collaboration idea.

I noticed an opportunity to boost sales through motion design, which has a proven impact on brand perception — 63% of people worldwide say they prefer watching a short video about a product before buying it.

I specialize in turning existing product photos into high-converting 16:9 video ads (no filming needed) and I'd love to create one for Kick Ash Basket.

Here are 3 sample videos so you can see the quality: https://drive.google.com/drive/folders/1QL-_djO9K9sW-ETXCa_t53SuwNP0bOzl?usp=sharing

If you're interested, I'd be happy to discuss details — and if you'd like, tell me how you'd want yours to look and I'll put one together for Kick Ash Basket to look at first, no cost.

Would love any feedback either way. Have a great day!

Best regards,
Ethan

---
c/o IP-Management #8850
Ludwig-Erhard-Straße 18
20459 Hamburg
Deutschland
Don't want to hear from me again? Just reply and let me know."
Modern Picnic,contact@modernpicnic.com,USA · Picnic & Lunch Accessories,Insulated picnic/lunch totes and bags,https://modernpicnic.com/,@modernpicnic,quick idea for Modern Picnic,"Hi there,

I came across Modern Picnic and how clean your Insulated picnic/lunch totes and bags photography looks — really caught my attention.

My name is Ethan and I'm writing with a collaboration idea.

I noticed an opportunity to boost sales through motion design, which has a proven impact on brand perception — 63% of people worldwide say they prefer watching a short video about a product before buying it.

I specialize in turning existing product photos into high-converting 16:9 video ads (no filming needed) and I'd love to create one for Modern Picnic.

Here are 3 sample videos so you can see the quality: https://drive.google.com/drive/folders/1QL-_djO9K9sW-ETXCa_t53SuwNP0bOzl?usp=sharing

If you're interested, I'd be happy to discuss details — and if you'd like, tell me how you'd want yours to look and I'll put one together for Modern Picnic to look at first, no cost.

Would love any feedback either way. Have a great day!

Best regards,
Ethan

---
c/o IP-Management #8850
Ludwig-Erhard-Straße 18
20459 Hamburg
Deutschland
Don't want to hear from me again? Just reply and let me know."
CushionKings,support@cushionkings.com,USA · Outdoor Cushions,Sunbrella replacement outdoor cushions,https://cushionkings.com/,@cushionkings,quick idea for CushionKings,"Hi there,

I came across CushionKings — your Sunbrella replacement outdoor cushions lineup looks great, and I noticed there's no video anywhere on your site or ads yet.

My name is Ethan and I'm writing with a collaboration idea.

I noticed an opportunity to boost sales through motion design, which has a proven impact on brand perception — 63% of people worldwide say they prefer watching a short video about a product before buying it.

I specialize in turning existing product photos into high-converting 16:9 video ads (no filming needed) and I'd love to create one for CushionKings.

Here are 3 sample videos so you can see the quality: https://drive.google.com/drive/folders/1QL-_djO9K9sW-ETXCa_t53SuwNP0bOzl?usp=sharing

If you're interested, I'd be happy to discuss details — and if you'd like, tell me how you'd want yours to look and I'll put one together for CushionKings to look at first, no cost.

Would love any feedback either way. Have a great day!

Best regards,
Ethan

---
c/o IP-Management #8850
Ludwig-Erhard-Straße 18
20459 Hamburg
Deutschland
Don't want to hear from me again? Just reply and let me know."
Sun Bright Lighting,SunBrightLightingUS@gmail.com,USA · Outdoor String & Bistro Lights,Bistro/string lights for patios,https://www.sunbrightlighting.com/collections/bistro-string-lights,@sunbrightlighting,quick idea for Sun Bright Lighting,"Hi there,

I was looking at Sun Bright Lighting's site and noticed your Bistro/string lights for patios are shown in photos only — no video anywhere yet.

My name is Ethan and I'm writing with a collaboration idea.

I noticed an opportunity to boost sales through motion design, which has a proven impact on brand perception — 63% of people worldwide say they prefer watching a short video about a product before buying it.

I specialize in turning existing product photos into high-converting 16:9 video ads (no filming needed) and I'd love to create one for Sun Bright Lighting.

Here are 3 sample videos so you can see the quality: https://drive.google.com/drive/folders/1QL-_djO9K9sW-ETXCa_t53SuwNP0bOzl?usp=sharing

If you're interested, I'd be happy to discuss details — and if you'd like, tell me how you'd want yours to look and I'll put one together for Sun Bright Lighting to look at first, no cost.

Would love any feedback either way. Have a great day!

Best regards,
Ethan

---
c/o IP-Management #8850
Ludwig-Erhard-Straße 18
20459 Hamburg
Deutschland
Don't want to hear from me again? Just reply and let me know."
HLO Lighting,cs@hlolighting.com,USA · Patio & Bistro String Lights,Patio string/café lights,https://hlolighting.com/collections/patio-lights,@hlolighting,quick idea for HLO Lighting,"Hi there,

I came across HLO Lighting and your Patio string/café lights really stood out — but I couldn't find a single video on the site or your Instagram.

My name is Ethan and I'm writing with a collaboration idea.

I noticed an opportunity to boost sales through motion design, which has a proven impact on brand perception — 63% of people worldwide say they prefer watching a short video about a product before buying it.

I specialize in turning existing product photos into high-converting 16:9 video ads (no filming needed) and I'd love to create one for HLO Lighting.

Here are 3 sample videos so you can see the quality: https://drive.google.com/drive/folders/1QL-_djO9K9sW-ETXCa_t53SuwNP0bOzl?usp=sharing

If you're interested, I'd be happy to discuss details — and if you'd like, tell me how you'd want yours to look and I'll put one together for HLO Lighting to look at first, no cost.

Would love any feedback either way. Have a great day!

Best regards,
Ethan

---
c/o IP-Management #8850
Ludwig-Erhard-Straße 18
20459 Hamburg
Deutschland
Don't want to hear from me again? Just reply and let me know."
Gardenreet,customersupport@gardenreet.com,USA · Outdoor Bistro/String Lights,LED string/bistro lights,https://www.gardenreet.com/products/led-string-light-bistro-lights,@gardenreet,quick idea for Gardenreet,"Hi there,

I came across Gardenreet and how clean your LED string/bistro lights photography looks — really caught my attention.

My name is Ethan and I'm writing with a collaboration idea.

I noticed an opportunity to boost sales through motion design, which has a proven impact on brand perception — 63% of people worldwide say they prefer watching a short video about a product before buying it.

I specialize in turning existing product photos into high-converting 16:9 video ads (no filming needed) and I'd love to create one for Gardenreet.

Here are 3 sample videos so you can see the quality: https://drive.google.com/drive/folders/1QL-_djO9K9sW-ETXCa_t53SuwNP0bOzl?usp=sharing

If you're interested, I'd be happy to discuss details — and if you'd like, tell me how you'd want yours to look and I'll put one together for Gardenreet to look at first, no cost.

Would love any feedback either way. Have a great day!

Best regards,
Ethan

---
c/o IP-Management #8850
Ludwig-Erhard-Straße 18
20459 Hamburg
Deutschland
Don't want to hear from me again? Just reply and let me know."
Woodstock Chimes,support@chimes.com,USA · Wind Chimes & Garden Decor,"Wind chimes, garden decor",https://chimes.com/collections/best-sellers,@woodstockchimes,quick idea for Woodstock Chimes,"Hi there,

I came across Woodstock Chimes — your Wind chimes, garden decor lineup looks great, and I noticed there's no video anywhere on your site or ads yet.

My name is Ethan and I'm writing with a collaboration idea.

I noticed an opportunity to boost sales through motion design, which has a proven impact on brand perception — 63% of people worldwide say they prefer watching a short video about a product before buying it.

I specialize in turning existing product photos into high-converting 16:9 video ads (no filming needed) and I'd love to create one for Woodstock Chimes.

Here are 3 sample videos so you can see the quality: https://drive.google.com/drive/folders/1QL-_djO9K9sW-ETXCa_t53SuwNP0bOzl?usp=sharing

If you're interested, I'd be happy to discuss details — and if you'd like, tell me how you'd want yours to look and I'll put one together for Woodstock Chimes to look at first, no cost.

Would love any feedback either way. Have a great day!

Best regards,
Ethan

---
c/o IP-Management #8850
Ludwig-Erhard-Straße 18
20459 Hamburg
Deutschland
Don't want to hear from me again? Just reply and let me know."
Coverstore,support@coverstore.com,USA · Patio Furniture & Grill Covers,Patio furniture & grill covers,https://www.coverstore.com/,@thecoverstore,quick idea for Coverstore,"Hi there,

I was looking at Coverstore's site and noticed your Patio furniture & grill covers are shown in photos only — no video anywhere yet.

My name is Ethan and I'm writing with a collaboration idea.

I noticed an opportunity to boost sales through motion design, which has a proven impact on brand perception — 63% of people worldwide say they prefer watching a short video about a product before buying it.

I specialize in turning existing product photos into high-converting 16:9 video ads (no filming needed) and I'd love to create one for Coverstore.

Here are 3 sample videos so you can see the quality: https://drive.google.com/drive/folders/1QL-_djO9K9sW-ETXCa_t53SuwNP0bOzl?usp=sharing

If you're interested, I'd be happy to discuss details — and if you'd like, tell me how you'd want yours to look and I'll put one together for Coverstore to look at first, no cost.

Would love any feedback either way. Have a great day!

Best regards,
Ethan

---
c/o IP-Management #8850
Ludwig-Erhard-Straße 18
20459 Hamburg
Deutschland
Don't want to hear from me again? Just reply and let me know."
Calming Flames,shop@calmingflames.com,USA · Outdoor Citronella Candles,Citronella & outdoor patio candles,https://www.calmingflames.com/products/citronella-candle-indoor-outdoor-candle-summer-patio-candle,@shopcalmingflames,quick idea for Calming Flames,"Hi there,

I came across Calming Flames and your Citronella & outdoor patio candles really stood out — but I couldn't find a single video on the site or your Instagram.

My name is Ethan and I'm writing with a collaboration idea.

I noticed an opportunity to boost sales through motion design, which has a proven impact on brand perception — 63% of people worldwide say they prefer watching a short video about a product before buying it.

I specialize in turning existing product photos into high-converting 16:9 video ads (no filming needed) and I'd love to create one for Calming Flames.

Here are 3 sample videos so you can see the quality: https://drive.google.com/drive/folders/1QL-_djO9K9sW-ETXCa_t53SuwNP0bOzl?usp=sharing

If you're interested, I'd be happy to discuss details — and if you'd like, tell me how you'd want yours to look and I'll put one together for Calming Flames to look at first, no cost.

Would love any feedback either way. Have a great day!

Best regards,
Ethan

---
c/o IP-Management #8850
Ludwig-Erhard-Straße 18
20459 Hamburg
Deutschland
Don't want to hear from me again? Just reply and let me know."
SpaceAid,support@spaceaid.com,USA · Home Organization & Storage,"Drawer dividers, closet & pantry organizers",https://spaceaidhome.com/,@spaceaid_kitchen,quick idea for SpaceAid,"Hi there,

I came across SpaceAid and how clean your Drawer dividers, closet & pantry organizers photography looks — really caught my attention.

My name is Ethan and I'm writing with a collaboration idea.

I noticed an opportunity to boost sales through motion design, which has a proven impact on brand perception — 63% of people worldwide say they prefer watching a short video about a product before buying it.

I specialize in turning existing product photos into high-converting 16:9 video ads (no filming needed) and I'd love to create one for SpaceAid.

Here are 3 sample videos so you can see the quality: https://drive.google.com/drive/folders/1QL-_djO9K9sW-ETXCa_t53SuwNP0bOzl?usp=sharing

If you're interested, I'd be happy to discuss details — and if you'd like, tell me how you'd want yours to look and I'll put one together for SpaceAid to look at first, no cost.

Would love any feedback either way. Have a great day!

Best regards,
Ethan

---
c/o IP-Management #8850
Ludwig-Erhard-Straße 18
20459 Hamburg
Deutschland
Don't want to hear from me again? Just reply and let me know."
Lifewit,support@lifewit.com,USA · Home Organization & Storage,"Storage bins, drawer organizers, closet storage",https://www.lifewit.com/,@lifewit_homeware,quick idea for Lifewit,"Hi there,

I came across Lifewit — your Storage bins, drawer organizers, closet storage lineup looks great, and I noticed there's no video anywhere on your site or ads yet.

My name is Ethan and I'm writing with a collaboration idea.

I noticed an opportunity to boost sales through motion design, which has a proven impact on brand perception — 63% of people worldwide say they prefer watching a short video about a product before buying it.

I specialize in turning existing product photos into high-converting 16:9 video ads (no filming needed) and I'd love to create one for Lifewit.

Here are 3 sample videos so you can see the quality: https://drive.google.com/drive/folders/1QL-_djO9K9sW-ETXCa_t53SuwNP0bOzl?usp=sharing

If you're interested, I'd be happy to discuss details — and if you'd like, tell me how you'd want yours to look and I'll put one together for Lifewit to look at first, no cost.

Would love any feedback either way. Have a great day!

Best regards,
Ethan

---
c/o IP-Management #8850
Ludwig-Erhard-Straße 18
20459 Hamburg
Deutschland
Don't want to hear from me again? Just reply and let me know."
Casafield,support@casafield.com,USA · Home Organization & Storage,Woven storage baskets & bins,https://casafield.com/,@casafieldhome,quick idea for Casafield,"Hi there,

I was looking at Casafield's site and noticed your Woven storage baskets & bins are shown in photos only — no video anywhere yet.

My name is Ethan and I'm writing with a collaboration idea.

I noticed an opportunity to boost sales through motion design, which has a proven impact on brand perception — 63% of people worldwide say they prefer watching a short video about a product before buying it.

I specialize in turning existing product photos into high-converting 16:9 video ads (no filming needed) and I'd love to create one for Casafield.

Here are 3 sample videos so you can see the quality: https://drive.google.com/drive/folders/1QL-_djO9K9sW-ETXCa_t53SuwNP0bOzl?usp=sharing

If you're interested, I'd be happy to discuss details — and if you'd like, tell me how you'd want yours to look and I'll put one together for Casafield to look at first, no cost.

Would love any feedback either way. Have a great day!

Best regards,
Ethan

---
c/o IP-Management #8850
Ludwig-Erhard-Straße 18
20459 Hamburg
Deutschland
Don't want to hear from me again? Just reply and let me know."
Sorbus Home,support@sorbushome.com,USA · Home Organization & Storage,"Storage bins, closet & clothing organization",https://sorbushome.com/,@sorbushome,quick idea for Sorbus Home,"Hi there,

I came across Sorbus Home and your Storage bins, closet & clothing organization really stood out — but I couldn't find a single video on the site or your Instagram.

My name is Ethan and I'm writing with a collaboration idea.

I noticed an opportunity to boost sales through motion design, which has a proven impact on brand perception — 63% of people worldwide say they prefer watching a short video about a product before buying it.

I specialize in turning existing product photos into high-converting 16:9 video ads (no filming needed) and I'd love to create one for Sorbus Home.

Here are 3 sample videos so you can see the quality: https://drive.google.com/drive/folders/1QL-_djO9K9sW-ETXCa_t53SuwNP0bOzl?usp=sharing

If you're interested, I'd be happy to discuss details — and if you'd like, tell me how you'd want yours to look and I'll put one together for Sorbus Home to look at first, no cost.

Would love any feedback either way. Have a great day!

Best regards,
Ethan

---
c/o IP-Management #8850
Ludwig-Erhard-Straße 18
20459 Hamburg
Deutschland
Don't want to hear from me again? Just reply and let me know."
BINO,support@binoproducts.com,USA · Home Organization & Storage,Stackable storage bins & drawers,https://binoproducts.com/,@binoproducts,quick idea for BINO,"Hi there,

I came across BINO and how clean your Stackable storage bins & drawers photography looks — really caught my attention.

My name is Ethan and I'm writing with a collaboration idea.

I noticed an opportunity to boost sales through motion design, which has a proven impact on brand perception — 63% of people worldwide say they prefer watching a short video about a product before buying it.

I specialize in turning existing product photos into high-converting 16:9 video ads (no filming needed) and I'd love to create one for BINO.

Here are 3 sample videos so you can see the quality: https://drive.google.com/drive/folders/1QL-_djO9K9sW-ETXCa_t53SuwNP0bOzl?usp=sharing

If you're interested, I'd be happy to discuss details — and if you'd like, tell me how you'd want yours to look and I'll put one together for BINO to look at first, no cost.

Would love any feedback either way. Have a great day!

Best regards,
Ethan

---
c/o IP-Management #8850
Ludwig-Erhard-Straße 18
20459 Hamburg
Deutschland
Don't want to hear from me again? Just reply and let me know."
Wallery,hello@walleryco.com,USA · Home Organization & Storage,Pantry & spice labels (label systems),https://walleryco.com/products/20-pantry-labels,@walleryco,quick idea for Wallery,"Hi there,

I came across Wallery — your Pantry & spice labels lineup looks great, and I noticed there's no video anywhere on your site or ads yet.

My name is Ethan and I'm writing with a collaboration idea.

I noticed an opportunity to boost sales through motion design, which has a proven impact on brand perception — 63% of people worldwide say they prefer watching a short video about a product before buying it.

I specialize in turning existing product photos into high-converting 16:9 video ads (no filming needed) and I'd love to create one for Wallery.

Here are 3 sample videos so you can see the quality: https://drive.google.com/drive/folders/1QL-_djO9K9sW-ETXCa_t53SuwNP0bOzl?usp=sharing

If you're interested, I'd be happy to discuss details — and if you'd like, tell me how you'd want yours to look and I'll put one together for Wallery to look at first, no cost.

Would love any feedback either way. Have a great day!

Best regards,
Ethan

---
c/o IP-Management #8850
Ludwig-Erhard-Straße 18
20459 Hamburg
Deutschland
Don't want to hear from me again? Just reply and let me know."
Savvy & Sorted,support@savvyandsorted.com,USA · Home Organization & Storage,"Pantry, spice & storage bin labels (label systems)",https://savvyandsorted.com/collections/pantry-labels,@savvyandsorted,quick idea for Savvy & Sorted,"Hi there,

I was looking at Savvy & Sorted's site and noticed your Pantry, spice & storage bin labels are shown in photos only — no video anywhere yet.

My name is Ethan and I'm writing with a collaboration idea.

I noticed an opportunity to boost sales through motion design, which has a proven impact on brand perception — 63% of people worldwide say they prefer watching a short video about a product before buying it.

I specialize in turning existing product photos into high-converting 16:9 video ads (no filming needed) and I'd love to create one for Savvy & Sorted.

Here are 3 sample videos so you can see the quality: https://drive.google.com/drive/folders/1QL-_djO9K9sW-ETXCa_t53SuwNP0bOzl?usp=sharing

If you're interested, I'd be happy to discuss details — and if you'd like, tell me how you'd want yours to look and I'll put one together for Savvy & Sorted to look at first, no cost.

Would love any feedback either way. Have a great day!

Best regards,
Ethan

---
c/o IP-Management #8850
Ludwig-Erhard-Straße 18
20459 Hamburg
Deutschland
Don't want to hear from me again? Just reply and let me know."
Delamu,info@delamu.com,USA · Home Organization & Storage,Wire storage baskets & cable/cord organizers,https://www.delamu.com/collections/all,@delamuhome,quick idea for Delamu,"Hi there,

I came across Delamu and your Wire storage baskets & cable/cord organizers really stood out — but I couldn't find a single video on the site or your Instagram.

My name is Ethan and I'm writing with a collaboration idea.

I noticed an opportunity to boost sales through motion design, which has a proven impact on brand perception — 63% of people worldwide say they prefer watching a short video about a product before buying it.

I specialize in turning existing product photos into high-converting 16:9 video ads (no filming needed) and I'd love to create one for Delamu.

Here are 3 sample videos so you can see the quality: https://drive.google.com/drive/folders/1QL-_djO9K9sW-ETXCa_t53SuwNP0bOzl?usp=sharing

If you're interested, I'd be happy to discuss details — and if you'd like, tell me how you'd want yours to look and I'll put one together for Delamu to look at first, no cost.

Would love any feedback either way. Have a great day!

Best regards,
Ethan

---
c/o IP-Management #8850
Ludwig-Erhard-Straße 18
20459 Hamburg
Deutschland
Don't want to hear from me again? Just reply and let me know."
Magic Closets,shopmagiccloset@gmail.com,USA · Home Organization & Storage,Drawer organizers & dividers,https://themagicclosets.com/collections/drawer-organizers,@themagicclosets,quick idea for Magic Closets,"Hi there,

I came across Magic Closets and how clean your Drawer organizers & dividers photography looks — really caught my attention.

My name is Ethan and I'm writing with a collaboration idea.

I noticed an opportunity to boost sales through motion design, which has a proven impact on brand perception — 63% of people worldwide say they prefer watching a short video about a product before buying it.

I specialize in turning existing product photos into high-converting 16:9 video ads (no filming needed) and I'd love to create one for Magic Closets.

Here are 3 sample videos so you can see the quality: https://drive.google.com/drive/folders/1QL-_djO9K9sW-ETXCa_t53SuwNP0bOzl?usp=sharing

If you're interested, I'd be happy to discuss details — and if you'd like, tell me how you'd want yours to look and I'll put one together for Magic Closets to look at first, no cost.

Would love any feedback either way. Have a great day!

Best regards,
Ethan

---
c/o IP-Management #8850
Ludwig-Erhard-Straße 18
20459 Hamburg
Deutschland
Don't want to hear from me again? Just reply and let me know."
Homeries,info@homeries.com,USA · Home Organization & Storage,Pantry & fridge organizer bins,https://homeries.com/,@homeries,quick idea for Homeries,"Hi there,

I came across Homeries — your Pantry & fridge organizer bins lineup looks great, and I noticed there's no video anywhere on your site or ads yet.

My name is Ethan and I'm writing with a collaboration idea.

I noticed an opportunity to boost sales through motion design, which has a proven impact on brand perception — 63% of people worldwide say they prefer watching a short video about a product before buying it.

I specialize in turning existing product photos into high-converting 16:9 video ads (no filming needed) and I'd love to create one for Homeries.

Here are 3 sample videos so you can see the quality: https://drive.google.com/drive/folders/1QL-_djO9K9sW-ETXCa_t53SuwNP0bOzl?usp=sharing

If you're interested, I'd be happy to discuss details — and if you'd like, tell me how you'd want yours to look and I'll put one together for Homeries to look at first, no cost.

Would love any feedback either way. Have a great day!

Best regards,
Ethan

---
c/o IP-Management #8850
Ludwig-Erhard-Straße 18
20459 Hamburg
Deutschland
Don't want to hear from me again? Just reply and let me know."
EcoNour,sales@econour.com,USA · Auto-Zubehör (Sonnenschutz),Car windshield sunshades / interior accessories,https://www.econour.com/,@econour_official,quick idea for EcoNour,"Hi there,

I was looking at EcoNour's site and noticed your Car windshield sunshades / interior accessories are shown in photos only — no video anywhere yet.

My name is Ethan and I'm writing with a collaboration idea.

I noticed an opportunity to boost sales through motion design, which has a proven impact on brand perception — 63% of people worldwide say they prefer watching a short video about a product before buying it.

I specialize in turning existing product photos into high-converting 16:9 video ads (no filming needed) and I'd love to create one for EcoNour.

Here are 3 sample videos so you can see the quality: https://drive.google.com/drive/folders/1QL-_djO9K9sW-ETXCa_t53SuwNP0bOzl?usp=sharing

If you're interested, I'd be happy to discuss details — and if you'd like, tell me how you'd want yours to look and I'll put one together for EcoNour to look at first, no cost.

Would love any feedback either way. Have a great day!

Best regards,
Ethan

---
c/o IP-Management #8850
Ludwig-Erhard-Straße 18
20459 Hamburg
Deutschland
Don't want to hear from me again? Just reply and let me know."
Coverado,services@coverado.com,USA · Auto-Zubehör (Sitzbezüge),"Car seat covers, floor mats, console organizers",https://coverado.com/,@coveradoauto,quick idea for Coverado,"Hi there,

I came across Coverado and your Car seat covers, floor mats, console organizers really stood out — but I couldn't find a single video on the site or your Instagram.

My name is Ethan and I'm writing with a collaboration idea.

I noticed an opportunity to boost sales through motion design, which has a proven impact on brand perception — 63% of people worldwide say they prefer watching a short video about a product before buying it.

I specialize in turning existing product photos into high-converting 16:9 video ads (no filming needed) and I'd love to create one for Coverado.

Here are 3 sample videos so you can see the quality: https://drive.google.com/drive/folders/1QL-_djO9K9sW-ETXCa_t53SuwNP0bOzl?usp=sharing

If you're interested, I'd be happy to discuss details — and if you'd like, tell me how you'd want yours to look and I'll put one together for Coverado to look at first, no cost.

Would love any feedback either way. Have a great day!

Best regards,
Ethan

---
c/o IP-Management #8850
Ludwig-Erhard-Straße 18
20459 Hamburg
Deutschland
Don't want to hear from me again? Just reply and let me know."
VANMASS,service@vanmasslife.com,USA · Auto-Zubehör (Handyhalterung),Car phone mounts,https://www.vanmass.com/,@vanmasslife__,quick idea for VANMASS,"Hi there,

I came across VANMASS and how clean your Car phone mounts photography looks — really caught my attention.

My name is Ethan and I'm writing with a collaboration idea.

I noticed an opportunity to boost sales through motion design, which has a proven impact on brand perception — 63% of people worldwide say they prefer watching a short video about a product before buying it.

I specialize in turning existing product photos into high-converting 16:9 video ads (no filming needed) and I'd love to create one for VANMASS.

Here are 3 sample videos so you can see the quality: https://drive.google.com/drive/folders/1QL-_djO9K9sW-ETXCa_t53SuwNP0bOzl?usp=sharing

If you're interested, I'd be happy to discuss details — and if you'd like, tell me how you'd want yours to look and I'll put one together for VANMASS to look at first, no cost.

Would love any feedback either way. Have a great day!

Best regards,
Ethan

---
c/o IP-Management #8850
Ludwig-Erhard-Straße 18
20459 Hamburg
Deutschland
Don't want to hear from me again? Just reply and let me know."
FORTEM,customersupport@gofortem.com,USA · Auto-Zubehör (Kofferraum-Organizer),Trunk/cargo organizers,https://gofortem.com/,@gofortem,quick idea for FORTEM,"Hi there,

I came across FORTEM — your Trunk/cargo organizers lineup looks great, and I noticed there's no video anywhere on your site or ads yet.

My name is Ethan and I'm writing with a collaboration idea.

I noticed an opportunity to boost sales through motion design, which has a proven impact on brand perception — 63% of people worldwide say they prefer watching a short video about a product before buying it.

I specialize in turning existing product photos into high-converting 16:9 video ads (no filming needed) and I'd love to create one for FORTEM.

Here are 3 sample videos so you can see the quality: https://drive.google.com/drive/folders/1QL-_djO9K9sW-ETXCa_t53SuwNP0bOzl?usp=sharing

If you're interested, I'd be happy to discuss details — and if you'd like, tell me how you'd want yours to look and I'll put one together for FORTEM to look at first, no cost.

Would love any feedback either way. Have a great day!

Best regards,
Ethan

---
c/o IP-Management #8850
Ludwig-Erhard-Straße 18
20459 Hamburg
Deutschland
Don't want to hear from me again? Just reply and let me know."
BASENOR,support@basenor.com,USA · Auto-Zubehör (Tesla Kofferraum-/Innenraum-Organizer),Tesla trunk and console organizers,https://www.basenor.com/,@basenor_tesla_accessories,quick idea for BASENOR,"Hi there,

I was looking at BASENOR's site and noticed your Tesla trunk and console organizers are shown in photos only — no video anywhere yet.

My name is Ethan and I'm writing with a collaboration idea.

I noticed an opportunity to boost sales through motion design, which has a proven impact on brand perception — 63% of people worldwide say they prefer watching a short video about a product before buying it.

I specialize in turning existing product photos into high-converting 16:9 video ads (no filming needed) and I'd love to create one for BASENOR.

Here are 3 sample videos so you can see the quality: https://drive.google.com/drive/folders/1QL-_djO9K9sW-ETXCa_t53SuwNP0bOzl?usp=sharing

If you're interested, I'd be happy to discuss details — and if you'd like, tell me how you'd want yours to look and I'll put one together for BASENOR to look at first, no cost.

Would love any feedback either way. Have a great day!

Best regards,
Ethan

---
c/o IP-Management #8850
Ludwig-Erhard-Straße 18
20459 Hamburg
Deutschland
Don't want to hear from me again? Just reply and let me know."
Lamicall,support@lamicall.com,USA · Auto-Zubehör (Handyhalterung),Car phone mounts / phone stands,https://lamicallshop.com/,@lamicall_official,quick idea for Lamicall,"Hi there,

I came across Lamicall and your Car phone mounts / phone stands really stood out — but I couldn't find a single video on the site or your Instagram.

My name is Ethan and I'm writing with a collaboration idea.

I noticed an opportunity to boost sales through motion design, which has a proven impact on brand perception — 63% of people worldwide say they prefer watching a short video about a product before buying it.

I specialize in turning existing product photos into high-converting 16:9 video ads (no filming needed) and I'd love to create one for Lamicall.

Here are 3 sample videos so you can see the quality: https://drive.google.com/drive/folders/1QL-_djO9K9sW-ETXCa_t53SuwNP0bOzl?usp=sharing

If you're interested, I'd be happy to discuss details — and if you'd like, tell me how you'd want yours to look and I'll put one together for Lamicall to look at first, no cost.

Would love any feedback either way. Have a great day!

Best regards,
Ethan

---
c/o IP-Management #8850
Ludwig-Erhard-Straße 18
20459 Hamburg
Deutschland
Don't want to hear from me again? Just reply and let me know."
Ototo Design,support@ototodesign.com,USA · D2C e-commerce + wholesale/retail,"Novelty kitchen gadgets & tools (graters, peelers, cutting boards, utensils)",https://ototodesign.com/,@ototodesign,quick idea for Ototo Design,"Hi there,

I came across Ototo Design and how clean your Novelty kitchen gadgets & tools photography looks — really caught my attention.

My name is Ethan and I'm writing with a collaboration idea.

I noticed an opportunity to boost sales through motion design, which has a proven impact on brand perception — 63% of people worldwide say they prefer watching a short video about a product before buying it.

I specialize in turning existing product photos into high-converting 16:9 video ads (no filming needed) and I'd love to create one for Ototo Design.

Here are 3 sample videos so you can see the quality: https://drive.google.com/drive/folders/1QL-_djO9K9sW-ETXCa_t53SuwNP0bOzl?usp=sharing

If you're interested, I'd be happy to discuss details — and if you'd like, tell me how you'd want yours to look and I'll put one together for Ototo Design to look at first, no cost.

Would love any feedback either way. Have a great day!

Best regards,
Ethan

---
c/o IP-Management #8850
Ludwig-Erhard-Straße 18
20459 Hamburg
Deutschland
Don't want to hear from me again? Just reply and let me know."
Fullstar Kitchenware,hello@fullstarkitchenware.com,USA · D2C e-commerce (Shopify) + Amazon,"Vegetable choppers, slicers & spiralizers",https://fullstarkitchenware.com/,@fullstar_kitchen,quick idea for Fullstar Kitchenware,"Hi there,

I came across Fullstar Kitchenware — your Vegetable choppers, slicers & spiralizers lineup looks great, and I noticed there's no video anywhere on your site or ads yet.

My name is Ethan and I'm writing with a collaboration idea.

I noticed an opportunity to boost sales through motion design, which has a proven impact on brand perception — 63% of people worldwide say they prefer watching a short video about a product before buying it.

I specialize in turning existing product photos into high-converting 16:9 video ads (no filming needed) and I'd love to create one for Fullstar Kitchenware.

Here are 3 sample videos so you can see the quality: https://drive.google.com/drive/folders/1QL-_djO9K9sW-ETXCa_t53SuwNP0bOzl?usp=sharing

If you're interested, I'd be happy to discuss details — and if you'd like, tell me how you'd want yours to look and I'll put one together for Fullstar Kitchenware to look at first, no cost.

Would love any feedback either way. Have a great day!

Best regards,
Ethan

---
c/o IP-Management #8850
Ludwig-Erhard-Straße 18
20459 Hamburg
Deutschland
Don't want to hear from me again? Just reply and let me know."
Gorilla Grip,hello@gorillagrip.com,USA · D2C e-commerce + Amazon,"Kitchen tools & organizers (cutting boards, graters, drawer liners)",https://gorillagrip.com/,@gorillagripusa,quick idea for Gorilla Grip,"Hi there,

I was looking at Gorilla Grip's site and noticed your Kitchen tools & organizers are shown in photos only — no video anywhere yet.

My name is Ethan and I'm writing with a collaboration idea.

I noticed an opportunity to boost sales through motion design, which has a proven impact on brand perception — 63% of people worldwide say they prefer watching a short video about a product before buying it.

I specialize in turning existing product photos into high-converting 16:9 video ads (no filming needed) and I'd love to create one for Gorilla Grip.

Here are 3 sample videos so you can see the quality: https://drive.google.com/drive/folders/1QL-_djO9K9sW-ETXCa_t53SuwNP0bOzl?usp=sharing

If you're interested, I'd be happy to discuss details — and if you'd like, tell me how you'd want yours to look and I'll put one together for Gorilla Grip to look at first, no cost.

Would love any feedback either way. Have a great day!

Best regards,
Ethan

---
c/o IP-Management #8850
Ludwig-Erhard-Straße 18
20459 Hamburg
Deutschland
Don't want to hear from me again? Just reply and let me know."
360 Knife Block,sara@360knifeblock.com,"USA · D2C e-commerce, handmade in Washington State",Magnetic rotating knife block / knife storage,https://360knifeblock.com/,@360knifeblock,quick idea for 360 Knife Block,"Hi there,

I came across 360 Knife Block and your Magnetic rotating knife block / knife storage really stood out — but I couldn't find a single video on the site or your Instagram.

My name is Ethan and I'm writing with a collaboration idea.

I noticed an opportunity to boost sales through motion design, which has a proven impact on brand perception — 63% of people worldwide say they prefer watching a short video about a product before buying it.

I specialize in turning existing product photos into high-converting 16:9 video ads (no filming needed) and I'd love to create one for 360 Knife Block.

Here are 3 sample videos so you can see the quality: https://drive.google.com/drive/folders/1QL-_djO9K9sW-ETXCa_t53SuwNP0bOzl?usp=sharing

If you're interested, I'd be happy to discuss details — and if you'd like, tell me how you'd want yours to look and I'll put one together for 360 Knife Block to look at first, no cost.

Would love any feedback either way. Have a great day!

Best regards,
Ethan

---
c/o IP-Management #8850
Ludwig-Erhard-Straße 18
20459 Hamburg
Deutschland
Don't want to hear from me again? Just reply and let me know."
Prepara,info@prepara.com,USA · D2C e-commerce + specialty retail,"Kitchen gadgets & storage (herb savers, click containers, prep tools)",https://prepara.com/,@officialprepara,quick idea for Prepara,"Hi there,

I came across Prepara and how clean your Kitchen gadgets & storage photography looks — really caught my attention.

My name is Ethan and I'm writing with a collaboration idea.

I noticed an opportunity to boost sales through motion design, which has a proven impact on brand perception — 63% of people worldwide say they prefer watching a short video about a product before buying it.

I specialize in turning existing product photos into high-converting 16:9 video ads (no filming needed) and I'd love to create one for Prepara.

Here are 3 sample videos so you can see the quality: https://drive.google.com/drive/folders/1QL-_djO9K9sW-ETXCa_t53SuwNP0bOzl?usp=sharing

If you're interested, I'd be happy to discuss details — and if you'd like, tell me how you'd want yours to look and I'll put one together for Prepara to look at first, no cost.

Would love any feedback either way. Have a great day!

Best regards,
Ethan

---
c/o IP-Management #8850
Ludwig-Erhard-Straße 18
20459 Hamburg
Deutschland
Don't want to hear from me again? Just reply and let me know."
JoyJolt,info@joyjolt.com,USA · D2C e-commerce + Amazon,Glass food storage containers & meal-prep sets,https://www.joyjolt.com/,@joyjolt,quick idea for JoyJolt,"Hi there,

I came across JoyJolt — your Glass food storage containers & meal-prep sets lineup looks great, and I noticed there's no video anywhere on your site or ads yet.

My name is Ethan and I'm writing with a collaboration idea.

I noticed an opportunity to boost sales through motion design, which has a proven impact on brand perception — 63% of people worldwide say they prefer watching a short video about a product before buying it.

I specialize in turning existing product photos into high-converting 16:9 video ads (no filming needed) and I'd love to create one for JoyJolt.

Here are 3 sample videos so you can see the quality: https://drive.google.com/drive/folders/1QL-_djO9K9sW-ETXCa_t53SuwNP0bOzl?usp=sharing

If you're interested, I'd be happy to discuss details — and if you'd like, tell me how you'd want yours to look and I'll put one together for JoyJolt to look at first, no cost.

Would love any feedback either way. Have a great day!

Best regards,
Ethan

---
c/o IP-Management #8850
Ludwig-Erhard-Straße 18
20459 Hamburg
Deutschland
Don't want to hear from me again? Just reply and let me know."
RSVP International,customerservice@rsvp-intl.com,"USA · Independent wholesale + D2C e-commerce, founded 1984","Kitchen helpers & prep utensils (colanders, strainers, peelers, egg/fruit tools)",https://rsvp-intl.com/collections/kitchen-helpers,@rsvpinternational,quick idea for RSVP International,"Hi there,

I was looking at RSVP International's site and noticed your Kitchen helpers & prep utensils are shown in photos only — no video anywhere yet.

My name is Ethan and I'm writing with a collaboration idea.

I noticed an opportunity to boost sales through motion design, which has a proven impact on brand perception — 63% of people worldwide say they prefer watching a short video about a product before buying it.

I specialize in turning existing product photos into high-converting 16:9 video ads (no filming needed) and I'd love to create one for RSVP International.

Here are 3 sample videos so you can see the quality: https://drive.google.com/drive/folders/1QL-_djO9K9sW-ETXCa_t53SuwNP0bOzl?usp=sharing

If you're interested, I'd be happy to discuss details — and if you'd like, tell me how you'd want yours to look and I'll put one together for RSVP International to look at first, no cost.

Would love any feedback either way. Have a great day!

Best regards,
Ethan

---
c/o IP-Management #8850
Ludwig-Erhard-Straße 18
20459 Hamburg
Deutschland
Don't want to hear from me again? Just reply and let me know."
Spicy Shelf (Spicy Life LLC),sales@thespicyshelf.com,USA · D2C e-commerce + big-box retail (As Seen on TV),Expandable spice rack & cabinet/pantry organizer,https://www.thespicyshelf.com/,@spicyshelfofficial,quick idea for Spicy Shelf (Spicy Life LLC),"Hi there,

I came across Spicy Shelf (Spicy Life LLC) and your Expandable spice rack & cabinet/pantry organizer really stood out — but I couldn't find a single video on the site or your Instagram.

My name is Ethan and I'm writing with a collaboration idea.

I noticed an opportunity to boost sales through motion design, which has a proven impact on brand perception — 63% of people worldwide say they prefer watching a short video about a product before buying it.

I specialize in turning existing product photos into high-converting 16:9 video ads (no filming needed) and I'd love to create one for Spicy Shelf (Spicy Life LLC).

Here are 3 sample videos so you can see the quality: https://drive.google.com/drive/folders/1QL-_djO9K9sW-ETXCa_t53SuwNP0bOzl?usp=sharing

If you're interested, I'd be happy to discuss details — and if you'd like, tell me how you'd want yours to look and I'll put one together for Spicy Shelf (Spicy Life LLC) to look at first, no cost.

Would love any feedback either way. Have a great day!

Best regards,
Ethan

---
c/o IP-Management #8850
Ludwig-Erhard-Straße 18
20459 Hamburg
Deutschland
Don't want to hear from me again? Just reply and let me know."
HumanCentric,support@humancentric.com,USA · Home & Office Accessories,Desk shelf / monitor stand organizer,https://www.humancentric.com/,@humancentric,quick idea for HumanCentric,"Hi there,

I came across HumanCentric and how clean your Desk shelf / monitor stand organizer photography looks — really caught my attention.

My name is Ethan and I'm writing with a collaboration idea.

I noticed an opportunity to boost sales through motion design, which has a proven impact on brand perception — 63% of people worldwide say they prefer watching a short video about a product before buying it.

I specialize in turning existing product photos into high-converting 16:9 video ads (no filming needed) and I'd love to create one for HumanCentric.

Here are 3 sample videos so you can see the quality: https://drive.google.com/drive/folders/1QL-_djO9K9sW-ETXCa_t53SuwNP0bOzl?usp=sharing

If you're interested, I'd be happy to discuss details — and if you'd like, tell me how you'd want yours to look and I'll put one together for HumanCentric to look at first, no cost.

Would love any feedback either way. Have a great day!

Best regards,
Ethan

---
c/o IP-Management #8850
Ludwig-Erhard-Straße 18
20459 Hamburg
Deutschland
Don't want to hear from me again? Just reply and let me know."
Smartish (Cable Wrangler),support@smartish.com,USA · Desk Cable Management,Magnetic cable/cord organizer,https://smartish.com/,@staysmartish,quick idea for Smartish (Cable Wrangler),"Hi there,

I came across Smartish (Cable Wrangler) — your Magnetic cable/cord organizer lineup looks great, and I noticed there's no video anywhere on your site or ads yet.

My name is Ethan and I'm writing with a collaboration idea.

I noticed an opportunity to boost sales through motion design, which has a proven impact on brand perception — 63% of people worldwide say they prefer watching a short video about a product before buying it.

I specialize in turning existing product photos into high-converting 16:9 video ads (no filming needed) and I'd love to create one for Smartish (Cable Wrangler).

Here are 3 sample videos so you can see the quality: https://drive.google.com/drive/folders/1QL-_djO9K9sW-ETXCa_t53SuwNP0bOzl?usp=sharing

If you're interested, I'd be happy to discuss details — and if you'd like, tell me how you'd want yours to look and I'll put one together for Smartish (Cable Wrangler) to look at first, no cost.

Would love any feedback either way. Have a great day!

Best regards,
Ethan

---
c/o IP-Management #8850
Ludwig-Erhard-Straße 18
20459 Hamburg
Deutschland
Don't want to hear from me again? Just reply and let me know."
Vaydeer,vaydeervip@outlook.com,USA · Monitor Stands & Desk Organization,Monitor riser / desk organizer,https://www.vaydeer.com/,@vaydeerofficial,quick idea for Vaydeer,"Hi there,

I was looking at Vaydeer's site and noticed your Monitor riser / desk organizer are shown in photos only — no video anywhere yet.

My name is Ethan and I'm writing with a collaboration idea.

I noticed an opportunity to boost sales through motion design, which has a proven impact on brand perception — 63% of people worldwide say they prefer watching a short video about a product before buying it.

I specialize in turning existing product photos into high-converting 16:9 video ads (no filming needed) and I'd love to create one for Vaydeer.

Here are 3 sample videos so you can see the quality: https://drive.google.com/drive/folders/1QL-_djO9K9sW-ETXCa_t53SuwNP0bOzl?usp=sharing

If you're interested, I'd be happy to discuss details — and if you'd like, tell me how you'd want yours to look and I'll put one together for Vaydeer to look at first, no cost.

Would love any feedback either way. Have a great day!

Best regards,
Ethan

---
c/o IP-Management #8850
Ludwig-Erhard-Straße 18
20459 Hamburg
Deutschland
Don't want to hear from me again? Just reply and let me know."
WALI (Wali Electric),cs@walielectric.com,USA · Monitor Mounts & Desk Organizers,Monitor stand riser / desk organizer,https://walielectric.com/,@wali_electric,quick idea for WALI (Wali Electric),"Hi there,

I came across WALI (Wali Electric) and your Monitor stand riser / desk organizer really stood out — but I couldn't find a single video on the site or your Instagram.

My name is Ethan and I'm writing with a collaboration idea.

I noticed an opportunity to boost sales through motion design, which has a proven impact on brand perception — 63% of people worldwide say they prefer watching a short video about a product before buying it.

I specialize in turning existing product photos into high-converting 16:9 video ads (no filming needed) and I'd love to create one for WALI (Wali Electric).

Here are 3 sample videos so you can see the quality: https://drive.google.com/drive/folders/1QL-_djO9K9sW-ETXCa_t53SuwNP0bOzl?usp=sharing

If you're interested, I'd be happy to discuss details — and if you'd like, tell me how you'd want yours to look and I'll put one together for WALI (Wali Electric) to look at first, no cost.

Would love any feedback either way. Have a great day!

Best regards,
Ethan

---
c/o IP-Management #8850
Ludwig-Erhard-Straße 18
20459 Hamburg
Deutschland
Don't want to hear from me again? Just reply and let me know."
TESLYAR,support@teslyar.com,USA · Wooden Desk Organizers,Wooden desk organizer / docking station,https://teslyar.com/,@teslyar_woodcraft,quick idea for TESLYAR,"Hi there,

I came across TESLYAR and how clean your Wooden desk organizer / docking station photography looks — really caught my attention.

My name is Ethan and I'm writing with a collaboration idea.

I noticed an opportunity to boost sales through motion design, which has a proven impact on brand perception — 63% of people worldwide say they prefer watching a short video about a product before buying it.

I specialize in turning existing product photos into high-converting 16:9 video ads (no filming needed) and I'd love to create one for TESLYAR.

Here are 3 sample videos so you can see the quality: https://drive.google.com/drive/folders/1QL-_djO9K9sW-ETXCa_t53SuwNP0bOzl?usp=sharing

If you're interested, I'd be happy to discuss details — and if you'd like, tell me how you'd want yours to look and I'll put one together for TESLYAR to look at first, no cost.

Would love any feedback either way. Have a great day!

Best regards,
Ethan

---
c/o IP-Management #8850
Ludwig-Erhard-Straße 18
20459 Hamburg
Deutschland
Don't want to hear from me again? Just reply and let me know."
FluidStance,flow@fluidstance.com,USA · Desk Organization & Ergonomics,Cork desk organizer (Bloc),https://fluidstance.com/products/bloc-desk-organizer,@fluidstance,quick idea for FluidStance,"Hi there,

I came across FluidStance — your Cork desk organizer lineup looks great, and I noticed there's no video anywhere on your site or ads yet.

My name is Ethan and I'm writing with a collaboration idea.

I noticed an opportunity to boost sales through motion design, which has a proven impact on brand perception — 63% of people worldwide say they prefer watching a short video about a product before buying it.

I specialize in turning existing product photos into high-converting 16:9 video ads (no filming needed) and I'd love to create one for FluidStance.

Here are 3 sample videos so you can see the quality: https://drive.google.com/drive/folders/1QL-_djO9K9sW-ETXCa_t53SuwNP0bOzl?usp=sharing

If you're interested, I'd be happy to discuss details — and if you'd like, tell me how you'd want yours to look and I'll put one together for FluidStance to look at first, no cost.

Would love any feedback either way. Have a great day!

Best regards,
Ethan

---
c/o IP-Management #8850
Ludwig-Erhard-Straße 18
20459 Hamburg
Deutschland
Don't want to hear from me again? Just reply and let me know."
Mount-It!,support@mount-it.com,USA · Monitor Arms & Desk Accessories,Monitor arm / desk mount organizer,https://www.mount-it.com/,@mount_it_,quick idea for Mount-It!,"Hi there,

I was looking at Mount-It!'s site and noticed your Monitor arm / desk mount organizer are shown in photos only — no video anywhere yet.

My name is Ethan and I'm writing with a collaboration idea.

I noticed an opportunity to boost sales through motion design, which has a proven impact on brand perception — 63% of people worldwide say they prefer watching a short video about a product before buying it.

I specialize in turning existing product photos into high-converting 16:9 video ads (no filming needed) and I'd love to create one for Mount-It!.

Here are 3 sample videos so you can see the quality: https://drive.google.com/drive/folders/1QL-_djO9K9sW-ETXCa_t53SuwNP0bOzl?usp=sharing

If you're interested, I'd be happy to discuss details — and if you'd like, tell me how you'd want yours to look and I'll put one together for Mount-It! to look at first, no cost.

Would love any feedback either way. Have a great day!

Best regards,
Ethan

---
c/o IP-Management #8850
Ludwig-Erhard-Straße 18
20459 Hamburg
Deutschland
Don't want to hear from me again? Just reply and let me know."
Hawkins New York,press@hawkinsnewyork.com,USA · Desk & Home Office Accessories,"Desk accessories (wastebasket, office decor)",https://www.hawkinsnewyork.com/,@hawkinsnewyork,quick idea for Hawkins New York,"Hi there,

I came across Hawkins New York and your Desk accessories really stood out — but I couldn't find a single video on the site or your Instagram.

My name is Ethan and I'm writing with a collaboration idea.

I noticed an opportunity to boost sales through motion design, which has a proven impact on brand perception — 63% of people worldwide say they prefer watching a short video about a product before buying it.

I specialize in turning existing product photos into high-converting 16:9 video ads (no filming needed) and I'd love to create one for Hawkins New York.

Here are 3 sample videos so you can see the quality: https://drive.google.com/drive/folders/1QL-_djO9K9sW-ETXCa_t53SuwNP0bOzl?usp=sharing

If you're interested, I'd be happy to discuss details — and if you'd like, tell me how you'd want yours to look and I'll put one together for Hawkins New York to look at first, no cost.

Would love any feedback either way. Have a great day!

Best regards,
Ethan

---
c/o IP-Management #8850
Ludwig-Erhard-Straße 18
20459 Hamburg
Deutschland
Don't want to hear from me again? Just reply and let me know."
Desky,help@desky.com,USA · Standing Desk & Cable Management Accessories,Cable management / desk organization,https://desky.com/,@deskyau,quick idea for Desky,"Hi there,

I came across Desky and how clean your Cable management / desk organization photography looks — really caught my attention.

My name is Ethan and I'm writing with a collaboration idea.

I noticed an opportunity to boost sales through motion design, which has a proven impact on brand perception — 63% of people worldwide say they prefer watching a short video about a product before buying it.

I specialize in turning existing product photos into high-converting 16:9 video ads (no filming needed) and I'd love to create one for Desky.

Here are 3 sample videos so you can see the quality: https://drive.google.com/drive/folders/1QL-_djO9K9sW-ETXCa_t53SuwNP0bOzl?usp=sharing

If you're interested, I'd be happy to discuss details — and if you'd like, tell me how you'd want yours to look and I'll put one together for Desky to look at first, no cost.

Would love any feedback either way. Have a great day!

Best regards,
Ethan

---
c/o IP-Management #8850
Ludwig-Erhard-Straße 18
20459 Hamburg
Deutschland
Don't want to hear from me again? Just reply and let me know."
Branch Furniture,hello@branchfurniture.com,USA · Office Furniture & Desk Accessories,Cable organizer / desk accessories,https://www.branchfurniture.com/,@branchfurniture,quick idea for Branch Furniture,"Hi there,

I came across Branch Furniture — your Cable organizer / desk accessories lineup looks great, and I noticed there's no video anywhere on your site or ads yet.

My name is Ethan and I'm writing with a collaboration idea.

I noticed an opportunity to boost sales through motion design, which has a proven impact on brand perception — 63% of people worldwide say they prefer watching a short video about a product before buying it.

I specialize in turning existing product photos into high-converting 16:9 video ads (no filming needed) and I'd love to create one for Branch Furniture.

Here are 3 sample videos so you can see the quality: https://drive.google.com/drive/folders/1QL-_djO9K9sW-ETXCa_t53SuwNP0bOzl?usp=sharing

If you're interested, I'd be happy to discuss details — and if you'd like, tell me how you'd want yours to look and I'll put one together for Branch Furniture to look at first, no cost.

Would love any feedback either way. Have a great day!

Best regards,
Ethan

---
c/o IP-Management #8850
Ludwig-Erhard-Straße 18
20459 Hamburg
Deutschland
Don't want to hear from me again? Just reply and let me know."
elago,cs@elago.com,USA · Desk & Magnetic Organization Accessories,Magnetic desk mat / cable organizer,https://www.elago.com/,@elago_official,quick idea for elago,"Hi there,

I was looking at elago's site and noticed your Magnetic desk mat / cable organizer are shown in photos only — no video anywhere yet.

My name is Ethan and I'm writing with a collaboration idea.

I noticed an opportunity to boost sales through motion design, which has a proven impact on brand perception — 63% of people worldwide say they prefer watching a short video about a product before buying it.

I specialize in turning existing product photos into high-converting 16:9 video ads (no filming needed) and I'd love to create one for elago.

Here are 3 sample videos so you can see the quality: https://drive.google.com/drive/folders/1QL-_djO9K9sW-ETXCa_t53SuwNP0bOzl?usp=sharing

If you're interested, I'd be happy to discuss details — and if you'd like, tell me how you'd want yours to look and I'll put one together for elago to look at first, no cost.

Would love any feedback either way. Have a great day!

Best regards,
Ethan

---
c/o IP-Management #8850
Ludwig-Erhard-Straße 18
20459 Hamburg
Deutschland
Don't want to hear from me again? Just reply and let me know."
Rain Design,returns@raindesigninc.com,USA · Laptop & Monitor Stands,Laptop/monitor riser stand (mStand),https://raindesigninc.com/,@raindesigninc,quick idea for Rain Design,"Hi there,

I came across Rain Design and your Laptop/monitor riser stand really stood out — but I couldn't find a single video on the site or your Instagram.

My name is Ethan and I'm writing with a collaboration idea.

I noticed an opportunity to boost sales through motion design, which has a proven impact on brand perception — 63% of people worldwide say they prefer watching a short video about a product before buying it.

I specialize in turning existing product photos into high-converting 16:9 video ads (no filming needed) and I'd love to create one for Rain Design.

Here are 3 sample videos so you can see the quality: https://drive.google.com/drive/folders/1QL-_djO9K9sW-ETXCa_t53SuwNP0bOzl?usp=sharing

If you're interested, I'd be happy to discuss details — and if you'd like, tell me how you'd want yours to look and I'll put one together for Rain Design to look at first, no cost.

Would love any feedback either way. Have a great day!

Best regards,
Ethan

---
c/o IP-Management #8850
Ludwig-Erhard-Straße 18
20459 Hamburg
Deutschland
Don't want to hear from me again? Just reply and let me know."
Jelly Comb,us_support@jellycomb.com,USA · Desk Organization & Peripherals,Monitor stand riser with organizer drawer,https://www.jellycomb.com/,@jellycomb_official,quick idea for Jelly Comb,"Hi there,

I came across Jelly Comb and how clean your Monitor stand riser with organizer drawer photography looks — really caught my attention.

My name is Ethan and I'm writing with a collaboration idea.

I noticed an opportunity to boost sales through motion design, which has a proven impact on brand perception — 63% of people worldwide say they prefer watching a short video about a product before buying it.

I specialize in turning existing product photos into high-converting 16:9 video ads (no filming needed) and I'd love to create one for Jelly Comb.

Here are 3 sample videos so you can see the quality: https://drive.google.com/drive/folders/1QL-_djO9K9sW-ETXCa_t53SuwNP0bOzl?usp=sharing

If you're interested, I'd be happy to discuss details — and if you'd like, tell me how you'd want yours to look and I'll put one together for Jelly Comb to look at first, no cost.

Would love any feedback either way. Have a great day!

Best regards,
Ethan

---
c/o IP-Management #8850
Ludwig-Erhard-Straße 18
20459 Hamburg
Deutschland
Don't want to hear from me again? Just reply and let me know."
HUANUO,support@huanuo.com,USA · Monitor Arms & Ergonomic Desk Accessories,Monitor arm / stand,https://www.huanuo.com/,@huanuo_global,quick idea for HUANUO,"Hi there,

I came across HUANUO — your Monitor arm / stand lineup looks great, and I noticed there's no video anywhere on your site or ads yet.

My name is Ethan and I'm writing with a collaboration idea.

I noticed an opportunity to boost sales through motion design, which has a proven impact on brand perception — 63% of people worldwide say they prefer watching a short video about a product before buying it.

I specialize in turning existing product photos into high-converting 16:9 video ads (no filming needed) and I'd love to create one for HUANUO.

Here are 3 sample videos so you can see the quality: https://drive.google.com/drive/folders/1QL-_djO9K9sW-ETXCa_t53SuwNP0bOzl?usp=sharing

If you're interested, I'd be happy to discuss details — and if you'd like, tell me how you'd want yours to look and I'll put one together for HUANUO to look at first, no cost.

Would love any feedback either way. Have a great day!

Best regards,
Ethan

---
c/o IP-Management #8850
Ludwig-Erhard-Straße 18
20459 Hamburg
Deutschland
Don't want to hear from me again? Just reply and let me know."
North Bayou,north-bayou.com@merchmailservice.com,USA · Monitor Mounts (US-Vertrieb; Firmensitz Australien/China),Monitor arm / desk mount,https://north-bayou.com/,@northbayouofficial,quick idea for North Bayou,"Hi there,

I was looking at North Bayou's site and noticed your Monitor arm / desk mount are shown in photos only — no video anywhere yet.

My name is Ethan and I'm writing with a collaboration idea.

I noticed an opportunity to boost sales through motion design, which has a proven impact on brand perception — 63% of people worldwide say they prefer watching a short video about a product before buying it.

I specialize in turning existing product photos into high-converting 16:9 video ads (no filming needed) and I'd love to create one for North Bayou.

Here are 3 sample videos so you can see the quality: https://drive.google.com/drive/folders/1QL-_djO9K9sW-ETXCa_t53SuwNP0bOzl?usp=sharing

If you're interested, I'd be happy to discuss details — and if you'd like, tell me how you'd want yours to look and I'll put one together for North Bayou to look at first, no cost.

Would love any feedback either way. Have a great day!

Best regards,
Ethan

---
c/o IP-Management #8850
Ludwig-Erhard-Straße 18
20459 Hamburg
Deutschland
Don't want to hear from me again? Just reply and let me know."
Godefroy Beauty,support@godefroybeauty.com,USA · E-Commerce (D2C),Eyebrow tinting & grooming tool kits,https://godefroybeauty.com/,@godefroybeauty,quick idea for Godefroy Beauty,"Hi there,

I came across Godefroy Beauty and your Eyebrow tinting & grooming tool kits really stood out — but I couldn't find a single video on the site or your Instagram.

My name is Ethan and I'm writing with a collaboration idea.

I noticed an opportunity to boost sales through motion design, which has a proven impact on brand perception — 63% of people worldwide say they prefer watching a short video about a product before buying it.

I specialize in turning existing product photos into high-converting 16:9 video ads (no filming needed) and I'd love to create one for Godefroy Beauty.

Here are 3 sample videos so you can see the quality: https://drive.google.com/drive/folders/1QL-_djO9K9sW-ETXCa_t53SuwNP0bOzl?usp=sharing

If you're interested, I'd be happy to discuss details — and if you'd like, tell me how you'd want yours to look and I'll put one together for Godefroy Beauty to look at first, no cost.

Would love any feedback either way. Have a great day!

Best regards,
Ethan

---
c/o IP-Management #8850
Ludwig-Erhard-Straße 18
20459 Hamburg
Deutschland
Don't want to hear from me again? Just reply and let me know."
Spa Sciences,customerservice@spasciences.com,USA · E-Commerce (D2C),Facial cleansing device (sonic brush),https://spasciences.com/,@spasciences,quick idea for Spa Sciences,"Hi there,

I came across Spa Sciences and how clean your Facial cleansing device photography looks — really caught my attention.

My name is Ethan and I'm writing with a collaboration idea.

I noticed an opportunity to boost sales through motion design, which has a proven impact on brand perception — 63% of people worldwide say they prefer watching a short video about a product before buying it.

I specialize in turning existing product photos into high-converting 16:9 video ads (no filming needed) and I'd love to create one for Spa Sciences.

Here are 3 sample videos so you can see the quality: https://drive.google.com/drive/folders/1QL-_djO9K9sW-ETXCa_t53SuwNP0bOzl?usp=sharing

If you're interested, I'd be happy to discuss details — and if you'd like, tell me how you'd want yours to look and I'll put one together for Spa Sciences to look at first, no cost.

Would love any feedback either way. Have a great day!

Best regards,
Ethan

---
c/o IP-Management #8850
Ludwig-Erhard-Straße 18
20459 Hamburg
Deutschland
Don't want to hear from me again? Just reply and let me know."
KS&CO (by Kristie Streicher),info@theksandco.com,USA · E-Commerce (D2C),Eyebrow grooming tool kit,https://theksandco.com/,@ksandco,quick idea for KS&CO (by Kristie Streicher),"Hi there,

I came across KS&CO (by Kristie Streicher) — your Eyebrow grooming tool kit lineup looks great, and I noticed there's no video anywhere on your site or ads yet.

My name is Ethan and I'm writing with a collaboration idea.

I noticed an opportunity to boost sales through motion design, which has a proven impact on brand perception — 63% of people worldwide say they prefer watching a short video about a product before buying it.

I specialize in turning existing product photos into high-converting 16:9 video ads (no filming needed) and I'd love to create one for KS&CO (by Kristie Streicher).

Here are 3 sample videos so you can see the quality: https://drive.google.com/drive/folders/1QL-_djO9K9sW-ETXCa_t53SuwNP0bOzl?usp=sharing

If you're interested, I'd be happy to discuss details — and if you'd like, tell me how you'd want yours to look and I'll put one together for KS&CO (by Kristie Streicher) to look at first, no cost.

Would love any feedback either way. Have a great day!

Best regards,
Ethan

---
c/o IP-Management #8850
Ludwig-Erhard-Straße 18
20459 Hamburg
Deutschland
Don't want to hear from me again? Just reply and let me know."
Veg Out Organics,Info@VegOutPharm.com,"USA · E-Commerce (D2C, Virginia Beach VA)",Jade / Rose Quartz Gua Sha & Roller tool sets,https://vegoutorganics.com/,@vegout_organics,quick idea for Veg Out Organics,"Hi there,

I was looking at Veg Out Organics's site and noticed your Jade / Rose Quartz Gua Sha & Roller tool sets are shown in photos only — no video anywhere yet.

My name is Ethan and I'm writing with a collaboration idea.

I noticed an opportunity to boost sales through motion design, which has a proven impact on brand perception — 63% of people worldwide say they prefer watching a short video about a product before buying it.

I specialize in turning existing product photos into high-converting 16:9 video ads (no filming needed) and I'd love to create one for Veg Out Organics.

Here are 3 sample videos so you can see the quality: https://drive.google.com/drive/folders/1QL-_djO9K9sW-ETXCa_t53SuwNP0bOzl?usp=sharing

If you're interested, I'd be happy to discuss details — and if you'd like, tell me how you'd want yours to look and I'll put one together for Veg Out Organics to look at first, no cost.

Would love any feedback either way. Have a great day!

Best regards,
Ethan

---
c/o IP-Management #8850
Ludwig-Erhard-Straße 18
20459 Hamburg
Deutschland
Don't want to hear from me again? Just reply and let me know."
Wildling Beauty,hello@wildling.com,USA · E-Commerce (D2C),Gua Sha facial stone tool,https://wildling.com/,@wildling_beauty,quick idea for Wildling Beauty,"Hi there,

I came across Wildling Beauty and your Gua Sha facial stone tool really stood out — but I couldn't find a single video on the site or your Instagram.

My name is Ethan and I'm writing with a collaboration idea.

I noticed an opportunity to boost sales through motion design, which has a proven impact on brand perception — 63% of people worldwide say they prefer watching a short video about a product before buying it.

I specialize in turning existing product photos into high-converting 16:9 video ads (no filming needed) and I'd love to create one for Wildling Beauty.

Here are 3 sample videos so you can see the quality: https://drive.google.com/drive/folders/1QL-_djO9K9sW-ETXCa_t53SuwNP0bOzl?usp=sharing

If you're interested, I'd be happy to discuss details — and if you'd like, tell me how you'd want yours to look and I'll put one together for Wildling Beauty to look at first, no cost.

Would love any feedback either way. Have a great day!

Best regards,
Ethan

---
c/o IP-Management #8850
Ludwig-Erhard-Straße 18
20459 Hamburg
Deutschland
Don't want to hear from me again? Just reply and let me know."
ISO Beauty,info@isobeauty.com,"USA · E-Commerce (D2C, Canoga Park CA)",Hair styling tools (curling wands/irons),https://isobeauty.com/,@isobeauty,quick idea for ISO Beauty,"Hi there,

I came across ISO Beauty and how clean your Hair styling tools photography looks — really caught my attention.

My name is Ethan and I'm writing with a collaboration idea.

I noticed an opportunity to boost sales through motion design, which has a proven impact on brand perception — 63% of people worldwide say they prefer watching a short video about a product before buying it.

I specialize in turning existing product photos into high-converting 16:9 video ads (no filming needed) and I'd love to create one for ISO Beauty.

Here are 3 sample videos so you can see the quality: https://drive.google.com/drive/folders/1QL-_djO9K9sW-ETXCa_t53SuwNP0bOzl?usp=sharing

If you're interested, I'd be happy to discuss details — and if you'd like, tell me how you'd want yours to look and I'll put one together for ISO Beauty to look at first, no cost.

Would love any feedback either way. Have a great day!

Best regards,
Ethan

---
c/o IP-Management #8850
Ludwig-Erhard-Straße 18
20459 Hamburg
Deutschland
Don't want to hear from me again? Just reply and let me know."
