:020000022000DC
:107000000000042029AF030069AF03006BAF030049
:107010006DAF03006FAF030071AF0300000000000D
:10702000000000000000000000000000A5AE03000A
:1070300075AF030000000000C5AE030079AF030088
:107040007DB103007BAF03007BAF0300FD71030044
:10705000B17203007BAF03007BAF03007BAF030083
:107060007BAF03007BAF03007BAF03007BAF03006C
:107070007BAF03007BAF03007BAF03007BAF03005C
:107080007BAF0300F5AB03007BAF03007BAF0300D6
:107090007BAF03007BAF030025BC02007BAF030086
:1070A0007BAF03007BAF03007BAF03007BAF03002C
:1070B0007BAF03007BAF0300000000000000000076
:1070C0007BAF03007BAF03007BAF030069B203001B
:1070D0007BAF03007BAF03007BAF030055D1020001
:1070E0007BAF03007BAF03007BAF03000000000019
:1070F000000000007BAF030000000000E1B20300CD
:10710000000000000000000000000000000000007F
:10711000000000000000000000000000000000006F
:10712000000000000000000000000000000000005F
:10713000000000000000000000000000000000004F
:10714000000000000000000000000000000000003F
:10715000000000000000000000000000000000002F
:10716000000000000000000000000000000000001F
:10717000000000000000000000000000000000000F
:1071800000000000000000000000000000000000FF
:1071900000000000000000000000000000000000EF
:1071A00000000000000000000000000000000000DF
:1071B00000000000000000000000000000000000CF
:1071C00000000000000000000000000000000000BF
:1071D00000000000000000000000000000000000AF
:1071E000000000000000000000000000000000009F
:1071F000000000000000000000000000000000008F
:10720000F1EE103A43F08073E1EE103A704700BFA0
:1072100010B5054C237833B9044B13B10448AFF3D0
:1072200000800123237010BDCC630020000000000B
:107230006475040008B5034B1BB103490348AFF361
:10724000008008BD00000000D063002064750400C9
:10725000154B002B08BF134B9D46A3F5803A002128
:107260008B460F461348144A121A1AF027FB0F4B8D
:10727000002B00D098470E4B002B00D098470020E1
:10728000002104000D000D48002802D00C48AFF387
:1072900000801AF0A9FA2000290013F09DFE1AF0D0
:1072A0007DFA00BF0000080000000420000000007C
:1072B00000000000CC63002078BC0020000000002B
:1072C00000000000704700BF704700BF10B50A4CB7
:1072D000142B04F10400A8BF142311461A460023FE
:1072E0006360C0E90133C0E9033303751AF0BEFAE5
:1072F000024B01221A7010BDD0720020C2870020FC
:10730000032B05D903491268034B0A6001221A7046
:10731000704700BF5C750020C0870020012B08D992
:10732000517813780348044A43EA0123012103807A
:107330001170704798750020C1870020012B05D976
:1073400051781378024A43EA01231380704700BF43
:1073500070750020012B0ED9137807490748032BBD
:10736000A8BF03234B765378003B4FF0010218BFB0
:1073700001238B7602707047D0720020C3870020F3
:10738000032B00D870472DE9F8430E46176813F019
:1073900019FC224B224A1B88148803F500731B1B1F
:1073A0005A42C2F30802C3F3080358BF53429BB2C8
:1073B0004CB3013C1C44DFF870E0DFF868C0A4B2B5
:1073C000002201E0282A27D0C3F3080505EB450574
:1073D00003F101085EF8150087420EEB450502EB4C
:1073E000420108D80CEB4109AD884CF8110001327C
:1073F00092B2A9F80450A3421FFA88F3E2D102EB3B
:1074000042025400A4B213F0E7FB2246304605497D
:10741000BDE8F84302F014BAF024F4E7A287002094
:10742000A0870020E86F0020A07B0020F0B59DB071
:107430002D4903A809F0F6FF2C4903A800220AF001
:107440009FF860B90446284903A809F0EBFF2749D3
:10745000002203A80AF094F8A0B91DB0F0BD03A85B
:107460000AF02CF9044603A80AF044F92048A0FBCE
:107470000434A008B0F5007F38BF4FF40070A0F5C9
:107480000074E0E704EB4404610003A80AF0DCF8B0
:10749000184D194C194E1BE013F094FB2B883288C1
:1074A0000198BDF808C003EB4301B2F5007F03F17A
:1074B000010304EB4107C3F3080338BF013244F86A
:1074C00011002B80A7F804C038BF328013F084FB72
:1074D000062201A903A80AF097F80628DCD003A821
:1074E0000AF008F91DB0F0BD9C9C0020A8470400DC
:1074F000ABAAAAAAA2870020A07B0020A087002018
:1075000070B511F05BFA434B1A689042424A37D388
:10751000D2E90045414E1860D6E90023241845F110
:10752000000552EA030103D09D4208BF94424FD2A6
:107530003B4ED6E9002352EA030129D1394E337874
:10754000EBB1394B1B68E41A952C3BD9B4F5167F87
:107550000FD2C4EB04243549A4F515446A3CA1FBC1
:1075600004346FEA1421C9B2BDE87040032014F05E
:10757000A7B90021032014F0A3F90023337070BDD4
:10758000D2E900160C1C46F10105C2E90045C1E72D
:107590009D4208BF94422ED22046FA22002329465B
:1075A00019F03AFF002400F001022346134318D1DA
:1075B000DC21022014F084F9BDE87040FF21032093
:1075C00014F07EB9BDE87040FF21032014F078B9B3
:1075D0000021022014F074F900220023C6E90023E0
:1075E000A6E72146022014F06BF921460320BDE8EE
:1075F000704014F065B90022002300210220C6E982
:10760000002314F05DF9BDE870400021032014F060
:1076100057B900BF1071002008710020907500203C
:10762000787500208075002088750020C5B3A29170
:1076300038B5314BB3F81B40ECB107EE904AD3F8A4
:107640001D30DFED2E6AF8EEE77A06EE103A86EE90
:10765000276AB7EE007A37EE467AF6EE007AE7EE62
:10766000267AFDEEE77A17EE904A002C19DB642C9F
:10767000A8BF6424E4B2224D2248214602F0FCF85F
:107680002B78A34200D138BD1F4804F099FA40BBC3
:107690002B78103BDBB2EE2B01D80F2C03D92C70CA
:1076A00038BD0024E7E7C821032014F009F9502071
:1076B00011F090F90021032014F002F9782011F064
:1076C00089F9C821032014F0FBF8502011F082F949
:1076D0000021032014F0F4F8782011F07BF92C70CD
:1076E000DEE7084802F0E8F80028D1D02146054836
:1076F00002F02CF9CCE700BFD07200200000C84295
:1077000051600020F4720020DC87002070B5032057
:1077100014F00AFA0C2014F001FA082500242020A5
:1077200014F032FA013D0444F9D1E30807EE903A2F
:107730009FED437AF8EEE77A40F6E44267EE877A07
:10774000FCEEE77A17EE903A9BB2934227D940F6C7
:10775000AB52934254D9B3F5616F55D340F673627F
:10776000934255D940F6A562934255D940F6D76267
:10777000934229D940F60972934251D940F63B729F
:10778000934251D9B3F57A6F52D341F20302934237
:1077900052D941F26702934288BF64252CD9294C03
:1077A0002378AB4200D170BD2748294604F08EFAF9
:1077B000264804F005FA08B9257070BD224829460C
:1077C00004F08CFA2570F8E7052140F6D862204CC9
:1077D000204E481E615C255C36F81000194C491B90
:1077E0001B1A03FB01F3121AB3FBF2F31D442378B7
:1077F000EDB2AB42D7D0D7E70A2141F26802E6E703
:10780000012140F6AC52E2E702214FF46162DEE76B
:10781000032140F67462DAE7042140F6A662D6E757
:10782000062140F60A72D2E7072140F63C72CEE705
:1078300008214FF47A62CAE7092141F20402C6E73F
:10784000F11CDE3F5060002018710020DC87002012
:107850006C4804007848040010B59AB0254901A886
:1078600009F0E0FD244901A8002209F089FE08B9C9
:107870001AB010BD01A809F021FF044601A809F0C3
:1078800039FF40F605439C42F2D91A4901A809F094
:10789000C9FD1949002201A809F072FE0028E7D0AD
:1078A0001649A1FB04318908A1F5007101EB4101E2
:1078B000490001A809F0C8FE4FF44062104901A830
:1078C00009F0A2FE01A809F015FF0B49094809F0CB
:1078D0009BFC0949012201A809F052FE0028C7D0EB
:1078E00007494FF4406201A809F0A8FC01A809F07B
:1078F00001FFBDE79C9C0020A8470400ABAAAAAAF0
:10790000E863002070B59AB0044613F05BF927488D
:10791000274A0388256803EB4301013342F81150DD
:10792000244DA68802EB410229889680B1F5007F9C
:1079300038BF0131C3F3080338BF2980038013F037
:107940004BF91D4901A809F06DFD1C4901A8002251
:1079500009F016FE58B9184901A809F063FD174946
:10796000012201A809F00CFE70B91AB070BD01A87F
:1079700009F0A4FE054601A809F0BCFEB5F5C05FFC
:10798000E9D3FFF769FFE6E701A809F097FE014692
:1079900001A809F059FE2146062201A809F04EFC73
:1079A00001A809F0A7FE1AB070BD00BFA287002091
:1079B000A07B0020A08700209C9C0020A8470400FA
:1079C00070B5294CB2B021220021204619F076FF73
:1079D0002649684609F026FD25496846002209F037
:1079E000CFFD002836D1234B22689A4201D132B014
:1079F00070BD214D214923601422002328466B606D
:107A00006360C5E902332B612B751AF03AFE00233F
:107A1000C4F81D30022316496376012623771348E4
:107A2000A6765823E37609F0EFFB104919A809F070
:107A3000F9FC0F49324619A809F0A2FD0028D6D05A
:107A4000291F212219A809F0F9FB19A809F052FEF3
:107A500032B070BD21222146684609F0D5FD684646
:107A600009F048FEBFE700BFD07200209C9C0020B8
:107A7000B44704000100564ED4720020C0470400F1
:107A800030B52DED028B3D4B9DB01C78ADF8082034
:107A9000B0EE408A84BB3A4D2C88FF2C19D9394C62
:107AA000DFED397AD4F81D20384D07EE102AA8EE04
:107AB000277A2B78013317EE102ADBB2092BC4F892
:107AC0001D203BD82B70FFF7B3FD1DB0BDEC028B22
:107AD00030BD4FF47A72002319F09EFC04EB44028F
:107AE0002B4BBDF8081043F8120003EB420301349E
:107AF00001902C809980D2E70A4626490346D1E9B5
:107B00000001181842EB010100234FF47A7219F0BA
:107B100033FC034601A80193FFF7F4FE1E4804F06E
:107B20004FF80028BBD01D4801F0C6FE0028B6D093
:107B300001A90622194801F0F7FEB0E70023184911
:107B400018482B7009F060FB164903A809F06AFC7D
:107B5000134903A8012209F013FD0028B3D02146E0
:107B6000212203A809F06AFB03A809F0C3FDFFF76F
:107B70005FFD1DB0BDEC028B30BD00BF6075002005
:107B80009C7B0020D0720020A10EEA3C14710020E2
:107B90009C75002068750020DC870020047500209B
:107BA000B44704009C9C00202DE9F04F2DED048B80
:107BB000DFF8B0B3DD4C8BB0B0EE409AF0EE608AE7
:107BC00010F0FCFEDBF800309842C0F02C81D4E9C4
:107BD0000067D7499FEDD77AD1ED007ACBF8000046
:107BE00039EE678A3218B4EEC78A47F10003F1EE26
:107BF00010FACDE9002348BFC1E90A230B7A81EDD1
:107C0000018A002B63D19FEDCC7AB4EEC78AF1EEE6
:107C100010FA40F3E580DDE90023C1E90C234FF0C1
:107C200000084FF00009F0EE086A88EEA67AF7EE39
:107C3000006AB4EEE67AF1EE10FA88BFB0EE667A2A
:107C400027EE087AF5EEC08A77EE877AF1EE10FA21
:107C500039EE678AC1ED007A81ED018A1CDD87EE7D
:107C6000286AF0EE007AF4EEE78AF1EE10FAD1ED30
:107C7000107ADFEDB25ADCBFF6EE006A68EEA66A53
:107C800036EE677AE7EE267AF4EEE57AF1EE10FA50
:107C900040F31681C1ED105ADFEDA97AB4EEE78A00
:107CA000F1EE10FA40F1CF8000234FF416724B45ED
:107CB00008BF4245C0F0C780D1E9049A59EA0A03D7
:107CC00040F05481DDE90034C1E90434BFE0D1E97A
:107CD000087891ED0F8A00204FF000094FF0000A5C
:107CE00091ED107AE8EE877A39EE677AC1ED007A85
:107CF000B5EEC07AF1EE10FA81ED017A00F18280E2
:107D0000DFED8C7AB4EEC87AF1EE10FAB4EEE77AD1
:107D100044BFB0EE478A81ED0F7AF1EE10FA34DC01
:107D200000220023C1E90623DDE90056EB1B029384
:107D300066EB08030393DDE90256002342F210725A
:107D4000B34208BFAA429FED7F8A80F0AF80002334
:107D50000022C1E90423009B81ED009A0026F0EE89
:107D6000488ADD1B0E72002876D1002E6FD0F0EE0F
:107D7000480AB0EE680AAAB2384641460BB0BDECDC
:107D8000048BBDE8F04FFFF77BBED1E9062352EA32
:107D9000030500F08680009DAD1A0495019D65EBFA
:107DA00003050595DDE90456002E08BF962DBBD3CB
:107DB000D51BA5F5967641F614639E424FF0000C54
:107DC0004FF000024FF00003C1E90423D1ED0E8A09
:107DD00081F808C08CBF002601260028C5D03BE0F2
:107DE000D1E90C32DDE90056B5EB030866EB020978
:107DF00000234FF416724B4508BF42451BD2F6EEE6
:107E0000006A12E777EEC97ADFED4F0AD1ED0E6A0C
:107E1000B1EEE76A68EEA08AF0EE667AE6EE287ABE
:107E2000C1ED0E7A6CE7D4E900321E1C42F1010765
:107E3000C4E90067CDE6DFED427AB4EEE78AF1EE01
:107E400010FA3FF539AF00220023C1E904230BB03B
:107E5000BDEC048BBDE8F08FDFF80C9199F8193078
:107E60005A1E022A3FD999F81A30002B3FF47DAFF1
:107E7000364B01221A7010F0A1FDDBF80030984259
:107E8000C0F09480D4E90034CDE906341A46234684
:107E900012182F49CBF8000043F10003C1E9002379
:107EA00063E7DDE90023C1E906233DE70026F0EEA4
:107EB000488A35464F46D04600283FF456AFCBE7B8
:107EC0009FED247AF4EEC77AF1EE10FA48BFF0EE97
:107ED000477AC1ED107ADFED1A7AB4EEE78AF1EE57
:107EE00010FAB0D5E0E61C491C4AC95C32F813A070
:107EF000022013F0E5FC10F061FDDBF80030984241
:107F000060D3D4E9001C10EB0A024FF0000343F1E8
:107F10000003CDE90023019BCBF800005218104963
:107F200043EB0C03C1E900239DE700BF087100206B
:107F300008600020000070C2000020C20000C8429B
:107F4000000016C3000000008FC2353F807500207E
:107F5000887500200000C8C29848040090480400BA
:107F60009075002010710020D0720020DDE90056CD
:107F7000B5EB0903089366EB0A030993DDE90823CF
:107F8000002B08BF642AFFF462AF00270120002203
:107F900000238F63C1E9089AC1E90623D1ED007A75
:107FA00081ED0F8A08724F46D04699E6D4E9003237
:107FB0000033069342F101030793DDE90623C4E988
:107FC000002365E7D4E90032191C42F1010CC4E931
:107FD000001C98E72DE9F04F01209FB013F0A4FE9C
:107FE000DFF894B3DFF894A3B0FA80F5044610F0FC
:107FF000E5FCDBF8003098424FEA551555D3DAE935
:108000000067321847F10003D04FCBF800003978F1
:1080100054B9002940D0CE4E3178002900F0478174
:108020003D701FB0BDE8F08FE1B9CA4E317800292C
:10803000F6D0C94CD4E90004B2EB000863EB0409A4
:1080400000234FF4C8724B4508BF4245E8D20129CE
:1080500033D0022900F09880002333703D701FB0A8
:10806000BDE8F08FBA4909780029DED1BB48D0E9D4
:108070000010511A009163EB00010191DDE900014C
:10808000002908BF1F28D0D3B248B34C0178013172
:10809000C4E900230170C3E7B048AD493D70C0E9B1
:1080A00000230C701FB0BDE8F08FDAE900321E1C0F
:1080B00042F10107CAE90067A3E7032013F034FD8A
:1080C0000C2013F02BFD08244FF00008202013F0A3
:1080D0005BFD013C8044F9D14FEAD80307EE903AAA
:1080E0009FED9F7AF8EEE77A40F6E44267EE877AF2
:1080F000FCEEE77A17EE903A9BB2934275D940F6C0
:10810000AB52934240F28980B3F5616FC0F0AB800F
:1081100040F67362934240F2AA8040F6A562934211
:1081200040F2A98040F6D762934240F2A88040F620
:108130000972934240F2AB8040F63B72934240F2A8
:10814000A280B3F57A6FC0F0AE8041F20302934291
:1081500040F2A58041F26702934240F29C804FF0CA
:108160000408C821032013F0ABFB782010F032FC88
:108170000021032013F0A4FB0134B42010F02AFCEA
:10818000E3B29845EDD867E7764C77497748002306
:10819000C4F81D3009F038F8744905A809F042F90F
:1081A000714905A8012209F0EBF968BBFFF740FA15
:1081B000DC21022013F084FB3C2010F00BFC00219A
:1081C000022013F07DFB642010F004FCDC2102206F
:1081D00013F076FB3C2010F0FDFB0021022013F091
:1081E0006FFB642010F0F6FB36E7C821032013F084
:1081F00067FB782010F0EEFB0021032013F060FBFA
:10820000B42010F0E7FB27E72146212205A809F05A
:1082100015F805A809F06EFAC8E7012240F6AC513E
:10822000DFF85CE1DFF85C811EF8020002F1FF3C40
:108230001EF80C2038F81CC0801AA3EB0C0303FBBB
:1082400000F3A1EB0C01B3FBF1F31344DBB24A2BB7
:1082500085D8312B02D94FF0030882E7182BC4D9F7
:108260004FF002087DE702224FF46161D8E7032254
:1082700040F67461D4E7042240F6A661D0E70522F7
:1082800040F6D861CCE7072240F63C71C8E70622E9
:1082900040F60A71C4E70A2241F26801C0E70922E8
:1082A00041F20401BCE708224FF47A61B8E72B4899
:1082B000D0E90010511A63EB000303930291DDE94A
:1082C0000201002340F6B7328B4208BF8242BFF45E
:1082D000A7AE204B26481C700123337000F040FEEF
:1082E00023483C2100F070FD2146214800F0D2FDDA
:1082F000FF21022013F0E4FA10F060FBDBF80030FD
:10830000984241D3DAE9001410F178034FF00002EB
:1083100052415B181749CBF8000044EB0202C1E957
:1083200000320324C821032013F0CAFA3C2010F0C5
:1083300051FB0021032013F0C3FA013C3C2010F054
:1083400049FB14F0FF04EDD16AE600BFF070002095
:10835000F1700020E0700020D8700020E87000204C
:10836000F11CDE3FD0720020B44704009C9C00202A
:108370001C8E0020907500201071002008710020D4
:108380006C48040078480400DAE90032191C42F114
:108390000104CAE90014B7E72DE9F04F2DED028B77
:1083A000B54FA1B010F00AFB39688842C0F08C804C
:1083B000B249D1E90045B24938600E78241845F138
:1083C0000005002E40F0D980AE4B1A780AB3AE4AB1
:1083D0000021197013889BB2002B40F0B5804FF438
:1083E0001673AA4EAA49AB48A6F81B300022C6F85D
:1083F0001D2008F009FFA74907A809F013F8A449B0
:1084000007A8012209F0BCF8002840F06F81FFF7AF
:108410000FF9A14B1A78002A40F003819F4B1A787C
:10842000002A40F0E8809E4A13889BB24BB1138823
:108430009C4E9BB2E01845F10001C6E90001002303
:108440001380994E377A002F47D1D6E9042313437E
:108450007DD0964B9FED968A1B784FF028094FF000
:10846000000A0127002B42D1FFF7B4FDFFF748F8BF
:10847000337A8BB98F4BD3E90021A21A029265EBB4
:1084800001020392DDE9028900214EF65F20494591
:1084900008BF4045C0F0E080874B1B7863B9874A2E
:1084A000804B50681C681568596845EA040240EA28
:1084B0000103134300F0D5800A2010F08BFA21B09D
:1084C000BDEC028BBDE8F08F6C4BD3E900160C1CA1
:1084D00046F10105C3E900456DE79FED758A4FF050
:1084E00028094FF0000A714B1B78002BBCD0DFF835
:1084F000F081D8E90023A11A009165EB03010191F5
:10850000DDE90001514508BF4845ADD3134307D00D
:1085100018F0ECFE9FED6A8A07EE900A27EE888A33
:10852000DFF8C0914846C8E900450FF083F80028FD
:108530009AD0D9E9020118F0C1FDF0EE480A00EE28
:10854000100AFFF731FB8FE713889BB249E7D6E9A2
:108550000A32E31A049365EB02030593DDE9042371
:10856000002B08BFB2F5FA6FFFF473AF9FED558A89
:108570004FF064094FF0000AB5E75348DFF86891FF
:10858000524B534AB9F8007000260E7000684FF441
:108590007A78A0FB0801B0EB040A61EB050B01211E
:1085A000C2E900AB197017B34A4F02E0484BD3E958
:1085B00000ABB3B203EB43034FF47A7257F81300E6
:1085C00007EB4303E8FB00AB9B88ADF82030504637
:1085D0000023594618F0D0FE034607A8079301363A
:1085E000FFF790F9B9F80020B3B29A42DED8002321
:1085F000A9F80030E8E60022254926481A7008F05C
:1086000003FE244907A808F00DFF214907A801220D
:1086100008F0B6FF002872D12F49304803F030FA35
:1086200001E700221A491B481A7008F0EDFD1949AC
:1086300007A808F0F7FE164907A8012208F0A0FFD6
:1086400000283FF4EBAE1149212207A808F0F6FDFF
:1086500007A809F04FF8E1E6C3E90045FFF756F82F
:108660001AE7012013F060FB00283FF425AF002F2C
:1086700014BF1420322020E7107100200871002060
:10868000C0870020C187002098750020D07200208C
:10869000B44704009C9C0020C3870020C2870020B0
:1086A000707500207875002008600020A4870020E5
:1086B0000BD7233D007100208075002090750020AD
:1086C0006F12833ACDCCCC3D5C75002060750020E4
:1086D000687500209C750020D4720020DC87002083
:1086E000F8700020D07100209C7B002031462122B0
:1086F00007A808F0A3FD07A808F0FCFF87E60449D7
:10870000212207A808F09AFD07A808F0F3FF83E7E5
:10871000D072002010B5044B044640F8083B02F02C
:1087200007FD204610BD00BFD848040010B5074B18
:10873000044640F8183B00F015FD2046044B40F875
:10874000083B02F0F5FC204610BD00BF7C49040048
:10875000D848040010B5044B044640F8083B02F02A
:10876000E7FC204610BD00BFD8480400F0B5514ECC
:108770005149524C524F534D85B0684602F0F8FCB7
:108780006946304602F0B4FC684602F0D1FC22464D
:108790004D49304618F020F84C494D4E684602F0DD
:1087A000E7FC6946384600F0DBFF684602F0C0FC93
:1087B00022462946384618F00FF84649464F684683
:1087C00002F0D6FC6946304600F0CAFF684602F067
:1087D000AFFC22462946304617F0FEFF3F49404E87
:1087E000684602F0C5FC6946384600F0B9FF6846A5
:1087F00002F09EFC22462946384617F0EDFF394923
:10880000394F684602F0B4FC6946304600F0A8FFD4
:10881000684602F08DFC22462946304617F0DCFF00
:108820003249334E684602F0A3FC6946384600F0F0
:1088300097FF684602F07CFC22462946384617F02E
:10884000CBFF2C492C4F684602F092FC694630461B
:1088500000F086FF684602F06BFC2246294630464F
:1088600017F0BAFF2549264E684602F081FC69469A
:10887000384600F075FF684602F05AFC2246294649
:10888000384617F0A9FF1F4D304603F079FA22460B
:108890001D49304617F0A0FF284603F023FA1B4974
:1088A0002246284617F098FF19480EF0D5FD05B06E
:1088B000F0BD00BFA88700200C4804000060002025
:1088C000047500206591020015870200FC47040032
:1088D000AC7400203C480400F47200202C480400D2
:1088E000547400201C480400FC7300205C48040001
:1088F000A47300204C4804004C730020EC47040093
:108900008871002018710020558702002D87020011
:10891000D0710020F8B5774C774E784F784D2046CF
:10892000042102F0E7FE00222046012102F012FF9E
:108930002046002103F01AF92046002103F0C8F870
:108940002046704903F09CF820466F4901F0D8FC9E
:1089500020466E4901F0D6FC30466D49062203F0F0
:108960000BFA30466B490D2203F0FEF905226A49E5
:10897000304603F0FDF9304603F038FA6748684E98
:1089800003F0D4F9384602F097FB2846102100F096
:108990002BFF00222846112100F03EFF2846062129
:1089A00000F026FF284600F0F7FB30460A2100F0D1
:1089B0001BFF11221146304600F02EFF3046F021F9
:1089C00000F016FF574D58490122304600F02AFFAB
:1089D000304600F0E1FB28461A2100F005FF112285
:1089E0001146284600F018FF2846022100F000FF3B
:1089F0004E4E4F490122284600F014FF284600F051
:108A0000CBFB3046082100F0EFFE11221146304624
:108A100000F002FF3046022100F0EAFE454D4649D3
:108A20000122304600F0FEFE304600F0B5FB28463D
:108A3000082100F0D9FE11221146284600F0ECFE74
:108A4000284614213D4E00F0D3FE01223C49284621
:108A500000F0E8FE284600F09FFB3046082100F0B9
:108A6000C3FE11221146304600F0D6FE30460221E8
:108A7000344D00F0BDFE01223349304600F0D2FEF5
:108A8000304600F089FB2846082100F0ADFE112297
:108A90001146284600F0C0FE2846042100F0A8FE3A
:108AA00001222A49284600F0BDFE284604F5C86583
:108AB00000F072FB2846062100F05AF93946284694
:108AC00000F012F904F27C6000F024F9284601213C
:108AD00000F080F9284640F26462A02100F076F9A7
:108AE00028461E2100F070F928460021BDE8F84014
:108AF00000F0D0B9DC87002088710020A887002012
:108B000004750020D4720020C5720200C9720200F0
:108B1000CC470400D4470400E44704001871002047
:108B2000AC740020F47200208173020054740020A1
:108B30001D730200FC73002055730200A473002013
:108B4000CD7202004C7300203D73020001730200DD
:108B500010B50221012013F045F80121022013F085
:108B600041F80021022012F0ABFE0121032013F096
:108B700039F80021032012F0A3FE01210B2013F08D
:108B800031F801210B2013F0B1F801210D2013F071
:108B900029F801210D2013F0A9F801210C2013F070
:108BA00021F801210C2013F0A1F801210E2013F06F
:108BB00019F800210E2013F099F825480DF0CCFF8C
:108BC000FEF7FEFEFEF732FC22480EF0FBF9214ACA
:108BD000214877210EF0EEFCB0B1204B1E48012257
:108BE00002211A700EF07CFD00211B480EF06AFD78
:108BF000002119480EF082FDFFF78CFEFEF718FDEC
:108C0000BDE81040FEF782BD124A134876210EF0EF
:108C1000D1FC0028E1D1114B05241870C821032094
:108C200012F04EFE3C200FF0D5FE0021032012F082
:108C300047FE3C200FF0CEFE631E13F0FF04EDD183
:108C4000FFF768FEFEF7F4FCBDE81040FEF75EBDDE
:108C50009C9C002044AD0020D0710020A4870020FF
:108C600072DF704773DF704774DF704777DF7047DC
:108C700038B5054608460C4602F088FA102803D09D
:108C800080280ED0012038BDEB7FA2881B2B0EDC84
:108C9000E9180320E85448704A80EB7F0433EB77EF
:108CA000F0E7A368002BEDD0E97F0D2901DD00205E
:108CB00038BD6A18112068540721517058681C6823
:108CC0009968DB68C2F80E30C2F80600C2F80240AC
:108CD000C2F80A10EB7F1233EB77012038BD00BFDA
:108CE0000022C2770270704730B5D1E9042485B004
:108CF000CD68074B00936946CDE902240195FFF743
:108D0000B7FF0446684602F013FA204605B030BDAE
:108D1000F0480400F0B589B00646202213486946A1
:108D200002F0C2FEF37FC2181D2A0CDDC3F11D0440
:108D3000E4B2E2181D2A4FF00005D8BF082705DD70
:108D4000284609B0F0BD044601250927F218601C29
:108D5000F05469465770901C224618F087FDF27F48
:108D6000023214442846F47709B0F0BDDC870020B5
:108D7000C27F1C2A01DD0020704710B403469C18F6
:108D8000022098540120A1706070DA7F0332DA77F4
:108D90005DF8044B704700BF10B4084A084C0949FD
:108DA00002620022C0E90A41C0E90C225DF8044BCE
:108DB0000270C27742628263704700BFFF01010008
:108DC0002000F40020001E00C185704701858185C8
:108DD0004285704780F82210704700BFF0B51546F5
:108DE00005EB8503274A89B0044603EB8303002083
:108DF0000E469B0011680290CDE90460ADF8143076
:108E000094F821308DF80830CB07CDE906000390A7
:108E100009D41D491D4BC87FE77F988101201C6044
:108E200099609F801060194902AA04F12000FFF7A1
:108E300017FF10B1002009B0F0BD94F820101448BD
:108E4000019102F08FFE019902460120FFF70EFF0B
:108E50000028EFD194F820000121FFF703FF00283C
:108E6000E8D10B4802F0EEFE628EA68595424FF0E7
:108E7000010094BF521B921A628684F8230009B045
:108E8000F0BD00BFC4870020588E0020C887002096
:108E9000DC870020F0B5002361F30F032D4D04465D
:108EA00061F31F4389B00363FA21284602F062FE92
:108EB000E68D2949278D0868049706EB860303EBA6
:108EC000830300229B000592ADF8143094F8213002
:108ED00002928DF80830C307CDE9062203920BD425
:108EE0001E4BE27F95F89B069A8005F27C65012275
:108EF0001C609D6098810A60184902AA04F1200054
:108F0000FFF7AEFE10B1002009B0F0BD94F82010BC
:108F10001048019102F026FE019902460120FFF758
:108F2000A5FE0028EFD194F820000121FFF79AFE5A
:108F30000028E8D1074802F085FE638EA7859E428F
:108F40004FF0010094BF9B1BDB1A638684F823005B
:108F500009B0F0BDDC870020C4870020C88700204E
:108F600010B5044690F82000FFF77EFE08B10020FF
:108F700010BD84F82300024802F078FE012010BDE5
:108F8000DC87002030B50B888D88112B85B0044616
:108F900005D0262B33D0102B25D005B030BD436A29
:108FA000EB40DB07F9D52E4801F08AF90028F4D10F
:108FB000636A94F82310012202FA05F523EA0503F7
:108FC00063620029E9D194F82230002BE5D0238E8A
:108FD00023486386FA2102F0CDFDE28D218D2046E3
:108FE000FFF7FCFED9E7CB7B012BD6D1426A03FA0F
:108FF00005F515430023456280F82330CDE70B7A51
:10900000012BCAD1002380F823304FF4FA711448A1
:1090100002F0B0FD238E5BB1658E95B1A36B0BB1F1
:109020009847658E618D2A462046FFF7D7FEB4E744
:10903000A36B03B19847618D00222046FFF7CEFE57
:10904000ABE7074802F012FE626B002AA5D000953C
:1090500003AB29462846039512F01AFB9DE700BF93
:10906000DC87002075DF704710B44FF010144FF408
:1090700048010022C0E90041C0E902225DF8044B2A
:10908000704700BF014800F021BF00BFCC8E002018
:10909000F8B500250D4F2E4601E0142D14D0A9B2CD
:1090A000384602F0B7FD013504460028F5D000F03F
:1090B000BBFD0028F1D0204600F0C0FD022804BF0F
:1090C0000136F6B2142DEAD13046F8BDDC87002017
:1090D00070B58E881B480C4694B0314602F09AFD5C
:1090E00023881A2B05D01F2B1CD0102B0FD014B0A7
:1090F00070BD054600F09AFD0028F8D0284600F023
:1091000097FD0028F3D1284600F0F8FDEFE7694607
:1091100000F0DCFD0028EAD06A4631460A4801F03A
:1091200067FCE4E754F8080F61686B4603C33046F8
:10913000BDF80030ADF802306946FFF793FF14B078
:1091400070BD00BFDC870020FC870020AADF7047CD
:10915000ABDF7047ACDF7047ADDF7047AEDF704705
:10916000B0DF704710B5044B044640F8043B01F0F3
:10917000DFFF204610BD00BFA848040010B5054B16
:10918000044640F8043B01F0D3FF204611F066FF8F
:10919000204610BDA848040070B57B4B04461B68F0
:1091A000836196B0043002F001F894F82E30A06983
:1091B00013F0320208BF84F82F2013F00C0308BF0D
:1091C00084F830300DF10102694601F0A7FF94F8F0
:1091D0002F209DF8010015070DD09DF8001002F01A
:1091E0000F0301F00F059D424FEA12126DD243EAC0
:1091F000021284F82F2094F8303019070BD003F0B6
:109200000F0100F00F058D424FEA131369D241EAB6
:10921000031384F8303094F82E1011F0300340F02E
:1092200096800FAD0F93C5E90133C5E903338DF87F
:109230003C10AB610021ADF809109DF80A10206ABE
:109240001493012363F342018DF808208DF80A106E
:1092500008B1037873BB94F8263013B104F12603E8
:10926000129394F831200023D2070893079358BF34
:10927000E38AADF81C3004F1080004F12F01CDE9B8
:10928000050154BF1846E08AADF82000294604F1D4
:109290003203E569099505AA0020FFF757FF054647
:1092A00028B994F8253043BB237D002B64D0284691
:1092B00016B070BD109019F0DCF902AB80B2ADF8B9
:1092C0004400ADF846001393C5E74FEA111101D1F0
:1092D00091428CD30A462B4643EA021284F82F208F
:1092E00089E74FEA101001D1984290D303462946EE
:1092F00041EA031384F830308DE7ADF80D009DF896
:109300000E2094F82F600C90012363F3420242F682
:1093100008118DF80E208DF8123004AA0223ADF842
:10932000101003A90D90ADF83030ADF834300A922A
:1093300004F124030B910DF102020AA98DF80C60CF
:109340000E93FFF705FF0028AED00546AFE70F4BA1
:109350008DF805200FAD1B788DF804300220002316
:109360000F938DF80600C5E90133C5E90333AB61FE
:109370008DF83C1001AB5DE72146054800F062FF27
:10938000284616B070BD00BFD88700209C48040056
:109390001C8C00202DE9F0410B888E88502B8AB060
:1093A0000C46054609D0512B04D18B79012B19D0DD
:1093B000022B26D00AB0BDE8F081CB88428E9A42BB
:1093C00035D0EA8E9A42F5D16B6D002BF2D095F82C
:1093D0004420648A920700F18A802246294630465A
:1093E0009847E7E7836C002BE4D090F844205207BD
:1093F00001F108076CD43A46294630469847A379CC
:10940000D6E7A27B042A46D0062A20D0012AD1D151
:10941000EB6C002BCED095F84420170704F108041C
:1094200000F1A5802246294630469847C2E7076DDD
:10943000002FC6D090F84430D90768D404F1120840
:10944000238A424629463046B847E388B9E7EA6BA3
:10945000002AAFD0002202A93046CDE90222CDE990
:109460000422ADF80C208DF80830FFF779FE2C6D42
:1094700054B195F84430D80700F19280B5F84230E5
:10948000EA6B30462946A047E86B0FF0D9FA002373
:10949000C5E90F338EE7E86B002878D0B5F84010A7
:1094A000278A628A07EB020C00234FF0020E8C45DC
:1094B000CDE90633CDE908338DF818E039DD40F207
:1094C0000913ADF81C3006A93046FFF749FE71E7D5
:1094D00003211A46009106AB08213846CDE90665FE
:1094E000089712F0D5F8002889D1AB6C83E70320E8
:1094F00000211A46009006AB0846CDE9066508949F
:1095000012F0C6F800287FF455AF6B6D65E7218A2D
:10951000069604F11208042300933A46404606AB2F
:10952000CDE90881079512F0B3F800288DD12F6D91
:1095300086E79DF81EC0ADF81C3004F114014CF014
:1095400001033844ADF822208DF81E300991ADF8A2
:10955000207018F08BF9238A618AB5F842200B44F9
:109560009BB2934238BF1346A5F84230ABE70321C4
:109570001A46009106AB0E212046CDE906650894F7
:1095800012F086F800287FF415AFEB6C4AE74FF431
:1095900080600FF03BFA4FF48061C5E90F017FE76F
:1095A000E86BB5F84210069604230093224606ABFA
:1095B000CDE90750099112F06BF800287FF464AFF1
:1095C0002C6D5BE72DE9F04F0F464FF6FF718F4290
:1095D00089B0064615461C4626D0F18A96F82E30EC
:1095E0008C4228BF0C46DB0615D40DF1100B8C42C3
:1095F00028BF0C464FF00008718EADF810405A4657
:109600004FF6FF700595ADF81280FFF7A3FD4046B9
:1096100009B0BDE8F08F3948394602F0E3FA08B1E5
:10962000F18E31B9F18AE0E7344802F0E7FA0746F3
:10963000D3E7002002230DF1100BADF81200ADF8B6
:1096400010305A460DF10E0338460593FFF784FD9E
:1096500043F2014398424FD000284AD19DF80E8032
:1096600008F00108B8F1000F46D02448394602F04E
:10967000D1FA8246A0B300F0E3FA033883B2002C9B
:10968000C5D0CDF804804FF00009984605E0BDF83C
:109690000E30E41AA4B21D4444B3504600F0E4FA7C
:1096A000A04503464246594628BF22463846BBB12C
:1096B000ADF80E204FF00102738E8DF812200DF1DF
:1096C0000E02CDE90625CDF813908DF81790ADF870
:1096D0001030FFF743FD0028D9D0504600F0CEFAF5
:1096E0004FF00008404609B0BDE8F08FDDF8048077
:1096F0008DE700F00108B5E7F18A78E7DC87002004
:1097000010B5154B044640F8043B01F019FD134A0F
:109710000023127884F8443014200321A384C4F871
:109720002630C4F82A3084F82E30E082C4E90F33A2
:10973000C4E91233C4E9143384F831102375A361EA
:109740002362E36163866363238784F82F2084F8B0
:109750003020204610BD00BFA84804009C480400EB
:1097600070B44E68164A86600260D1E90262154BF9
:10977000154D1C7845600261142500220321C0E9C3
:109780000F22C0E91222C0E91422C660C58280F807
:10979000311080F844200275826102628284C0F830
:1097A0002620C0F82A2080F82E20C261428642631B
:1097B000028780F82F4080F8304070BC704700BFAF
:1097C000A84804009C480400F048040010B4D1E903
:1097D0000142CB680361C0E902425DF8044B704767
:1097E00001230375704700BF80F82E10704700BF3B
:1097F000C182704741B190F83130C182002262F3DA
:10980000000380F83130704790F83130012262F364
:10981000000380F83130704780F82F1080F8302036
:10982000704700BF90F84430016562F3000380F890
:109830004430704751F8322F0260496841607047E8
:1098400030B5C48A83B0944223460D4628BF1346E0
:10985000418E019500246A464FF6FF70ADF8003046
:10986000ADF80240FFF776FC18B9BDF8000003B070
:1098700030BD204603B030BD30B5C38A85B00A463E
:10988000012B28BF0123418E8DF8072000240DF104
:10989000070502AA4FF6FF70ADF80830ADF80A4090
:1098A0000395FFF757FC18B9BDF8080005B030BDA7
:1098B000204605B030BD00BF30B5044685B019481C
:1098C00002F09CF994F82E3013F0100302D11846E0
:1098D00005B030BD05460146124802F083F9002864
:1098E000F6D0E18E11B9084605B030BD0DF1060382
:1098F00028460024022502AA0393ADF80A40ADF8D9
:109900000850FFF729FC43F20143984205D030B9D3
:109910009DF8063003F00100DAE72046D8E700F0B2
:109920000100D5E7DC87002010B490F82E4014F039
:10993000100407D013465DF8044B0A464FF6FF713A
:10994000FFF740BE20465DF8044B704700B590F825
:109950002E3083B013F010038DF8071009D00123C7
:109960000DF107024FF6FF71FFF72CFE03B05DF813
:1099700004FB184603B05DF804FB00BFA1DF70478D
:10998000A3DF7047A4DF704700238383704700BFC5
:10999000006A00F0E3B800BF808B70472DE9F0410A
:1099A0000B88CE88382B86B00C46054606D0392B5E
:1099B00066D0362B43D006B0BDE8F08100F1240715
:1099C000002E36D10A8A3846314602F0E3FA94F87E
:1099D0000C80B8F1010F2CD0B8F1040FEBD1286A3C
:1099E00000F0BCF801465C4802F014F900F028F9D8
:1099F0002A8E053883B2934228BF1346002B00F00D
:109A00009A80218AE289286AAC8B8DF80D600A441D
:109A1000E96A05918DF80C80ADF81230ADF8102090
:109A2000ADF80E4000F09AF803A9FFF7A9FF00284F
:109A3000C1D0384602F0C6FA06B0BDE8F081006A2F
:109A400000F08CF80146444802F0E4F800F0F8F821
:109A500007466EBB05F12406E289304604F1100189
:109A600002F098FA2B8E2BB1F81EE38980B20138F0
:109A7000834255DA304602F0A5FA06B0BDE8F0811F
:109A80000B7B012B1AD0022B95D1836B002B92D02C
:109A900090F83C208F8892071FD401F11006E289CC
:109AA00031462846984761893846FFF76BFF82E7C1
:109AB00005F12407384602F085FABDE7436B002B19
:109AC0003FF479AF90F83C20D10717D404F1100689
:109AD000E2893146284698476DE7C989039004F129
:109AE000100603201A46009003AB3046CDE904610E
:109AF00011F0CEFD0028D6D1AB6BD0E7E189039001
:109B000004F1100603201A46009003AB3046CDE95D
:109B1000046111F0BDFD00287FF44DAF6B6BD7E7FA
:109B2000286A00F01BF86A8EA98B92B2FFF726FF15
:109B300000289FD13FE7AA8B286AADF80E2040F29B
:109B40000511ADF80C10CDE9043300F007F803A9B6
:109B5000FFF716FF6DE700BFDC87002080887047A5
:109B60008FDF704790DF7047B1DF7047B5DF704718
:109B700010B5074B03600446806A0FF0A9FDE06A48
:109B80000FF0A6FD206B08B10FF0A2FD204610BD1E
:109B9000C048040010B5094B03600446806A0FF00A
:109BA00097FDE06A0FF094FD206B08B10FF090FD77
:109BB000204611F053FA204610BD00BFC0480400F3
:109BC00070B504460D4692E80300A5800E0CA06116
:109BD000A183144DA67717201B2156892560E080AC
:109BE0009589D089E181D17965810122227522741C
:109BF000A08161741846194626819DF810500EF018
:109C0000C9FF2946A06228460EF0C4FF4FF48851D0
:109C100000234FF6FF72E182E06262822363637584
:109C2000204670BDC0480400007D7047407D7047ED
:109C3000C07D113818BF0120704700BF407C7047BD
:109C4000C0887047008970474B7D10B44BB11F31FD
:109C50000C688A888B79046082805DF8044B83717C
:109C600070471831F4E700BF08B56621806A0FF02D
:109C7000B3FB003818BF012008BD00BF08B50023A2
:109C80001A461946806A0EF0B7FF003818BF012047
:109C900008BD00BF818800F11F02407C02F0D8B9E6
:109CA00038B50A4605460C468188407C02F0BCF96E
:109CB0002146012051F8483FC5F81F308B888A792A
:109CC00085F82520A5F82330687538BD38B50A46D3
:109CD00004460D4600F11801407C02F0EFF9607572
:109CE00050B1294651F8483FC4F81F308B888A7913
:109CF00084F82520A4F8233038BD00BF10B5447D7A
:109D000024B100F11F01407C02F0B6F9204610BDDD
:109D100070B50B88113B82B00C460546462B2BD8FC
:109D2000DFE803F0383B2A2A2A2A2A2A2A422A2A4A
:109D30002A2A2A2A50585E642A2A2A2A2A2A2A2AC1
:109D40002A2A2A2A2A2A2A2A2A2A2A2A2A672A94CC
:109D50002A2A2A2A2A2A2A2A2A2A2A2A2A2A2A2A63
:109D60002A2A2A2A2A246A2A752C84000023A888F1
:109D70001A461946FFF7F8FE02B070BD8B79002B2A
:109D8000FAD1006BAB750028F6D01A4619460EF0D2
:109D900033FFF1E700230375EEE74B8903818B89DD
:109DA0004381CB898381E7E70B7AC375112BE3D01D
:109DB000818800F11F02407C02F038FA0346002837
:109DC000DAD1D4E7002301A98088ADF80430FFF789
:109DD000C7FED1E70B7A002BCED14B7A0374CBE7C9
:109DE000002211468088FFF7BDFEC5E70B89C381BD
:109DF000C2E74B89C380BFE7006B0123AB75002826
:109E0000BAD000231A4619460EF0F6FEB4E7417C9C
:109E1000164801F0F7FEE3880146994228BF19462B
:109E200089B2A888E980FFF7A1FEA5E78B79002B0E
:109E3000A2D0002600231A461946A86A0EF0DCFEBE
:109E40000136A279F3B29A42F4D895E78B7A002BC7
:109E500092D0002600231A461946E86A0EF0CCFE7E
:109E60000136A27AF3B29A42F4D885E7DC87002063
:109E700070B58AB086880B4606A84FF42851144660
:109E800005934FF6FF7501F065F90120CDE9010555
:109E9000059B0094314606AA044800F06FF804467A
:109EA00006A801F045F920460AB070BD1C8C0020C0
:109EB00010B50446043002F009F8034B2360002378
:109EC0002375204610BD00BF0100FFFF017D01B1D9
:109ED000704710B50446043002F002F801232375E0
:109EE00010BD00BF007D70470B88322B10B504D029
:109EF000332B17D0302B08D010BDCB88DBB1041D1D
:109F00002046BDE8104002F05DB8CB88041D002B50
:109F1000F6D14B89002BF3D00A3120460A2202F0F9
:109F200039F8EDE7CB88002BE9D14A89002AE6D041
:109F300002EB420204E04A89002AE0D002EB8202EE
:109F40005200041D023292B20A31204602F022F879
:109F5000D6E700BFA0DF704710B5044600F5F870E3
:109F600001F0B4FF2046F822002117F0A7FCF822E8
:109F7000A018002117F0A2FC204610BD2DE9F047E3
:109F800082B00546BDF82C60BDF830402048ADF8E1
:109F90000460BDF828A0ADF80640904699460F46EB
:109FA00001F038FE05F5F875064603E0FFF74AFEB6
:109FB0000EF010FD284601F0EBFF04463046002C61
:109FC000F4D10121284601F08BFF5246494628462C
:109FD00001F0A2FF08F10401384601AAFFF7BAFF19
:109FE00030B1284601F086FF204602B0BDE8F08778
:109FF0004FF4FA71284601F095FF20EAE0742846F4
:10A0000001F078FFA4B2204602B0BDE8F08700BF9F
:10A01000DC8700202DE9F04F8F880D8885B08846B9
:10A0200004463946864801F0F5FDA5F11003012BE1
:10A03000814640F2908094F854203AB3002633468B
:10A040001633502D54F823A069D0512D1AD198F809
:10A050000630B8F808B0022B53D0BBF1000F11D076
:10A0600051466846FFF7E6FBBDF800305B4559D026
:10A07000514602A8FFF7DEFBBDF80C305B4551D01E
:10A0800094F854200136F3B29342D9D394F84C316A
:10A09000002B00F0D18004F5A679002604E094F8A6
:10A0A0004C310136B34220DD59F8040FFFF770FC44
:10A0B000B842F4D1382D03D0392D01D0362DEED150
:10A0C000B8F80AA0BAF1000FE9D0D9F800B05846A4
:10A0D000FFF762FC5045E2D158464146FFF75EFC6F
:10A0E00094F84C310136B342DEDC112D55D0352DBC
:10A0F00004D1B8F80A30002B40F08F8005B0BDE8DD
:10A10000F08F98F80E30062BA7D1DAF800305046C1
:10A11000DB68414698474846FFF78AFDB0E7B8F844
:10A1200006B09AE7DAF800305046DB6841469847B7
:10A130004846FFF77DFD0028A2D0502DA0D1514602
:10A1400002A8FFF777FBBDF80C305B4598D1484675
:10A15000FFF7A0FD94E72378002B3FF46CAF0026B7
:10A16000112D33460CD004EB83033946586803683D
:10A170005B68984701362278F3B29A42F3D85AE7DF
:10A1800004EB83033946586803681B689847013617
:10A190002278F3B29A42F3D84DE7D3B10026334682
:10A1A00005E094F84C210136F3B29A4211D904EB40
:10A1B0008305D5F85001FFF7EBFBB842F1D1D5F894
:10A1C0005001FFF7E1FB013694F84C21F3B29A42BB
:10A1D000EDD894F8F820002A90D000252B4604EB07
:10A1E0008303D3F8FC008388BB420AD00135EBB26D
:10A1F000934283D204EB8303D3F8FC008388BB42F1
:10A20000F4D103681B689847013594F8F820EBB245
:10A210009342E4D305B0BDE8F08F04F5F874B8F8C4
:10A220000C20204608F1100101F0B4FE204605B0D4
:10A23000BDE8F04F01F0C6BE112D7FF458AFC8E75E
:10A24000DC87002090F85420272A0CD810B403464D
:10A2500002F11604013280F8542043F82410012042
:10A260005DF8044B70470020704700BF0378132B44
:10A2700006D800EB83020133037001205160704760
:10A280000020704778DF70477ADF7047054A034641
:10A2900092E80300002283E80300C3E90222184683
:10A2A000704700BFC848040008B5FFF7EDFF08B1CC
:10A2B000002008BDFFF7E6FFB0FA80F0400908BDB6
:10A2C000F8B500250D4F2E4601E0142D14D0A9B28B
:10A2D000384601F09FFC013504460028F5D0FFF711
:10A2E000A3FC0028F1D02046FFF7A8FC012804BFFA
:10A2F0000136F6B2142DEAD13046F8BDDC870020D5
:10A3000081607047C1607047704700BF8ADF704747
:10A3100030B40D4CC4621F25002250248584A02532
:10A32000C0E91122C0E90F22A0F84650A0F8484029
:10A33000006230BC8262028680F838204263C264C8
:10A34000A0F85020704700BF000180002DE9F04FB9
:10A3500010468DB016460C4600F018FFC5B2102D01
:10A360004FD0B66807220623A16994F81C9001918A
:10A370008DF80D208DF80C30ED080DF10C080DF165
:10A380000E0A0027B9F1010F0A97CDE90477CDE94C
:10A390000677CDE90877CDF82B700ED998F8000034
:10A3A00001994B464A7882420FD00A78D44323441D
:10A3B000013213F0FF031144F4D108F10108C24542
:10A3C000E0D100200DB0BDE8F08F11F8024B013C48
:10A3D000E4B2224604A817F049FA0DF1100B1CB99B
:10A3E000EBE714F0FF04E8D058462A46314617F050
:10A3F0002FFA641BAB440028F3D101200DB0BDE857
:10A40000F08F043603220223AEE700BF2DE9F043AC
:10A410000B888E88103B87B00D4604460D2B2CD838
:10A42000DFE803F077072B2B2B2B2B2B2B2B2B84ED
:10A430002B2E836AF340DB071FD55648FEF728FE14
:10A44000D8B9A36A94F82C20012505FA06F623EA68
:10A450000606A6628AB994F82D3073B11F232462D0
:10A46000A38404F1200104F14400FFF74FFF20B959
:10A47000494801F0E7FB84F82C5007B0BDE8F083B1
:10A4800090F92E2091F91B309A423ADC90F838303E
:10A4900001F108080BB3DFF80491002602E0D6B200
:10A4A000B34218D9636BCDF8089003EB061302AAE8
:10A4B00059680391D3E902734146204605930497F6
:10A4C000FFF744FF074602A800F032FE94F8383048
:10A4D000721C002FE3D09E4213D094F82F30002B33
:10A4E00049D095F82430012B0BD9296A4A78FF2AE4
:10A4F00030D00A78D0430344013213F0FF031144F3
:10A50000F4D104F120010020FFF700FF07B0BDE8FF
:10A51000F083CB7B022BB0D1836A012202FA06F6CC
:10A5200033430022836280F82C20A6E70B7A012BAC
:10A53000A3D1002580F82C50174801F097FB226C1E
:10A54000002A9AD0009502AB29462846029511F0C0
:10A550009FF892E711F8025B6A1ED2B2022A28BF66
:10A56000022202A817F082F9012DCAD0228EBDF86E
:10A5700008309A42C5D1E26B002A3FF47EAF012336
:10A580000093404602AB2421CDF8088011F080F8FA
:10A5900073E700BFEC870020DC870020F048040050
:10A5A00046DF70477FDF704780DF704781DF70478D
:10A5B00085DF704786DF704738B51C460D46034679
:10A5C000114628462246984734B1014600222846C3
:10A5D000BDE83840FFF7E8BF38BD00BF10B50C46F6
:10A5E00082B003466946204698476A4620460121C4
:10A5F000FFF7DAFF02B010BD10B50446083002F0D4
:10A600003FF8074B2360032200232271C4F8103463
:10A61000C4F81434C4F81834C4F81C34204610BDEF
:10A620003507100330B50446ADF55F7D00F1080530
:10A630008F4801F0B9FF0821284602F025F8684646
:10A6400002F02CF86846082102F02CF869462846EA
:10A6500001F0CAFF04F54F714122684602F030F85C
:10A66000684602F029F894F85C0394F85B2394F8A8
:10A670003D1394F83E3384F83D0384F83E2394F868
:10A680005A0394F8592394F83F5384F85C1384F8E0
:10A690005B3394F8401394F8413384F83F0384F813
:10A6A000402394F8580394F8572384F85A5384F8B5
:10A6B000591394F8425394F8431384F8410384F8EF
:10A6C000583394F8560394F8443384F8422394F8AA
:10A6D000552384F8575384F8430384F8442384F8BB
:10A6E000553384F8561394F8451394F8540394F8AA
:10A6F000532394F8463384F8450384F8462394F8AA
:10A70000520394F8512394F8475384F8541384F86F
:10A71000533394F8481394F8493384F8470384F882
:10A72000482394F8500394F84F2384F8525384F844
:10A73000511394F84A5394F84B1384F8490384F85E
:10A74000503394F84E0394F84C3384F84A2394F829
:10A750004D2384F84F5384F84B0384F84C2384F83A
:10A760004D3384F84E1394F85D1394F87C0394F8F9
:10A770007B2394F85E3384F85D0384F85E2394F8B9
:10A780007A0394F8792394F85F5384F87C1384F85F
:10A790007B3394F8601394F8613384F85F0384F892
:10A7A000602394F8780394F8772384F87A5384F834
:10A7B000791394F8625394F8631384F8610384F86E
:10A7C000783394F8760394F8643384F8622394F829
:10A7D000752384F8775384F8630384F8642384F83A
:10A7E000753384F8761394F8651394F8740394F829
:10A7F000732394F8663384F8650384F8662394F829
:10A80000720394F8712394F8675384F8741384F8EE
:10A81000733394F8681394F8693384F8670384F801
:10A82000682394F8700394F86F2384F8725384F8C3
:10A83000711394F86A5394F86B1384F8690384F8DD
:10A84000703394F86E0394F86C3384F86A2394F8A8
:10A850006D2384F86B03012084F86F5384F86E1322
:10A8600084F86C2384F86D330DF55F7D30BD00BF37
:10A87000688F00200B7803F0FE03042B01D000202A
:10A88000704770B515468CB00C462022002104A8F4
:10A8900017F014F828686968AA68EB686D460FC558
:10A8A0009DF800109DF80F209DF801609DF80E5056
:10A8B0009DF802008DF80F1023469DF80D108DF8BD
:10A8C00000209DF803208DF80E608DF801509DF852
:10A8D0000C609DF804508DF80D008DF802109DF865
:10A8E0000B009DF805108DF80C209DF80A208DF8BE
:10A8F00003608DF80B508DF804008DF805208DF85D
:10A900000A109DF8061033F8042FADF810209B783C
:10A910009DF809209DF81D009DF810609DF81F50BE
:10A920008DF809108DF806209DF811109DF81E2055
:10A930008DF81D309DF807308DF812008DF81F60DE
:10A940009DF808009DF813608DF810508DF81E10CA
:10A950009DF81C509DF814108DF811208DF80830CA
:10A960009DF81B209DF81A308DF807008DF81C60AB
:10A970008DF813509DF815608DF81B108DF814207C
:10A9800068468DF815309DF819109DF817209DF830
:10A9900018309DF816508DF818208DF816108DF887
:10A9A00017308DF81A608DF81950FFF7F9FD6278AD
:10A9B0009DF82F309DF82E009DF82D108DF8210068
:10A9C0009A428DF8221004F1010404D0012080F095
:10A9D00001000CB070BD6278C3B29A4204F1010468
:10A9E000F4D16278CBB29A42F0D10020EFE700BFF9
:10A9F00008B5137CDB0758BF1C32084602F1120170
:10AA0000FFF7D6FDB0FA80F0400908BDF0B58F8899
:10AA10000E46ADF56B7D04463946464801F0FAF81E
:10AA20003388133B0546072B2FD8DFE813F03E0091
:10AA30005F006D002E002803870008003100337A84
:10AA4000B3B9737B9B070ED4294602A8FFF7FCF825
:10AA50000299BDF80C209DF80E3084F80C34C4F82F
:10AA60000614A4F80A24284604F2BE31FFF718F9A8
:10AA7000D4F818244AB1307A0D90022300210093B3
:10AA800008460CAB0C9710F003FE0DF56B7DF0BD86
:10AA9000D4F81C24002AF8D0012300210093084692
:10AAA0000CAB0C9710F0F4FDEFE704F2BE3304F2A8
:10AAB000DA320C9304F2F63300251092119304F26B
:10AAC0003D3204F27E330F921393CDE90D5512956A
:10AAD000FFF7B4F801280CBF22462A460CAB2946E2
:10AAE0003846FFF75FFD0DF56B7DF0BD0CA9FFF754
:10AAF000EDF80346002800F0D2820CA93846002366
:10AB00001AAAFFF757FDC0E7D4F810140029BCD0EB
:10AB1000B37B094A03F001030F930423CDE90C171B
:10AB200006F10800009306210CAB0E9010F0B0FD6A
:10AB3000ABE700BFDC870020B9A5020094F87E33A4
:10AB400094F89D2394F87FC394F89C6394F8805301
:10AB500094F89B0384F89D33042194F89A3384F885
:10AB60007D1384F87E2394F8811394F8822384F86B
:10AB70009CC384F87F6394F899C394F8836384F842
:10AB80009B5384F8800394F8985394F8840384F8D2
:10AB90009A1384F8813394F8971394F8853384F8E2
:10ABA000992394F8962384F882C384F8986384F8F0
:10ABB000835384F8970384F8841384F8852384F8F6
:10ABC000963394F8862394F8953394F887C394F8D1
:10ABD000946394F8885394F8930394F8891384F851
:10ABE000952384F8863394F8922394F88A3384F872
:10ABF00094C384F8876394F891C394F88B6384F8C2
:10AC0000935384F8880394F8905394F88C0384F851
:10AC1000921384F8892394F88F1394F88D2384F881
:10AC2000913394F88E3384F88AC384F8906384F85F
:10AC30008B5384F88F0384F88C1384F88D3384F855
:10AC40008E2394F89E2394F8BD3394F89FC394F810
:10AC5000BC6394F8A05394F8BB0394F8A11384F850
:10AC6000BD2384F89E3394F8BA2394F8A23384F871
:10AC7000BCC384F89F6394F8B9C394F8A36384F8C1
:10AC8000BB5384F8A00394F8B85394F8A40384F851
:10AC9000BA1384F8A12394F8B71394F8A52384F881
:10ACA000B93394F8B63384F8A2C384F8B86384F84F
:10ACB000A35384F8A41384F8B62384F8A53384F846
:10ACC000B70394F8A60394F8B51394F8A72394F85F
:10ACD000B43394F8A86394F8B35384F8B50384F8B4
:10ACE000A61394F8A90394F8B21384F8B42384F853
:10ACF000A73394F8AA2394F8B13384F8B36384F8A3
:10AD0000A85394F8AB6394F8B05384F8B20384F872
:10AD1000A91394F8AC0394F8AF1384F8B12384F822
:10AD2000AA3394F8AD2394F8AE3384F8AD3384F8A5
:10AD3000AE2384F8B06384F8AB5384F8AF0384F88F
:10AD4000AC130CA801F0AAFC0CA8082101F0AAFC85
:10AD500004F27D310CA8412201F0C4FC0CA904AA24
:10AD6000202304F1080001F06DFC0CA801F0A4FC04
:10AD70009DF810109DF82F009DF811309DF82E20A1
:10AD80009DF812609DF82D508DF810008DF82F1051
:10AD90009DF813009DF82C108DF811208DF82E30A1
:10ADA0009DF814209DF82B308DF812508DF82D60F1
:10ADB0009DF815509DF82A608DF813108DF82C0021
:10ADC0009DF816109DF829008DF814308DF82B2071
:10ADD0009DF817309DF828208DF815608DF82A50C1
:10ADE0008DF816008DF817208DF828308DF8291071
:10ADF0009DF818109DF827009DF819309DF8262021
:10AE00009DF81A609DF825508DF818008DF82710D0
:10AE10009DF81B009DF824108DF819208DF8263020
:10AE20009DF81C209DF823308DF81A508DF8256070
:10AE30009DF81D509DF822608DF81B108DF82400A0
:10AE40009DF81E109DF821008DF81C308DF82320F0
:10AE50009DF81F309DF820208DF81D608DF8225040
:10AE60008DF821108DF81F208DF820308DF81E00F0
:10AE700094F87E0394F89D1394F87F2394F89C3300
:10AE800094F8806394F89B5384F89D0384F87E13B0
:10AE900094F8810394F89A1384F89C2384F87F3300
:10AEA00094F8822394F8993384F89B6384F8805350
:10AEB00094F8836394F8985384F89A0384F8811380
:10AEC00094F8840394F8971384F8992384F88233D0
:10AED00094F8852394F8963384F8986384F8835320
:10AEE00084F8841384F8962384F8853384F89703D0
:10AEF00094F8860394F8951394F8872394F8943380
:10AF000094F8886394F8935384F8950384F886132F
:10AF100094F8890394F8921384F8942384F887337F
:10AF200094F88A2394F8913384F8936384F88853CF
:10AF300094F88B6394F8905384F8920384F88913FF
:10AF400094F88C0394F88F1384F8912384F88A334F
:10AF500094F88D2394F88E3384F8906384F88B539F
:10AF600084F88C1384F88E2384F88D3384F88F034F
:10AF700094F89E0394F8BD1394F89F2394F8BC337F
:10AF800094F8A06394F8BB5384F8BD0384F89E132F
:10AF900094F8A10394F8BA1384F8BC2384F89F337F
:10AFA00094F8A22394F8B93384F8BB6384F8A053CF
:10AFB00094F8A36394F8B85384F8BA0384F8A113FF
:10AFC00094F8A40394F8B71384F8B92384F8A2334F
:10AFD00094F8A52394F8B63384F8B86384F8B703DB
:10AFE00084F8A41384F8B62384F8A53384F8A35313
:10AFF00094F8A65394F8A72394F8B43394F8B503BF
:10B0000094F8A81394F8B36384F8B55384F8B42380
:10B0100094F8A95394F8AA2384F8A73394F8B13389
:10B0200094F8B0C384F8A60384F8B31394F8B20379
:10B0300094F8AB1384F8A86384F8B25394F8AC6323
:10B0400094F8AF5384F8B12384F8AA3394F8AD236D
:10B0500094F8AE3384F8A90384F8B013384604A9F1
:10B0600084F8ABC384F8AF6384F8AC5384F8AE23A0
:10B0700084F8AD33FFF79AFA0DF56B7DF0BDD4F887
:10B080001424002A3FF401AD0223002100930C9206
:10B090000CAB064A0D97084610F0FAFAF5E438466C
:10B0A0001A461946FFF786FAEFE400BFDDA5020055
:10B0B000A8DF7047704700BF30B5044683B0083042
:10B0C00000F074F804F10C010DF106020120FFF705
:10B0D000EFFF054628B9044B04481C602146FFF7E2
:10B0E000C5F8284603B030BDD88700201C8C00204E
:10B0F00030B44C68C460D1E90241054A054D026094
:10B10000054A8560C0E90441426030BC704700BF19
:10B11000D8480400F04804000000111183790B7036
:10B12000C3791370704700BF62DF704763DF7047F9
:10B13000704700BF10B504460FF090FF204610BDC9
:10B14000034A02600022C0E90222827182807047B5
:10B15000F048040010B4054C8180002201210460F5
:10B16000C0E902225DF8044B81717047F048040089
:10B17000002210B4044C046081605DF8044B8271BD
:10B180008280C260704700BFF04804008379012BC1
:10B190000AD0826832B9C26822B9012B8CBF8020E4
:10B1A0000020704780207047102070472DE9F0473D
:10B1B000857982B0002D47D1C7680646002F47D059
:10B1C00010200DF023FC8246384617F052FA441E38
:10B1D00030B3DFF88490A84604E00134023C1FD469
:10B1E000102D1DD017F804C0BCF12D0F07EB040281
:10B1F000F3D099F80030ADF805808DF8043012F8DE
:10B20000013C8DF804301022002101A88DF805C002
:10B2100017F0EAFA6B1C023C0AF80500DDB2DFD534
:10B22000C6F808A0BAF1000F0ED0B11D5046FFF7C6
:10B230007BFFB168321D1020FFF778FFB0FA80F075
:10B24000400902B0BDE8F087012002B0BDE8F087F8
:10B25000D0F808A0E6E700BFE44804004DDF7047DF
:10B260004EDF70474FDF704750DF70474BDF70474E
:10B2700010DF70477CDF70477DDF704760DF70470D
:10B2800069DF704761DF704766DF704767DF7047CF
:10B29000704700BF0C2010F069BD00BF30B5224CD4
:10B2A000224D83B0D4F828074FF0FF310EF094F808
:10B2B0000028F7D0C5B101A8FFF7D8FF0528F1D0C5
:10B2C0000028F8D1019B032B1BD8012BF3D918467A
:10B2D0000BF0B4FDEFE70A2B04D0092B21D00B2B88
:10B2E00002D1012005F082FC01A8FFF7BFFF05286D
:10B2F000D8D00028F8D1019BA3F10902022AF3D883
:10B30000E9E7A3F10902022AD5D80A2B04D0092BB8
:10B3100005D00B2BCFD1012005F068FCCBE7022034
:10B32000FAE70220DEE700BFDC8700203D6E030065
:10B330002DE9F04F2DED028B4FF4FA7089B00DF02E
:10B3400065FBB24E00F1080308EE103A054606F51B
:10B35000F06706F5C86AD6F824074FF0FF310EF003
:10B360003BF80028F7D04FF4FA730DF11601284688
:10B37000ADF81630FFF786FF10B10528F3D1EAE7E4
:10B38000B5F80490B9F1130F00F2398106EB890387
:10B39000D3F834473CB129462046FEF7B9FC9C4817
:10B3A0002946FFF733FB2B88013B1B2B5AD8DFE8DC
:10B3B00013F016015900590059005900590059005D
:10B3C00059005900590059005900590059005900B5
:10B3D000B4001C0059005900590059005900590087
:10B3E0005900590059005900A200DFF838824FF087
:10B3F000000B58F8040F30B1FEF716FC18B10BF132
:10B40000010B5FFA8BFBB845F3D1BBF1000F06D1FE
:10B4100096F830371BB159460C2010F067FC2046D7
:10B42000FEF70CFC012800F0EC80F26962B1022307
:10B43000002195F808C00093084606ABCDF8189097
:10B44000CDF81CC010F024F909F5E67806EB880366
:10B45000586810B103685B68984706EB88080023BA
:10B46000C8F8043029465046FDF78CFD6948294646
:10B47000FEF7CCFFB6F832374B452B8800F0B4808E
:10B48000102B1ED02CB32046FEF7D8FB012803D189
:10B490005E482946FEF738FF2046FEF7CFFB02281C
:10B4A0001BD05D48FEF71EFD00BB5C482946FEF739
:10B4B000B1FDD6F88837002B3FF455AF28469847A2
:10B4C00051E7EB7B012BDDD1AB88A6F83237002C9E
:10B4D000D9D14E482946FEF717FF51482946FDF7B6
:10B4E000F7FD4D48FEF7FEFC0028DED04A4829460D
:10B4F000FEF7FAFCD9E7D6F88427002AB2D0022357
:10B50000002195F908C00093084606ABCDF81890C5
:10B51000CDF81CC010F0BCF8A4E74FF00008D6F836
:10B520002C07CDF800804346424603213D4C0FF0E6
:10B53000CDFA54F8040F30B1FEF776FB18B108F1DC
:10B5400001085FFA88F8BC42F3D196F830376BB146
:10B55000B8F1000118BF01210C2010F0C7FB96F8CC
:10B5600030371BB101210C2010F0C0FB09F5E67843
:10B5700006EB8804606820B103685B689847002385
:10B580006360EB7B012B0BBF96F8123796F81837E8
:10B5900096F8134796F81947039334200FF05CFD93
:10B5A00006EB8808039B009418EE102A04464946CF
:10B5B000FEF706FB2046C8F80440FEF73FFB0128D3
:10B5C00032D0B269002A3FF44DAF0123002100932D
:10B5D000084606ABCDF8189010F05AF842E7002163
:10B5E0004846FFF751FE3DE7102B3FF46AAF112BA1
:10B5F0007FF448AF4FF6FF73A6F8323742E70446B0
:10B60000D1E6F268002A7FF412AF1DE7DC87002044
:10B61000FC870020788E0020CC8E00201C8C00201F
:10B62000EC8700200C8F0020B268002A3FF41AAF8C
:10B630000021009006AB0846CDF8189010F028F8CD
:10B6400010E700BF38B50446FEF720FE04F11000F5
:10B65000FDF70AFD04F12000FEF7CEFF04F5886037
:10B66000FEF77AFC04F5C860FDF796FB04F27C60F7
:10B67000FDF736FB04F29C60FEF74AFE04F5DE603F
:10B68000FEF716FC4FF480530025C4F8083716481F
:10B690001649174AC4F80C0740F20113C4F81017F2
:10B6A000C4F81427A4F81837A4F81A5704F2347011
:10B6B0002946502216F002F901224FF6FF73A4F832
:10B6C0001C5784F81E57C4F82457C4F82857C4F8E8
:10B6D0002C57C4F88857C4F8845784F83027A4F846
:10B6E0003237204638BD00BF010A170003000101B0
:10B6F0001700030004290BD8DFE801F00B130B1B24
:10B700000300104BC0F80E3740F20313A0F81237B5
:10B7100070470D4BC0F80E3740F20113A0F81237F6
:10B7200070470A4BC0F80E3740F20113A0F81237E9
:10B730007047074BC0F80E374FF48173A0F81237EB
:10B74000704700BFF70064001700030017000200F5
:10B7500080000600F0B5BF4E80F81C178DB080F851
:10B760001D2704460FF0F6FC0FF0FCFC0FF0BAFCAE
:10B770003369B949039303A8FFF77AFD18B100258F
:10B7800028460DB0F0BD0120FFF76AFD0120FFF74C
:10B7900065FD0120FFF766FD09A8FFF765FD099B20
:10B7A0009B0705D5AD4BD3F80435002B00F0FE8088
:10B7B0000023AB4A94F80D57049209A90120CDE962
:10B7C00009330B938DF82450FFF75AFD0028D6D18A
:10B7D00094F81D370B90CDE90900181E18BF012001
:10B7E00094F81C578DF82700049A8DF8263009A983
:10B7F00040208DF82550FFF743FD0028BFD194F875
:10B800000C170990034661F30003CDE90A00049A7E
:10B810008DF8243009A9A020FFF732FD0028AED111
:10B82000D4F808370A900B90049A099309A9A1202B
:10B83000FFF726FD0028A2D194F81C37002B40F01A
:10B84000B98094F81D37002B48D00023B4F8147742
:10B85000049A0993022509A92320CDE90A338DF81A
:10B860002450ADF82670FFF70BFD002887D1CDE9F5
:10B87000090094F81D77B4F816370B90049A8DF8E8
:10B88000245009A920208DF82670ADF82830FFF744
:10B89000F7FC00287FF473AF0990CDE90A0094F813
:10B8A0001837049A8DF8245009A922208DF82630E3
:10B8B000FFF7E6FC00287FF462AFCDE9090094F8B9
:10B8C00019370B90049A8DF8245009A921208DF87E
:10B8D0002630FFF7D5FC00287FF451AF04A8FFF70E
:10B8E000CDFC00287FF44BAFCDE9070040F0010309
:10B8F00007A902208DF81C30FFF7C8FC00287FF450
:10B900003EAF2046FEF7D0FC054600283FF437AF97
:10B9100004F12000FEF786FE337D52498DF8083091
:10B920000D2202A8FFF7A6FC00287FF428AF94F8A8
:10B930001D37002B40F088800322002101200DF0EC
:10B94000E7F8C4F8240700283FF419AF05AB032635
:10B95000CDE900634449454800234FF4A0620EF04E
:10B9600055F83246002101200DF0D2F8C4F828071E
:10B9700000283FF404AF06ABCDE900633C493D48E5
:10B980000023C8220EF042F83B4B4FF480021A60AD
:10B990003A4B00930023184601224FF480710FF0B8
:10B9A0003FF8C4F82C0700F019FBE9E6022005F087
:10B9B0001DF9FDE60990CDE90A00B4F80E37049AA6
:10B9C000ADF82630012509A923208DF82450FFF772
:10B9D00057FC00287FF4D3AECDE9090094F81C771A
:10B9E000B4F810370B90049A8DF8245009A9202040
:10B9F0008DF82670ADF82830FFF742FC00287FF460
:10BA0000BEAE0990CDE90A0094F81237049A8DF879
:10BA1000245009A922208DF82630FFF731FC002898
:10BA20007FF4ADAECDE9090094F813370B90049A7A
:10BA30008DF8245009A921208DF82630FFF720FC2D
:10BA400000283FF4FEAE9AE604F11000FDF71AFB61
:10BA500072E700BF4C49040091B20200007002403E
:10BA600000600020344904004449040031B302005E
:10BA7000484904009DB2020000E100E095B20200D6
:10BA800000B5084B85B01B7D019108468DF80C3040
:10BA900016F0EFFD019982B203A8FFF7EBFB05B0AA
:10BAA0005DF804FB4C49040000B583B008460DF175
:10BAB0000601ADF80620FFF7DFFB20B99DF8060070
:10BAC00003B05DF804FB002003B05DF804FB00BF89
:10BAD00070B4234B0E4605460FCB85B06C4607C4A9
:10BAE0009DF900202380B24234D09DF90130B34249
:10BAF00030D09DF90230B3422CD09DF90330B342CF
:10BB000028D09DF90430B34224D09DF90530B342CA
:10BB100020D0FEB19DF90730B3421BD09DF908300B
:10BB2000B34217D09DF90930B34213D09DF90A30C2
:10BB3000B3420FD09DF90B30B3420BD09DF90C30BE
:10BB4000B34207D09DF90D30B34203D0002005B0B9
:10BB500070BC7047012085F81E6705B070BC704747
:10BB60006449040090F91E07704700BF80F8301741
:10BB7000704700BF70B5044682B0D0F82C070D4660
:10BB80000EF0D0FF4FF47A7206460023A90DA802EA
:10BB900015F042FC002302460421D4F82C07009340
:10BBA0000EF094FF0EB102B070BD0096D4F82C07D1
:10BBB0003346324603210EF089FF02B070BD00BF4C
:10BBC00070B500F5E66400F5F065002654F8040F42
:10BBD00020B1FEF729F808B10136F6B2AC42F5D132
:10BBE000304670BD132906D800EB8101D1F8340727
:10BBF00008B1FEF719B80020704700BFB0F832074F
:10BC0000704700BF01290CBFB0F80E07B0F8140749
:10BC1000704700BF13299ABF00EB8101D1F83407A8
:10BC20000020704710B5064C0021D4F828070DF00D
:10BC300047FAD4F824070021BDE810400DF040BABF
:10BC4000DC87002090F8303703B9704710B582B018
:10BC5000D0F82C470EF0CAF8002302460093204685
:10BC600001210EF033FF02B010BD00BFF0B583B06C
:10BC7000002405462346D0F82C07009422460321D1
:10BC80000EF024FF05F5E66605F5F06756F8040F9B
:10BC900020B1FDF7C9FF08B10134E4B2BE42F5D1CD
:10BCA00095F8303743B1211E18BF01210C2003B095
:10BCB000BDE8F04010F01AB803B0F0BD0148FFF73E
:10BCC000C1BC00BFDC8700200020704708B51830D9
:10BCD000FDF7D2FD003818BF012008BD1830FDF770
:10BCE00035BE00BF30B585B0044641F60F01684649
:10BCF000FFF730FA69462046FFF7FAF9254668460D
:10BD0000FFF716FA084B45F8183B684642F619212A
:10BD1000FFF720FA69462846FDF722FD6846FFF73F
:10BD200007FA204605B030BD7C49040030B583B029
:10BD30000446FFF7C1F908B103B030BD0546122132
:10BD400004F118000190FDF74FFD01982A461121DA
:10BD5000FDF762FD01980121FDF74CFD019803B04C
:10BD6000BDE83040FDF718BAC16180F83D2070474A
:10BD7000416280F83F207047016380F8422070479D
:10BD800070B584B0044641F60A016846FFF7E2F94F
:10BD900069462046FFF7ACF96846FFF7C9F9204627
:10BDA0000E4B40F8183B2422002115F087FD0C4E65
:10BDB0000C480D4AE06200232364E36384F84430B6
:10BDC0000D25062113232046E66184F83D5084F8B2
:10BDD0004110226384F8423004B070BDAC490400C5
:10BDE0003449040088490400904904002DE9F047D3
:10BDF0009AB00646FFF760F98046002846D1336ABC
:10BE0000002B4ED0736A002B56D0C6F5275909F186
:10BE1000270906F1140406F1380706F13C0554F829
:10BE2000043F04A873B3FDF76BFC2268B36B09EB06
:10BE300005019A4289B2684608BF42F65021FFF7D1
:10BE400089F9694604A8FDF7C1FC6846FFF770F957
:10BE500004A8FDF7C5FC022104A8FDF7C5FC29785C
:10BE600004A8FDF7C7FC04A8FDF796F9824604A8CC
:10BE7000BAF1000F0ED12A782168FDF7E1FC04A881
:10BE8000FDF770F9BC4205F10105C8D140461AB072
:10BE9000BDE8F087FDF766F9D04640461AB0BDE828
:10BEA000F0870FF09FFC044616F0E3FB736A3462E0
:10BEB00086F83E00002BA8D10FF054FC044616F083
:10BEC000D8FB746286F83F009FE700BF0022012183
:10BED0004270C0E901220170C2818281704700BFB7
:10BEE00010B50446017001B110BD0A200CF052FEDD
:10BEF000606010BD037810B5044643B100230122F1
:10BF00006370C4E90133E381A381227010BD4068EE
:10BF10000DF0DEFBF2E700BF002381608281C38168
:10BF2000704700BF037870B504460D46B3B9466844
:10BF3000012363704FF47A720023A802A90D15F053
:10BF40006BFA014630460DF047FA98B9237800267F
:10BF50004FF0FF356670A3B9284670BD032200215B
:10BF600001200CF0D5FD064660600028E0D14FF0BE
:10BF7000FF35F1E7E58923780026ADB26670002B26
:10BF8000EAD060680DF0A4FB6660284670BD00BF73
:10BF90004078704738B504468089824228BF0246FF
:10BFA000154619B1A06815F061FCA089E389A26863
:10BFB00015FA83F3401B9BB22A44A081E381A2605F
:10BFC000284638BD406820B100231A4619460CF0B7
:10BFD00013BE7047B1DF7047B2DF704708B50F4836
:10BFE0000AF0BAFD0E490D4805F09AF828B10D493E
:10BFF0000A4805F095F850B108BD0949074805F011
:10C00000ABF80849054805F08BF80028F4D1BDE8E5
:10C0100008400449014805F09FB800BF9C9C0020DF
:10C02000B8490400CC49040070B586B00E4603231D
:10C030000021054614460093044A0496084603ABC3
:10C04000039505940FF024FB06B070BD15C30200E4
:10C0500070B586B00323144606460D46009310467D
:10C0600003AB044A05940721CDE903650FF010FBEB
:10C0700006B070BD45C4020030B50A4691B089795A
:10C080005379039111790293D378094D094C0191A9
:10C0900000939378527801280CBF2946214604A8C2
:10C0A00016F092FA04A9044805F0AEF811B030BDBC
:10C0B000E0490400104A04009C9C00202DE9F04354
:10C0C000D1B00B78032B04AF0D460446904668D9D7
:10C0D0005A08022A5ED14F4A4F49504BDFF8489127
:10C0E000012818BF11460022381D05F065FA4B499A
:10C0F00007F1680005F096F907F1CC0611E0024659
:10C10000414607F1680005F07FFA08F13802294638
:10C110004846FEF7AFFB044678BB07F1680005F020
:10C12000E9FA0022391D304605F016FB07F1D00070
:10C130000DC8D7F8DC10D7F8E4407B67D7F8E830B3
:10C1400097F8E0C0F8663A67B967412207F1EC0159
:10C1500007F18800C7E9204387F87CC015F086FB0B
:10C1600007F1680005F0F2FA044607F1680044B1EF
:10C1700005F0F8F85028D0D1C1E707F1680005F0C4
:10C18000B9FA381D05F0B6FA204607F59A77BD468C
:10C19000BDE8F0830024204607F59A77BD46BDE848
:10C1A000F083E9468CB08979AB786A780391697934
:10C1B0000291297901911A4E1A49E878009004AD4C
:10C1C000012C08BF3146284607F1CC0616F0FCF9D1
:10C1D0001249304605F026F929463046002205F07E
:10C1E000CFF9044650B90024304605F083FA2046C2
:10C1F000CD4607F59A77BD46BDE8F083304605F099
:10C20000B1F8021EEFDD92B24146304605F0FCF96E
:10C21000EAE700BFCC490400B84904009C9C002018
:10C22000E0490400104A0400FC870020F0B5ADB0DE
:10C2300095799378344E1446527803956579029532
:10C2400094F804C0CDF804C0304DE478009404AFF5
:10C250000C4601280CBF3146294607F10C0016F0A8
:10C26000B3F92B4B07F10C0107F13C00002205F05C
:10C27000A3F907F13C0005F069FA40B9002407F181
:10C280003C0005F037FA2046A437BD46F0BD07F163
:10C290003C0005F067F8051E08DD07F13C0005F0DD
:10C2A000F1F9291807F13C0005F0CEF907F13C003F
:10C2B00005F058F8051E08DD07F13C0005F0E2F92D
:10C2C000291807F13C0005F0BFF907F13C0005F023
:10C2D00049F80028D2DDC31D23F007036D46ADEBFE
:10C2E000030D82B204A907F13C00C7E9001205F072
:10C2F0008BF92046D7E900120323FFF76BFEB0FA53
:10C3000080F46409AD46BAE7E0490400104A04002D
:10C310009C9C0020F0B5B5B092F84E5092F84A308F
:10C32000434E144692F84920039594F84D500295D7
:10C3300094F84C50019594F84B5000950D463D49AA
:10C3400004AF012818BF314607F12C0016F03CF964
:10C35000394807F12C0104F0E3FE6E4600284AD16B
:10C36000354B07F12C0107F15C00012205F024F99F
:10C3700007F15C0005F0EAF918B9C437B546BD46C7
:10C38000F0BD502107F15C0005F01AF8502221465B
:10C3900007F15C0004F052FF0023294627487B6127
:10C3A000C7E90333C7E90633C7E90833BB62FFF7C0
:10C3B00031FC07F10C012022FDF75AFD3B7B03B352
:10C3C00007F10C0016F055F9013082B2C1B207F145
:10C3D0005C007A6004F0F4FF7A6807F10C0107F161
:10C3E0005C0004F02BFF07F15C0005F083F9C43713
:10C3F000B546BD46F0BD07F12C010F4804F004FF1F
:10C40000AEE794F8491094F84D3094F84E2003911B
:10C4100094F84A10029194F84B10019194F84C1042
:10C42000009107F10C00064916F0CEF8C8E700BFEE
:10C43000104A0400E04904009C9C0020DC87002096
:10C44000404A04002DE9F043ADB00C4604AF002192
:10C45000032306461546204607F10A027981FFF7B5
:10C46000BBFD7B89E84623B9A437C546BD46BDE878
:10C47000F0830733DB08A8EBC3039D460DF11009D9
:10C48000204607F10A0249460323FFF7A5FD0446AB
:10C490000028E9D1A979AB786A780391697902918A
:10C4A000297901913D483E49ED780095012E08BF5C
:10C4B000014607F10C0016F087F83A4B07F10C0122
:10C4C00007F13C00012205F077F807F13C0005F088
:10C4D0003DF90028C8D0214607F13C0005F0B4F82A
:10C4E00007F13C0004F03EFF041E08DD07F13C00AC
:10C4F00005F0C8F8211807F13C0005F0A5F807F190
:10C500003C0004F02FFF041E08DD07F13C0005F09D
:10C51000B9F8211807F13C0005F096F807F13C0046
:10C5200004F020FF7C8980B2A04213D0E1B207F171
:10C530003C0004F045FF2246494607F13C0004F068
:10C540007DFE07F13C0005F0D5F8A437C546BD4691
:10C55000BDE8F083E31D6D46DB08A5EBC3039D46F4
:10C5600004A9224607F13C00796005F04DF879688E
:10C570007A89484615F06CF908B9AD46E1E707F14C
:10C580003C0005F09BF87B89DB43191807F13C0060
:10C5900005F05AF8AD467C89C8E700BFE0490400C1
:10C5A000104A04009C9C002038B590F8E8500DB16A
:10C5B000284638BD012380F8E830044611F014FB0A
:10C5C0000028F5D12046BDE8384000F0ADB800BFE6
:10C5D00010B5044C204600F0A3F8002384F8E8309E
:10C5E00010BD00BF688F002003680A689A4201D01E
:10C5F0000020704770B5044684B04FF453700D4668
:10C600000CF004FA0646B0B10C4800F0ABF8234633
:10C610000435002153F8042B0095CDE90161084948
:10C6200011F07CF9044630460CF00AFAB4FA84F0B2
:10C63000400904B070BD002004B070BD688F0020B8
:10C64000F9C60300F0B585B006464FF453700D46A9
:10C65000174603930CF0DAF978B1044600903A4695
:10C66000281D311D03AB11F0D7F9054620460CF00B
:10C67000E7F915B9039805B0F0BD002005B0F0BD8D
:10C6800000220260704700BF10B50446084611F052
:10C6900035FA2060003818BF012010BD002202606A
:10C6A000704700BF10B50446084611F027FA206015
:10C6B000003818BF012010BD00230360704700BF81
:10C6C00000B583B00430019201AB0A46042111F099
:10C6D0009FF818B9019803B05DF804FB002003B07F
:10C6E0005DF804FBF0B5044683B04FF463700E466A
:10C6F00017460CF08BF9054678B1019054F8040BFD
:10C7000000943A463146012310F0BEFF0446284605
:10C710000CF096F9B4FA84F0400903B0F0BD00BF04
:10C72000002280F8E420704770B590F8E4400CB126
:10C73000204670BD012380F8E43005464FF4BF5019
:10C740000CF064F906460028F2D03146284610F075
:10C75000BFF90446B4FA84F4304664090CF070F969
:10C76000204670BD704700BF0146014800F056BA30
:10C770007490002038B500F097F940B100240546C8
:10C780002046013400F0C8FDE0B28542F9D838BD3A
:10C7900070B592B01D460C46164601A842220021F3
:10C7A00015F08CF8412D5CD9631C0222DBB28DF8A8
:10C7B00006408DF80E408DF8264040F6083540F2D0
:10C7C00002248DF81E308DF827308DF83130ADF809
:10C7D00004508DF807208DF812208DF833208DF845
:10C7E0003B20ADF80840204A069240F2012505237F
:10C7F0002424ADF810508DF815308DF81640042320
:10C800001A4C8DF81F30012540F224628DF81C501F
:10C810008DF830300894ADF82420154D0A95082382
:10C820004FF411640A228DF82C30ADF82E404023CD
:10C830008DF834200F4C8DF83C3001A9304640F281
:10C84000075540F209464222ADF80C60ADF8385069
:10C850008DF84330CDF83F4015F008F8422012B073
:10C8600070BD002012B070BD200105242402020515
:10C870000705800307058002007EFF280AD010B557
:10C8800000F0F8FC044608B1204610BD0EF020FE72
:10C89000204610BD00207047007EFF280ED000B556
:10C8A00083B00DF1070100F02DFD20B19DF80700C8
:10C8B00003B05DF804FB4FF0FF30F9E74FF0FF30B5
:10C8C000704700BF007EFF280FD000B583B0012263
:10C8D0000DF1070100F0DAFC20B19DF8070003B06C
:10C8E0005DF804FB4FF0FF30F9E74FF0FF30704781
:10C8F000007EFF2801D000F00FBD7047007EFF28AA
:10C9000001D000F069BD0020704700BFF8B50646B1
:10C91000007EFF281CD017465AB10D46144600F081
:10C9200083FC2946224680B1307E00F039FD241A6E
:10C9300001D13846F8BD05440EF0CAFD307E00F046
:10C9400073FC294622460028EED13F1B3846F1E70A
:10C950000020F8BD70B50368184A5B6882B0934246
:10C960008DF8071021D10546007EFF2823D000F066
:10C970005BFC0DF1070601243146224688B1287E72
:10C9800000F00EFD241A02D1012002B070BD064451
:10C990000EF09EFD287E00F047FC3146224600281E
:10C9A000EDD1C4F1010002B070BD01220DF107010B
:10C9B000984702B070BD002002B070BD0DC90200E2
:10C9C00070B592B01D460C46164601A842220021C1
:10C9D00014F074FF412D5CD9631C0222DBB28DF888
:10C9E00006408DF80E408DF8264040F6083540F29E
:10C9F00002248DF81E308DF827308DF83130ADF8D7
:10CA000004508DF807208DF812208DF833208DF812
:10CA10003B20ADF80840204A069240F2012505234C
:10CA20002424ADF810508DF815308DF816400423ED
:10CA30001A4C8DF81F30012540F224628DF81C50ED
:10CA40008DF830300894ADF82420154D0A95082350
:10CA50004FF411640A228DF82C30ADF82E4040239B
:10CA60008DF834200F4C8DF83C3001A9304640F24F
:10CA7000075540F209464222ADF80C60ADF8385037
:10CA80008DF84330CDF83F4014F0F0FE422012B054
:10CA900070BD002012B070BD2001052424020205E3
:10CAA0000705800307058002014B1878704700BF17
:10CAB00070900020037EFF2B02D1074B1A7802B141
:10CAC0007047064902764161012200F110010448D5
:10CAD0001A7000F043B800BF70900020604A040054
:10CAE00074900020007EFF280ED000B583B000F0C7
:10CAF0009BFB10B103B05DF804FB01900EF0E8FC65
:10CB0000019803B05DF804FB0020704701B900B143
:10CB1000704700B583B0694600F09CFB009BB3F5FD
:10CB2000966F02D003B05DF804FB00F029FBF9E733
:10CB300030B4084B084AFF2002F108054FF47A741C
:10CB40000021303218761D609C601A6130BC59603B
:10CB50005961704754900020704A0400F8B50546AA
:10CB6000B0F818016C69B5F81A310A680E46044429
:10CB70001B1A176895F81C119BB222463046B8471D
:10CB800050B3221894423CD2766806E0052B25D09B
:10CB900023780BB31C44A24233D96378042BF5D11C
:10CBA000E378002BF4D195F81C11013185F81C11A4
:10CBB000002EEDD095F840110729E9D801F148077A
:10CBC00045F82760217295F84011013185F8401130
:10CBD0001E462378002BDDD10020F8BD94F90230E9
:10CBE000002B08DB95F81E31591C85F81E11A17821
:10CBF0000B43A370CCE795F81D31591C85F81D1126
:10CC0000F5E7B5F818216B69104480B2A5F8180152
:10CC1000588095F81C211A710120F8BD2DE9F043C8
:10CC2000284DDFF8B090AC4604468846BCE80F00BB
:10CC300089B003AF0FC703AE0FCE05F1140E254622
:10CC40000FC59EE80700DCF800303B806B46366875
:10CC50002E8003C36B4603CB1B4EA06104F1180367
:10CC60004FF4807C0125E16184F82020636140F26B
:10CC7000EF2200231548C4F8189140F20947042117
:10CC8000A4F81CC1C4F8280184F84011A280C4F89B
:10CC90002C31C4F83031C4F83431C4F83831C4F818
:10CCA0003C314FF4E131C4E94876094884F81E511B
:10CCB000A571FFF7FFFE404600F050FA284609B084
:10CCC000BDE8F083C04A0400A44A040034490400CB
:10CCD00054900020090000012DE9F04F04468BB06C
:10CCE000002900F09180032900F09C8090F84031E9
:10CCF0008B4240F2CB80483100F5A27550F821609C
:10CD00003278002A00F0E78000231946374603E016
:10CD10000131725C7718CAB102F14000C0B201283B
:10CD2000F6D9F42AF4D8100618D40120A2F55847F1
:10CD3000B7F5006FECD30144202B00F0C98025F833
:10CD40001320725C01337718002AE5D1DBB201337E
:10CD50005B0043F4407304F5A17C5DE002F0E00069
:10CD6000C02800F0A18002F0F000E02800F09180DF
:10CD700002F0F800F028CBD102F007024FF0040EC9
:10CD8000787800F0C00CBCF1800FC1D197F802C0D8
:10CD90000CF0C00800F03F00B8F1800F40EA8212AA
:10CDA000B6D10CF03F0CBEF1030F4CEA821275D0E5
:10CDB000F87800F0C007802FAAD100F03F0040EAC9
:10CDC0008212A2F58030B0F5801F38BF4FF0040EFC
:10CDD0009ED2A2F55840B0F5006F99D3B2F5803FCE
:10CDE0007144A9D31E2BB1DCA2F580325800970AFA
:10CDF0002844C2F30902A7F52057A2F5105225F8DE
:10CE000013704280023384E7D0F82031A0F8443117
:10CE100000F5A17C4FF44173A4F8423160460BB099
:10CE2000BDE8F08F02A800F0ADF904F5A17C0190F7
:10CE300020B300F1FF3B5FFA8BF3284F04F1040BA2
:10CE40000DF1080A0BEB830BA64606AE97E80F0020
:10CE50001AF8018B86E80F0008F00F090AADA94403
:10CE600005EB181819F8109C18F8103CAEF846910C
:10CE7000AEF844310EF1040EDE45E7D1019B5B00B4
:10CE8000DBB201335B0043F44073C5E74FF0000CA5
:10CE9000C4E702F00F024FF0030E71E7A2F5006045
:10CEA000B0F5784F95D333E7787800F0C007802F3E
:10CEB00002F01F027FF42CAF00F03F0040EA821224
:10CEC000A2F18000B0F5F06FBFF422AF02202DE791
:10CED00040F242333FE740F202333CE7AC4A040001
:10CEE0000048704774900020014B5869704700BF9C
:10CEF000749000200A4601460148FFF7EDBE00BFCE
:10CF000074900020024B186800B10069704700BFA0
:10CF1000F891002030B40848BDF80850046844B1C6
:10CF2000646934B10846A44611461A462B4630BC03
:10CF30006047002030BC7047F891002030B40848AA
:10CF4000BDF80850046844B1A46934B10846A44649
:10CF500011461A462B4630BC604730BC704700BFB4
:10CF6000F8910020024B186808B190F85000704703
:10CF7000FC9100202DE9F047244C2568002D42D07B
:10CF80001F4600EBC00305EB83030446D3F818A04B
:10CF900089469046C600BAF1000F30D0504615F0D1
:10CFA00068FB0828024628BF0822344405EB8405A4
:10CFB000D5E90764DFF85CC0154B002E08BF664654
:10CFC00051464846002C08BF1C4614F04FFC304622
:10CFD00015F04FFB10280246314628BF102240466C
:10CFE00014F044FC204615F044FB04280246214678
:10CFF000384628BF0422BDE8F04714F037BCDFF8FC
:10D0000018A00822D1E7BDE8F08700BFFC910020FE
:10D01000FC4A0400EC4A0400E04A0400F8B50B4F57
:10D020003B688BB100EBC00503EB850504466A69DC
:10D03000C6001AB190473B6885F82A00344403EBD8
:10D04000840393F82A00F8BD1846F8BDFC9100202F
:10D05000074B1B685BB100EBC00003EB800010B412
:10D06000038D446A0C605DF8044B13807047704771
:10D07000FC9100200A781E2A01D10020704710B5CB
:10D0800020221C460521002300F078FF204610BD19
:10D0900030B4094C029A256855B1044604EBC40427
:10D0A00005EB840408461946A3680BB130BC184749
:10D0B0004FF0FF3030BC7047FC91002030B4094C79
:10D0C000029A256855B1044604EBC40405EB8404B8
:10D0D00008461946E3680BB130BC18474FF0FF30E3
:10D0E00030BC7047FC910020054B1B6833B100EB4E
:10D0F000C00003EB8000036903B11847704700BF0D
:10D10000FC91002000B5104B402283B083F8272308
:10D1100003F030FF4FF080430024D3F838548DF8EB
:10D12000004068460DF0B2FF084B019301A80DF0D6
:10D13000FDFF0EF007F8EB0702D401F009FFFCE752
:10D14000204603F053FDF8E700E100E051D1020072
:10D1500003F04CBD002003F029BA00BF00B5002346
:10D1600083B00322CDE9002303490448C8220CF010
:10D170004DFC03B05DF804FB004B040005D1020038
:10D180000EF096BB4FF08052536E1BBA0360136EC5
:10D190001BBA43600820704700487047084B0400E2
:10D1A00070B51F4D2B68B3B199B91478C4F341140D
:10D1B000012C0BD0022C07D15478012C0DD0022C5D
:10D1C00007D19388072B21D0084670BD51782229BA
:10D1D0000CD0012070BD184670BDDC69F4B1237815
:10D1E00011462246BDE8704002F070BE51880039F9
:10D1F00018BF01211976114602F04EFE2A68136A03
:10D20000002BE6D0107E9847204670BD054C114695
:10D2100023892246BDE8704002F058BE204670BD0A
:10D22000009200205460002010B5044601F0ECFD8F
:10D2300008B9002010BD01F0EFFD0028F9D1044825
:10D240004FF45A7303FB0400007900F0010010BD95
:10D2500004920020064B4FF45A7202FB003050F843
:10D26000063F0B60838882798A718B80704700BF8C
:10D270000492002008B5044B4FF45A7202FB0030B0
:10D28000103001F025FC08BD049200202DE9F0418A
:10D290004FF45A7505FB00F5194F05F110043C4495
:10D2A00092B2204601F040FC0646204601F02AFCDE
:10D2B0003F2802D83046BDE8F08107EB0508002082
:10D2C00098F8031002F01EFD0028F3D0204601F06C
:10D2D00019FC3F280BD905F53A7298F803103A4427
:10D2E0004023002002F072FD3046BDE8F08198F83E
:10D2F0000310002002F03EFD3046BDE8F08100BF83
:10D3000004920020034B4FF45A7202FB003010309D
:10D3100001F07CBC049200202DE9F041044601F0AC
:10D3200073FD10B90020BDE8F08101F075FD0646DF
:10D330000028F7D14FF45A71DFF8608001FB04F444
:10D3400004F12C054544284601F0C2FB0028E9D031
:10D3500008EB04073046B97802F0D4FC0028E1D08D
:10D3600004F54A74444428462146402201F0DCFB7F
:10D37000054660B1B978224630462B4602F026FDBC
:10D3800040B9054B1B68DB07CCD500BECBE7B978AD
:10D3900002F0F0FC2846C6E7F0ED00E00492002021
:10D3A00038B50C4B4FF45A7404FB00342C3492B251
:10D3B0000546204601F06AFC034620461C4601F063
:10D3C00087FB3F2801D8204638BD2846FFF7A4FF39
:10D3D000204638BD0492002008B5044B4FF45A7221
:10D3E00002FB00302C3001F08DFB08BD04920020C0
:10D3F000F0B51C4C83B000214FF45A722046012531
:10D400000E4614F05BFAFF234FF4424204F1480148
:10D410006371E2802B460827009604F110004FF458
:10D42000807227732581668101F016FB2B464FF42D
:10D43000807204F5A471009504F12C0001F00CFB3E
:10D4400004F5127128460BF087FD04F5267103469A
:10D450002846C4E909630BF07FFDC4E9100603B058
:10D46000F0BD00BF0492002010B5094B002203F16B
:10D470002C0403F110001A601A7101F07DFC2046A3
:10D4800001F07AFC20460121BDE8104001F09CBC6F
:10D49000049200202DE9F0414B79022B82B002D199
:10D4A0008B79022B04D00025284602B0BDE8F0811C
:10D4B000314FBB782BB1314B1B68DB07F3D500BE76
:10D4C000F1E78B783B700C780C4406466178242990
:10D4D0004FF009050BD1082A02D80FE0AA420DD35C
:10D4E00023781C442B44617824299DB2F6D0052969
:10D4F0001BD0042902D163790A2B28D0204801F0DF
:10D5000001FB3F28D0D9F978002002F0FBFB00286E
:10D51000CAD01B4801F0F6FA3F28F97813D9194A06
:10D520004023002002F052FCBEE72146304602F0C4
:10D53000C9FB0028BFD0A3787B7023781C442B4400
:10D5400061789DB2D5E7002002F014FCACE70E4AEA
:10D5500094F800800192022301320092304604EBDD
:10D5600008011A4602F03AFB0028A4D005F10E0388
:10D5700018FA83F39DB2C1E704920020F0ED00E0B9
:10D5800014920020EC9400200692002038B5137805
:10D5900003F06003202B0CD1264C938825789D4204
:10D5A00007D15378203B032B03D8DFE803F009159C
:10D5B0001E04002038BD71B3022931D0012038BDCE
:10D5C00061B10229FAD11C4B002BF7D01B49002076
:10D5D000AFF30080012038BD0029EFD111460723A9
:10D5E000164A02F073FC012038BDA1B10229E5D131
:10D5F0005588257105F00104114884F0010101F0FE
:10D60000E3FB104B002BD9D0C5F34002214600208C
:10D61000FFF77CFAD2E7114602F03EFC012038BD4C
:10D62000094B002BCAD051880020AFF300800120A5
:10D6300038BD00BF04920020000000000A920020C4
:10D64000309200200DCB0200000000002DE9F047D1
:10D65000574DEA788A420C4607461E465CD19AB27C
:10D6600005F53A7105F1100001F010FB514BD3B1F3
:10D670006B79FF2B17D0B6B105F2E72808EB060A45
:10D68000A8F2D72902E0D0450DD06B7918F8012F08
:10D690009A42F8D1484601F02BFA0028F3D1697973
:10D6A000AFF30080EFE7444B23B1444801F020FA88
:10D6B000002870D0414801F025FA3F2805D9E978C3
:10D6C000002002F01FFB002858D1AB789C4203D009
:10D6D00001242046BDE8F087394B13B10020AFF399
:10D6E000008001F091FB20BB364801F0F1F90028E1
:10D6F000EED1002EECD016F03F06E9D1A9783846DD
:10D7000002F000FB04460028E2D0A97838463346F0
:10D71000324602F05BFBDCE7AB788B42DCD02A4B75
:10D720001C6814F00104D4D000BE00242046BDE8DB
:10D73000F08701F071FB04460028D5D1214801F0A3
:10D74000C7F90028D0D0A978204602F0DBFA0028DB
:10D75000CAD01E494022A1F53F7001F0E5F9034609
:10D7600008B31A4AA978204602F030FB0028AFD14E
:10D77000154B1B68DB07B7D500BEB5E70F4801F0B6
:10D78000C1F93F280AD94023114AE978002002F064
:10D790001DFBAB789AE7AFF300808BE7E9780020B8
:10D7A00002F0E8FA91E7A97802F0E4FA9CE700BFFA
:10D7B00004920020000000000000000014920020ED
:10D7C0000000000030920020F0ED00E02C950020D9
:10D7D000EC94002002488C22002114F06FB800BFA6
:10D7E0006C95002002488C22002114F067B800BF1D
:10D7F0006C9500202DE9F0414B79032B82B011D1BB
:10D800000F79C7EBC7051235ADB295420C4604D867
:10D81000DFF89C8098F8011049B1234B1B68DA07A8
:10D8200000D500BE0025284602B0BDE8F08194F87E
:10D8300000C004EB0C0292F801E0BEF1210FECD124
:10D84000C8F8882014F80C1008F1010E08F1020C39
:10D850001144CDE900CE3A46064602F0BFF9002851
:10D86000DBD0A37998F80210012B04BFE37988F884
:10D8700003300122D8F8883088F80420A278B3F861
:10D88000073088F80020A8F806300029CBD0074AD6
:10D890003046402302F09AFA0028C4D1024B1B689C
:10D8A000DB07C0D500BEBEE7F0ED00E0B495002078
:10D8B0006C950020F0B51446127802F01F05012D7A
:10D8C00083B00FD10B467149A78891F800C0FFB211
:10D8D000BC4507D112F06002064606D183BB6278D0
:10D8E000062A30D0002003B0F0BD202AFAD1627899
:10D8F000013A0A2AF6D801A050F822F0D1D9020044
:10D90000BDD90200A9D90200E5D80200E5D802007D
:10D91000E5D80200E5D80200E5D8020091D902005E
:10D920006BD9020029D9020063B3022B08D16388A6
:10D93000574ADBB20B711AB119460020AFF30080D1
:10D94000012003B0F0BD6288120A212A65D0222A84
:10D95000C8D11846FFF7D6FA4C490246CB88304664
:10D96000214602F0B3FA2846BDE7002BE8D16288D1
:10D970004848120A4A7128B111461846AFF3008090
:10D980000028AFD02146304602F086FA0120AAE7EF
:10D99000002B4ED1E388402BA4D83F4A2146304685
:10D9A00002F094FA01209EE7002BC9D13B4A2146A0
:10D9B0003046012302F08AFA012094E7002BBFD100
:10D9C000374A21463046012302F080FA01208AE7D7
:10D9D000002BB5D1E5886088402D4FEA10222F46F4
:10D9E00028BF402710F0FF003ED0012D46D9013F4F
:10D9F00008722C49BFB201250B4600970146002052
:10DA0000FFF788FA2B189BB28BBB274A1268D20704
:10DA10007FF568AF00BE184665E7D1F88820002A78
:10DA20003FF460AF1378214603B0BDE8F04002F048
:10DA30004DBA022B84D1E5886388402D2C4628BF3F
:10DA4000402413F0FF004FEA132205D0012D03D923
:10DA500091F84830834214D00F4B009401460020C7
:10DA6000FFF76CFA01203EE710491D46C4E70F4A54
:10DA70002146304602F02AFA012034E70B491D46C0
:10DA8000BAE7013C0A4BA4B2E7E700BF6C9500205F
:10DA90000000000000000000B495002070950020F8
:10DAA0007195002075950020F0ED00E07495002040
:10DAB000B595002030B51C4CA2788A4283B00CD1B9
:10DAC0006178914217D1194A22B11949DAB200207E
:10DAD000AFF30080012003B030BD62788A42F2D0FB
:10DAE000144B1B68DB0703D500BE002003B030BD1C
:10DAF000002003B030BD00229BB2114605460093C2
:10DB0000104604F14803FFF719FAA178284640238C
:10DB100004F1480202F05AF90028DBD1054B1B68DA
:10DB2000DA07E5D500BED6E76C95002000000000BE
:10DB300074950020F0ED00E070B500F12C0504466E
:10DB4000284600F0C5FF08B9002070BD61780020AC
:10DB500002F0D8F80028F7D004F50A7628463146B6
:10DB6000402200F0E1FF054660B10346617832468D
:10DB7000002002F02BF940B9054B1B68DB07E3D509
:10DB800000BE70BD617802F0F5F8284670BD00BF98
:10DB9000F0ED00E030B5164C83B000210D464FF497
:10DBA0001A72204613F08AFE04F1480104F11000B5
:10DBB00000950123802200F04FFF802204F1C8016C
:10DBC0000123009504F12C0000F046FF04F5A47138
:10DBD00001200BF0C1F904F5CC7103460120C4E922
:10DBE00009530BF0B9F9C4E9100503B030BD00BF0B
:10DBF000C4B9002010B5084C002304F11000C4E99A
:10DC00000033C4E9023301F0B7F804F12C00BDE899
:10DC1000104001F0B1B800BFC4B900202DE9F043B5
:10DC20004B79012B83B002D18B79012B04D00025D5
:10DC3000284603B0BDE8F083CB79002BF7D10B78F1
:10DC4000CC1806466578242D99B20BD1914202D9A1
:10DC5000EDE78A42EBD323781C440B446578242DEE
:10DC600099B2F6D0042DE2D16379012BDFD1A379EB
:10DC7000032BDCD1E579002DD9D1DFF8CC8098F8E1
:10DC8000010098F8023050EA030905D02B4B1B68BD
:10DC9000DB07CCD500BECBE7A37888F80030277827
:10DCA0002079CB199DB2274430B922E03B788145D9
:10DCB0001D44ADB21F441CD2AA421AD37B78052B57
:10DCC000F4D139463046019201F0FCFF019A68B365
:10DCD000BB782079D90914BF88F8013088F8023060
:10DCE000397809F101030D445FFA83F9ADB20F44AD
:10DCF000DCE7134800F006FF3F2899D998F8021096
:10DD0000002001F0FFFF002892D00D4800F0FAFE3D
:10DD10003F2898F8021005D90A4A4023002002F053
:10DD200055F885E7002002F025F881E7034B1B68D2
:10DD3000DA077FF57CAF00BE054679E7F0ED00E03D
:10DD4000D4B90020ACBB0020C4B90020002070472B
:10DD5000F8B52D4DAA788A421E4619D19AB205F51A
:10DD6000F47105F1100000F091FF284B13B1002071
:10DD7000AFF30080264800F0C5FE3F2805D9A978FA
:10DD8000002001F0BFFF044668BB01242046F8BD17
:10DD90006B788B4208D01F4B1C6814F00104F5D03F
:10DDA00000BE00242046F8BD07462846FFF7C4FE03
:10DDB0000028EAD105F12C0000F08AFE0028E4D109
:10DDC000002EE2D016F03F06DFD16978384601F028
:10DDD00099FF04460028D8D0697838463346324641
:10DDE00001F0F4FFD2E70A4800F08CFE3F28A97842
:10DDF00005D9094A4023002001F0E8FFC6E70020CA
:10DE000001F0B8FFC2E700BFC4B900200000000065
:10DE1000D4B90020F0ED00E0ACBB002070B52E4C72
:10DE2000E28AA36852BA92B282B0054612B1B3FB3D
:10DE3000F2F292B2A06BD4F81110B0FBF2F61B1AFA
:10DE4000B3F5007F28BF4FF4007309BA009302FBBB
:10DE50001602224B607B3144FFF71AF9031E13DBD5
:10DE600009D094F82E101D4A9BB2284601F0AEFF4F
:10DE700058B302B070BD94F82E10009328461A468D
:10DE800001F078FE02B070BDA268A36B43F20330CC
:10DE90000021D31AA08784F83E1001200221A3623A
:10DEA00084F82C0084F83010002AE2D0002BE0D057
:10DEB000237BDB0914BF94F82E1094F82F1028460A
:10DEC00002B0BDE8704001F0BDBF054B1B68DB0729
:10DED000CFD500BECDE700BFF8970020F895002011
:10DEE000F0ED00E038B5214B214C05461BB1607BBD
:10DEF000AFF30080B0B1A06BA36894F82F101D4A57
:10DF00001B1AB3F5007F28BF4FF4007328469BB25D
:10DF100001F05CFF00B138BD174B1B68DB07FAD579
:10DF200000BE38BDA26BA16884F83E008B1A42F295
:10DF300007720120A2870222A36284F82C0084F8D1
:10DF400030200029E7D0002BE5D0237BDB0906D069
:10DF500094F82E102846BDE8384001F073BF94F8BD
:10DF60002F102846BDE8384001F06CBF00000000CB
:10DF7000F8970020F8950020F0ED00E0044880F8C4
:10DF80003C1080F83D2080F83E300120704700BFF3
:10DF9000F897002002484022002113F08FBC00BFF8
:10DFA000F897002002484022002113F087BC00BFF0
:10DFB000F89700204B79082B01D0002070478B790F
:10DFC000062BFAD1CB79502BF7D1162A06D81C4B49
:10DFD0001B68D907F1D500BE0020704770B5194DF8
:10DFE0008B7885F82D300B7882B005F12F0205F182
:10DFF0002E0619440223CDE900261A46044601F0F4
:10E00000EDFD30B90E4A1268D2070FD500BE02B03E
:10E0100070BD204695F82F1000241F232A4685F84E
:10E02000304001F0D3FE20B11720F0E7002002B00D
:10E0300070BD034B1B68DB07F6D500BE1720E6E773
:10E04000F0ED00E0F8970020002961D170B5137859
:10E0500003F07F05022D84B0044620D003F0600356
:10E06000202B02D0002004B070BD5378FE2B34D09A
:10E07000FF2BF7D15388002BF4D1D688B3B2002BF5
:10E08000F0D13B4D11462046AE87C5E90D3385F8EA
:10E09000303085F83E3001F0FFFE0120E3E755788F
:10E0A000012DDBD15388002BDCD1314E938896F8BB
:10E0B0003020042ADBB243D096F82E10994229D0A2
:10E0C00096F82F509D4205D122B9294601F0ACFEA9
:10E0D00000283AD0012004B070BD5388002BC1D174
:10E0E000D0880128BED1234B8DF80F002BB10192AF
:10E0F000FEF738FF019A0028B4D0451E114620468D
:10E1000001230DF10F028DF80F5001F0DFFEE1E762
:10E1100001207047022ADDD1B26BB3689B1A032439
:10E12000B36206F120020D2386F8304001F04EFE66
:10E130000028CFD1104B1B68DB0793D500BE92E7B8
:10E14000194601F07FFE28468DE72946204601F05A
:10E1500095FE0028BED1002386F8303096F82F10A7
:10E16000034A20461F2301F031FE0028B2D1E1E727
:10E17000F897002065CF0200F0ED00E0F0B5A74C65
:10E1800094F83050012D8FB01E4607466FD0032DF6
:10E1900046D02DB1022D00F0898001200FB0F0BDD6
:10E1A00094F82F308B42F8D11F2E40F09E809C4B6C
:10E1B00022689A4240F09980E37B9A4A6068A5629F
:10E1C00084F82C50A5632262A56860620122282B86
:10E1D00084F83020656300F0DA802A2B00F09F82FB
:10E1E000002D00F02981227BD20940F02581B5F570
:10E1F000007F40F2F78294F83C30A56201200222B1
:10E2000084F82C0084F8302023B942F2050284F807
:10E210003E30A287384601F015FE94F83050B9E739
:10E2200094F82E308B42B8D10D2EB6D1E37B282B3B
:10E2300000F06D822A2B00F062827B4B23B1607B61
:10E2400004F10F01AFF30080002084F83000734A1E
:10E2500094F82F101F23384601F0B8FD0028DCD1B8
:10E26000724B1B68DA0700F19080002096E7E37B91
:10E27000282B12D02A2B59D0A36B227B3344D209EE
:10E28000A36347D0626B9A420DD9684B1B68DB07CA
:10E29000C3D500BE94F830507CE7D4E90D23334455
:10E2A0009342A3636CD3022384F8303094F82E1089
:10E2B000384601F0E3FD00287FF46FAFA368A26B3E
:10E2C000934202D9217BC9091ED19B1A0325A3625F
:10E2D00094F82E10564A84F8305038460D2301F039
:10E2E00075FD00287FF459AFBAE7042394F82E1087
:10E2F00084F83030384601F0A5FD384694F82F10E8
:10E3000001F0A0FD002049E794F82E10384601F0F6
:10E3100099FD42E7A38E474A607B04F10F01FEF7A7
:10E32000A9FE0028C0F2C981A36BABE7E08A40BA1E
:10E3300080B218B1A368B3FBF0F080B2D4F811102A
:10E34000A26B3C4DB2FBF0F309BA00FB1322194457
:10E35000607B00962B46FEF7B1FE0028C0F20A82D1
:10E36000864252D9002840F03382002394F82F10BF
:10E3700000933246384601F0FDFB94F8305009E72F
:10E38000FFF74CFD94F8305004E700BE06E7E28A40
:10E3900052BA92B29DB9002A85D094F83C3002223C
:10E3A000002184F82C2084F83020A162002B7FF417
:10E3B0007DAF42F2050284F83E30A28776E7207BEB
:10E3C000C0090BD0002A00F0EE819542C0F02282F5
:10E3D000282B3846D4D0FFF785FD1EE794F83C2063
:10E3E000A562022384F82C3084F83030002A7FF4B0
:10E3F00011AF42F205020023A28784F83E30207B51
:10E40000C00900283FF406AF9DE1D4E90D23334451
:10E410009342A363BFF447AF3846DCE7F897002088
:10E42000555342435553425300000000F0ED00E0C5
:10E4300018980020F8950020607B252B27D8DFE86E
:10E4400013F03701260026000A01260026002600C8
:10E45000260026002600260026002600260026008C
:10E46000260026002600E9002600260026002600B9
:10E47000260026002600CF00B50026002600260034
:10E4800026002600260026007B002600520094F875
:10E490003C30002B3AD1B04AB049ABB2FEF7EAFDAE
:10E4A000002833DB40F0C981A368002B3FF4FBAEAA
:10E4B000A16B94F83C205B1A01200221A36284F82E
:10E4C0002C0084F8301022B942F2050184F83E2075
:10E4D000A187002B3FF4EAAE237BDB0940F03381B8
:10E4E00094F82F1096E604AA05A9FEF7B1FD059B46
:10E4F00023B1BDF81020002A40F0968194F83C30FA
:10E5000023B940F2024284F83E30A287A268A36B8E
:10E5100094F83C100120D31A84F82C000220A36246
:10E5200084F8300021B942F2050084F83E10A0873B
:10E53000002A3FF4BBAECCE705AD00230DF10E027F
:10E5400004A96B600593AB60FEF782FD049A002A74
:10E55000D4D0BDF80E30002BD0D012BA5BBA082050
:10E560000221ADF81E3006928DF817008DF81C10B0
:10E5700095E80700784BA56883E807000C20002D7C
:10E5800040F03981A36B94F83C205B420121A362E7
:10E59000022384F82C1084F83030002A7FF486AEF1
:10E5A00042F2050384F83E50A3877FE66C4B002BB4
:10E5B0003FF47AAFE17CC1F3400301F001020909A5
:10E5C000AFF3008000287FF46FAF94F83C30002B4D
:10E5D0009CD140F202420023A28784F83E3095E7A6
:10E5E000059B604A03F4000343F003030593002AEC
:10E5F00000F01881AFF300809DF81630564AA568E8
:10E6000080F0010060F3C7138DF81630059B13608E
:10E610000420B4E74FF020330022CDE90A33524DF5
:10E62000069207A909AA0893079309930D930C93DF
:10E6300005AE0DAB0595FEF79DFC0FCEDFF818C1BA
:10E64000A568ACE80F000FCEACE80F003368CCF83B
:10E650000030242093E794F83C2094F83D0094F88F
:10E660003E10DFF8F4C04FF0000E4FF00003CDE98C
:10E6700005EECDE907EE62F303038DF81630F022C4
:10E680000A23ADF824E08DF820008DF821108DF8D4
:10E6900014208DF81B3005AE0FCEACE80F003368A8
:10E6A000A4F83CE084F83EE0ACF80030122066E7C5
:10E6B000FEF7B4FC002888D0F6E6A268A36B94F8B5
:10E6C0003C0084F82C50D11A0225A16284F8305005
:10E6D00020B942F2050584F83E00A587002A3FF4E0
:10E6E000D1AD00293FF4CEAD237BDB0900F094804F
:10E6F00094F82E10384601F0A5FBA36BC2E51B4B26
:10E70000002B3FF4A1AD607BFEF7EEFC9CE5184BBF
:10E71000002B3FF499AD607BAFF3008094E5E28A73
:10E7200052BA92B2002D3FF436AE207BC0093FF4BE
:10E7300049AE94F83C30A562022284F82C2084F87B
:10E740003020002B7BD094F82E10384601F07AFB55
:10E7500094F830501EE500BFF8950020079800207F
:10E76000000000000000000000800202E9D002006A
:10E7700000000000A36BA2683344D11A43F20330B7
:10E78000A3630023A08784F83E3001200223A16206
:10E7900084F82C0084F83030002A3FF487AD00293B
:10E7A0003FF484AD98E6012294F83C3084F82C20A4
:10E7B0000222A56284F83020002B7FF422AE42F2C0
:10E7C000050284F83E30A287002D3FF46FAD16E6B7
:10E7D000A36B361A0344291832462846A36313F064
:10E7E00053F8C2E5194AABB2384601F0EFFA0028F7
:10E7F0007FF413AD34E5A84228BF284683B2606396
:10E80000124A94F82E10384601F0E0FA00287FF4FE
:10E8100004AD25E50222C7E794F82F10384601F031
:10E8200011FB81E50120E7E60849A568013B1BBA19
:10E8300012BAC1E900320820A1E6A5689FE642F2BB
:10E84000050284F83E30A287D9E500BFF895002084
:10E8500030B5154C83B000210D464FF4EE722046C2
:10E8600013F02CF804F13C01201D009501234022F7
:10E8700000F0F2F8402204F17C010123009504F13C
:10E88000200000F0E9F804F1BC0101200AF064FB6B
:10E8900004F5867103460120C4E906530AF05CFBC7
:10E8A000C4E90D0503B030BD3898002010B5064C02
:10E8B0002046002340F8043B00F05EFA04F12000FB
:10E8C000BDE8104000F058BA389800204B79FF2B73
:10E8D00001D0002070472DE9F041324C6678A378D2
:10E8E000334382B003D0002002B0BDE8F0810D7840
:10E8F0008B782370804608790F460D4408B36B78F7
:10E90000052B0AD0AB189D4202D306E0AB4204D9D6
:10E9100029780D4469780529F8D1234E0196731C96
:10E920000246009329460223404601F057F9034668
:10E93000A8B13B79A178C3EBC3031D4431B9617819
:10E94000A1B9E81B80B202B0BDE8F081402306F215
:10E950005B12404601F03AFA03460028EFD1134A11
:10E960001268D207BFD500BE1846BDE7002001F0EF
:10E970005BFA06460028E4D10D494022A1F5BE709D
:10E9800000F0D2F80028DCD003466178084A30460F
:10E9900001F01CFA0028D4D1044B1B68DB07D0D54A
:10E9A00000BECEE73898002039980020F0ED00E056
:10E9B000D499002038B5234CA2788A420AD06378D3
:10E9C0008B424FF0000004D101F02EFA054600B34F
:10E9D000012038BD9AB204F5AE71201D00F056F941
:10E9E000194B13B10020AFF30080A178002001F093
:10E9F0001BFA05460028EBD1144800F083F83F28A5
:10EA0000E6D9A178124A2846402301F0DFF9012017
:10EA100038BD402204F5CE7104F1200000F084F8E6
:10EA20000028D5D003466178284604F5CE7201F05F
:10EA3000CDF90028CCD1074B1B68DB07C8D500BE39
:10EA4000C6E700BF38980020000000003C98002076
:10EA500094990020F0ED00E02DE9F041B2F5004F6F
:10EA60009DF8188030D80446406915460E461F466A
:10EA700018B14FF0FF310AF0AFFCA06918B14FF0A8
:10EA8000FF310AF0A9FC6A0092B260692660511E4B
:10EA900000235242E381A580E78084F80880A181A9
:10EAA0006281238218B11A4619460AF0A5F8A069B6
:10EAB00038B100231A4619460AF09EF80120BDE835
:10EAC000F0810120BDE8F0810020BDE8F08100BFA9
:10EAD000C189028A89B292B28B1A91429BB202D248
:10EAE00042899B1A9BB28088984228BF184670477B
:10EAF000C289038A90B29BB2C01AB0FA80F0400972
:10EB0000704700BFC189028A89B292B28B1A9142C2
:10EB100010B49BB2848802D240891B1A9BB2E01ABF
:10EB200080B25DF8044B70472DE9F04705468069D7
:10EB30008846914618B14FF0FF310AF04DFCEB8941
:10EB40002C8A9BB2A4B21E1BA342B6B202D26A891F
:10EB5000B61AB6B2AF88B74209D2BB4249D26A8967
:10EB60003A449B1A9AB22A822C8A3E46A4B2002EBC
:10EB700045D04E4528BF4E46A74203D8E41BA4B259
:10EB8000A742FBD9A7EB0409B5F806A029681FFA2C
:10EB900089F94E450AFB041125D919FB0AF91FFA18
:10EBA00089F94A46404612F061FEF21B224412FBEC
:10EBB0000AF2296892B208EB090012F057FE2A8A7D
:10EBC00092B293199BB29A421BD96A8913449BB2A1
:10EBD000A8692B8220B100231A4619460AF00CF8C6
:10EBE0003046BDE8F0870AFB06F2404612F03EFED2
:10EBF000E5E7A989DA1B92B29142B4D2AFE72B8A3A
:10EC00009BB2AA899A42E3D2DFE700BF70B50446FF
:10EC100080690E4618B14FF0FF310AF0DDFBE28942
:10EC2000238A92B29BB2D01A9A4280B202D26189F0
:10EC3000401A80B2A588854207D2AA421DD26189B6
:10EC40002944521A91B221822846E0B1AB4203D343
:10EC50005B1B9BB29D42FBD9E2882168304602FBD8
:10EC6000031112F003FE0125A06920B100231A460A
:10EC7000194609F0C1FF284670BDA089511B89B211
:10EC80008842E0D2DBE70546EEE700BF2DE9F84F0A
:10EC90001546002A3FD004464069884618B14FF017
:10ECA000FF310AF099FBE789237A218ABFB289B242
:10ECB000A3BB7A1A8F42A38892B252D39A1A92B205
:10ECC000954228BF1546A5EB0309B4F806A01FFA24
:10ECD00089F99F423E4603D3F61AB6B29E42FBD252
:10ECE0009B1B20689BB29D420AFB060027D80AFBAB
:10ECF00005F2414612F0BAFDEB199BB29F421AD8B9
:10ED0000A2899A4217D36069E38120B100231A4691
:10ED1000194609F071FF2846BDE8F88FA3889D4287
:10ED200023D3B4F806A0ED1A0AFB05880F461D464A
:10ED30004FF00009CDE7628913449BB2E3E713FB70
:10ED40000AF31FFA83FB5A4641464E4412F08EFDE9
:10ED500016FB0AF2206808EB0B0192B212F086FD56
:10ED6000CAE76189521A92B2A8E7A5EB0309B4F881
:10ED700006A01FFA89F9ACE710B50446406918B13E
:10ED80004FF0FF310AF028FBA06918B14FF0FF31B6
:10ED90000AF022FBA38860695B009BB2591E5A42AD
:10EDA0000023E381A1816281238218B11A461946AA
:10EDB00009F022FFA06920B100231A46194609F084
:10EDC0001BFF012010BD00BF38B5044640690D4649
:10EDD00018B14FF0FF310AF0FFFAA06918B14FF0F7
:10EDE000FF310AF0F9FA6069257220B100231A4652
:10EDF000194609F001FFA06920B100231A461946FF
:10EE000009F0FAFE012038BD024B5878003818BFCF
:10EE1000012070476C9A0020024B1878C0F38000E4
:10EE2000704700BF6C9A0020014B1878704700BFF4
:10EE3000A39A00202DE9F0433A4D2E7883B01EB1FD
:10EE4000304603B0BDE8F0833722314604463648E9
:10EE500012F034FD354901200AF07EF8344B186079
:10EE600000283BD033490B464A6833F8080B4988E1
:10EE7000009609F01DFE304B186078B32F4F27B174
:10EE80002F48AFF300802F4B18602D4E337877B3A7
:10EE90002D4FDFF8B0804FF000094B4537D8A9EB74
:10EEA0000303DBB2042B39D803EB430307EBC303A3
:10EEB0001B689847337809F101095FFA89F91A1D2F
:10EEC0004A45EADA204601F06FF9204601F06EF972
:10EED000012630462E7003B0BDE8F0831B4B1B6843
:10EEE000DB07ADD500BE304603B0BDE8F083DFF8E8
:10EEF000588001E0052F11D007EB4703013758F880
:10EF000033309847337804339F42F3DDDAE7D8F89B
:10EF1000003009EB490203EBC203C9E700231B6879
:10EF2000FFDE00BFA39A00206C9A00201C9A0020EC
:10EF3000A49A002008610020A89A00200000000088
:10EF4000189A0020149A0020444B0400F0ED00E0D1
:10EF50002DE9F04F8BB002F01BF8002800F06F8114
:10EF6000BE4DDFF81893DFF818A3DFF818B3286850
:10EF70004FF0FF3207A90AF0D3F8002800F05F81B4
:10EF80009DF81D30013B072B00F2F284DFE813F0FF
:10EF90000001C900A300940088003F000E00080093
:10EFA000089B002BE3D009989847E0E79DF82010D4
:10EFB000AB4B01F07F0403EB440303EBD11393F855
:10EFC00025006FF3000083F8250093F825006FF308
:10EFD000820083F82500002C00F03481A14ADB7CFC
:10EFE00032B1A14A12789342C0F01C819B1ADBB265
:10EFF000042B00F21F8103EB43030AEBC3031C69DC
:10F000009DF82120099B9DF81C00A047AFE7DFF881
:10F0100050829DF81C6098F8003043F0010388F896
:10F02000003098F825306FF3000388F8253098F801
:10F0300025306FF3820388F8253098F826306FF377
:10F04000000388F8263098F826306FF3820388F89A
:10F050002630002000F09EFF9DF8203003F0600273
:10F06000602A0DD0402A00F0438103F01F03012BDA
:10F0700000F09B81022B00F06D81002B00F0478196
:10F08000D9F80030DC0700D500BE9DF81C00002137
:10F0900001F032FA9DF81C00802101F02DFA66E79C
:10F0A0006F4B1B78DA077FF562AF704B002B3FF494
:10F0B0005EAFAFF300805AE7694B1A78D1077FF54E
:10F0C00056AF6B4A002A3FF452AF1878C0F3C00025
:10F0D000AFF300804BE7644C624F2278002F00F0C2
:10F0E000F480002614E0B31ADBB2042B00F2FD809A
:10F0F00003EB43030AEBC3035B691BB19DF81C00E0
:10F10000984722780136F6B2131DB342FFF62FAFAF
:10F11000B242E8D9DBF8003006EB460103EBC1034D
:10F12000EAE7514C4F4F23789DF81C60002F00F008
:10F13000BA800027BB4267D8FB1ADBB2042B00F26F
:10F140001F8403EB43030AEBC3035B683046984715
:10F1500023780137FFB21A1DBA42EBDA37220021B9
:10F160003F4812F0ABFB434B4FF0FF321A605A603E
:10F170009A60DA601A615A619A61DA611A8400F061
:10F18000FFFE3D4B002B3FF4F2AEAFF30080EEE606
:10F19000354C344F23789DF81C60002F5AD000273F
:10F1A0009F4238D3FB1ADBB2042B00F2E98303EB56
:10F1B00043030AEBC3035B68304698472378013763
:10F1C000FFB21A1DBA42EBDA254C37220021204645
:10F1D00012F074FB4FF0FF33C4F80330C4F807306B
:10F1E000C4F80B30C4F80F30C4F81330C4F817302B
:10F1F000C4F81B30C4F81F30A4F8233000F0C0FE60
:10F200009DF82030A370B2E6DBF8003007EB470230
:10F2100003EBC20399E7DBF8003007EB470203EB8F
:10F22000C203C8E7DBF8002003EB430312EBC30380
:10F230007FF4E5AE114B1B68D80700D500BE0BB0BC
:10F24000BDE8F08F099B9DF821209DF81C0000F07F
:10F25000B3FE8CE6DFF8288019E000BFA89A0020F2
:10F260006C9A002000000000189A002000000000A6
:10F27000000000006F9A002000000000F0ED00E0A8
:10F28000444B0400149A0020052F00F07983D8F82D
:10F290000430304698472378013704339F4208F101
:10F2A0001808F1DD90E7DFF8508302E0052F00F049
:10F2B0006783D8F804303046984723780137043301
:10F2C000BB4208F11808F1DA48E7CB4E73691BB16D
:10F2D0009DF81C00984722780137131D9F4206F1C4
:10F2E00018063FF744AE052FF0D100235B69FFDE1F
:10F2F000C24800283FF4C9AE00F04CFE304608AAD0
:10F300000021FDF74DFF00287FF431AEBDE6202A35
:10F3100000F08480002A7FF4B3AE9DF82130092BE1
:10F320003FF6AEAE01A252F823F000BFB3F40200E4
:10F33000B3F5020081F0020093F5020081F00200B3
:10F3400075F5020021F5020081F0020009F50200C6
:10F35000D7F402009DF8241001F07F03082B3FF63C
:10F360008FAE08EB430000EBD110A54CC07C5B00D6
:10F37000CF0934B1A34C2478A042C0F08E80001B8A
:10F38000C0B2042862D800EB40000AEBC004002A97
:10F3900060D0E06800F0FEFDE368304608AA002176
:10F3A000984700287FF4E3AD6FE69DF824300F2BDB
:10F3B0003FF66BAE4344924ADB782AB1914A127809
:10F3C000934261D39B1ADBB2042B3FF65EAE03EB94
:10F3D00043030AEBC304E06800F0DCFDE36808AA1D
:10F3E00000213046984700287FF4C1AD9DF82030B9
:10F3F00013F060047FF449AE9DF821300A3B012BE5
:10F400003FF643AE00F0C6FD9DF821300A2B00F018
:10F410007B8108A9304600F03FFDA8E59DF8243027
:10F420000F2B3FF632AE4344754ADB7832B1754A52
:10F4300012789342C0F04D819B1ADBB2042B3FF649
:10F4400024AE03EB43030AEBC304A2E7002A7FF4D4
:10F450001CAE14469DF8212002F0FD00012800F0AA
:10F460000A81002A7FF40CAE43443B44304693F8B3
:10F4700025400DF11A02C4F34004022308A9ADF897
:10F480001A4000F023FD72E5DBF8004003EB430374
:10F4900014EBC3043FF4F9AD9DE7DBF8004000EB4B
:10F4A000400004EBC004002AD4D0002C7FF471AFDC
:10F4B000EBE598F800309C0804F00204C3F3401315
:10F4C0001C43304602230DF11A0208A9ADF81A4078
:10F4D00000F0FCFC4BE59DF8223002931A4698F8A8
:10F4E00001309A4208D098F80130002B40F0958105
:10F4F000029B002B40F01281029B88F801303046BD
:10F5000008A900F0C9FC32E598F801308DF81A30EE
:10F51000304601230DF11A0208A900F0D7FC26E5B8
:10F52000BDF82200030A5A1EC0B20E2A3FF6ADAD46
:10F5300001A151F822F000BF5FF6020043F602007D
:10F5400033F602008BF002008BF002000DF6020091
:10F5500043F602008BF002008BF002008BF00200F9
:10F560008BF002008BF002008BF002008BF00200A7
:10F57000D3F5020008A800F013FD9DF822103046D4
:10F5800000F01AFE98F8003043F0020388F80030CB
:10F59000EDE4BDF82230012B7FF477AD98F8003010
:10F5A000304643F0080308A988F8003000F074FCE6
:10F5B000DDE4BDF82230012B7FF467AD98F8003010
:10F5C00030466FF3C30308A988F8003000F064FCEC
:10F5D000CDE40D4B002B3FF458ADFDF7DDFD0246A9
:10F5E00000283FF44DAD5388304608A900F06EFC6A
:10F5F00000287FF4BCAC48E5444B0400A1D10200D4
:10F6000000000000189A002099D10200B64B002B90
:10F610003FF43BADAFF30080024600283FF435AD28
:10F620001378304608A900F051FC00287FF49FAC05
:10F630002BE5BDF82410FDF75DFC02460028EFD154
:10F6400023E5022B00F08A81A84B002B3FF41DAD6F
:10F65000AFF300800246002A3FF412ADC3E7FDF786
:10F660003FFC1223024608A9304600F02FFC002878
:10F670007FF47DAC09E5BDF82200009048B9012A6D
:10F6800043442FD03B4403F1200793F825309B07D8
:10F6900013D5002C3FF46BACE06800F07BFCE36812
:10F6A00008AA002130469847002000F073FC98F823
:10F6B0002630DF073FF55BACABE6304600F01CFFC1
:10F6C0007B7943F002037B717B7943F001037B710B
:10F6D000DFE7DBF8004003EB430314EBC3043FF424
:10F6E000D4AC56E61F4420377B799A07D1D53046F3
:10F6F00000F042FF7B79009A62F341037B717B79D2
:10F7000062F300037B71C4E708A9304601230DF1C1
:10F710001A028DF81A4000F0D9FB28E4581EC0B236
:10F72000FDF7E2FB002871D04378022B6ED1C2793D
:10F7300098F80010C2F340131B01C2F3801221F0AD
:10F74000300143EA42130B4388F8003043880396A4
:10F75000C31800F1090704933946049B8B4240F219
:10F76000F5804B780B2B00F0DD8001220092042BFA
:10F770004CD1049B5E4A5B1A9BB201935D4B1B7894
:10F780004AB3002637461DE0F31ADCB2042C00F21F
:10F79000EC8004EB44040AEBC404019AA3680398C8
:10F7A0000591984708280599024603D9019B834291
:10F7B00080F082804F4B1B780136F6B21A1DB242A0
:10F7C000374623DBB342DFD9DBF8004006EB4603C4
:10F7D00004EBC304E1E7484B17461C46052FFEB275
:10F7E00000F0C380019AA368039805919847082800
:10F7F0000599024602D9019890425DD23D4B1B7893
:10F8000001370433BB4204F11804E7DAD9F80030B9
:10F81000D9077FF535AC00BE32E4364C344F304664
:10F8200000F072FD98F802202378009287B3002739
:10F83000BB4226D8FB1ADBB2042B00F2A18003EBFB
:10F8400043030AEBC3035B683046984723780137CC
:10F85000FFB21A1DBA42EBDA37222848002112F013
:10F860002DF8274B009A88F802204FF0FF321A60DB
:10F870005A609A60DA601A615A619A61DA611A8490
:10F8800036E6DBF8003007EB470203EBC203DAE7AA
:10F89000194B304626461C4601E0052F70D06368A0
:10F8A000019098473278019801370432BA4204F146
:10F8B0001804F2DA0646CFE7009B012B38D0009BF4
:10F8C00003B391F802C0002305E00133C67000982D
:10F8D000DCB2844216D20CEB030058FA80F0C478F4
:10F8E000FF2CF2D092E700BF0000000000000000F3
:10F8F00000000000189A0020444B04006C9A00207D
:10F900006F9A002033462048CDE9001201F076FBC3
:10F910001E4B1B78DDE900120433BB421144BFF6D5
:10F920001CAF73E70B78CA78009219444B781EE736
:10F93000A3681748834206D0009C1648834208BF3C
:10F9400002240094BDE702230093BAE7124B039E02
:10F95000002B3FF4D1ADAFF30080CDE5FDF7C4FA45
:10F960000246002A3FF48CAB3DE600239B68FFDE95
:10F97000D9F80030DB077FF5FAAA00BEFFF7F7BA27
:10F9800000235B68FFDE00BF7F9A0020189A0020EA
:10F9900095D402001DDC02000000000030B589B0E3
:10F9A00000248D1ECDE9024404948DF809108DF8D1
:10F9B0000800032D5CD8DFE805F0082C48023B4B1B
:10F9C0001978C80761D409B030BD384938480B7878
:10F9D00000686FF300030B700C7800236FF3410491
:10F9E0000C704B700C7863F382040C70002A37D0D3
:10F9F00002A905AA09F0E6FA059B002BE3D02D4BDE
:10FA00004FF080525A6040BFBFF34F8FBFF36F8FEC
:10FA1000D9E7264B19784907D5D51978244C6FF3C7
:10FA20008201197000230521CDE9053307938DF874
:10FA300014008DF815102068002A2FD1134605A94F
:10FA40004FF0FF3209F0D8F8BDE7184B1978CC0712
:10FA5000B9D51978164841F00401006819705AB9EF
:10FA6000134602A94FF0FF3209F0C6F809B030BDC5
:10FA70000F4B1868002AF3D0002302A905AA09F049
:10FA8000A1FA059B002B9ED0B9E7197808486FF3BF
:10FA9000820100681970002AEED1E1E705A901AAE8
:10FAA00009F090FA019B002B8DD0A8E76C9A0020FA
:10FAB000A89A002000ED00E030B5144D85B0002478
:10FAC0000123CDE9014403948DF804008DF808105A
:10FAD00028688DF805303AB9134601A94FF0FF3276
:10FAE00009F08AF805B030BD234601A96A4609F03D
:10FAF00069FA009B002BF5D0054B4FF080525A60FD
:10FB000040BFBFF34F8FBFF36F8FEBE7A89A002082
:10FB100000ED00E030B50B4685B004464968186832
:10FB2000124D8DF8044002AC03C40023062128685E
:10FB3000ADF806308DF805103AB9134601A94FF01B
:10FB4000FF3209F059F805B030BD6A4601A909F045
:10FB500039FA009B002BF6D0054B4FF080525A60CB
:10FB600040BFBFF34F8FBFF36F8FECE7A89A002021
:10FB700000ED00E030B585B0164D03929DF82040B1
:10FB80002D680022CDE901228DF8081007218DF89B
:10FB900004008DF809308DF8051044B9234601A9F9
:10FBA00028464FF0FF3209F027F805B030BD134664
:10FBB00001A928466A4609F005FA009B002BF4D0FB
:10FBC000054B4FF080525A6040BFBFF34F8FBFF3D9
:10FBD0006F8FEAE7A89A002000ED00E02DE9F84FCA
:10FBE000DDE90A8A002A3CD0DFF8809007460C46FF
:10FBF0001E4615464FF0000B17E099F8021001F071
:10FC0000C9F9034621463846EBB100F0E7FAF8B1EE
:10FC1000A378DA0914BF8AF8003088F80030237816
:10FC20000BF1010BAB451C441BD06378052B204620
:10FC30000ED1E17801F00301B14209D1A37803F0BC
:10FC40007F03082BD9D9084B1B68DA0700D500BE03
:10FC5000054B1B68DB0702D40020BDE8F88F00BE0F
:10FC6000FAE70120BDE8F88FF0ED00E06C9A002083
:10FC700030B5124D85B000230824CDE9020101936F
:10FC800028688DF805403AB9134601A94FF0FF32B4
:10FC900008F0B2FF05B030BD6A4601A909F092F93B
:10FCA000009B002BF6D0064B4FF080525A6040BFAD
:10FCB000BFF34F8FBFF36F8FECE700BFA89A002010
:10FCC00000ED00E038B58B7803F07F03082B06D9F0
:10FCD0000A4B1B68DB0700D500BE002038BD084B6F
:10FCE0000C4605460846997801F054F90028EFD0F3
:10FCF00021462846BDE8384000F070BAF0ED00E03B
:10FD00006C9A0020F8B5194B01F07F0403EB440313
:10FD100003EBD11101F12004607910F0010519D134
:10FD200063795A07C3F3800701D52846F8BD104E02
:10FD30004FF0FF31306809F04FFB607910F001059A
:10FD40000BD163795B0709D4637943F004036371D2
:10FD5000012503E000252846F8BD3D460023306814
:10FD60001A46194608F048FF2846F8BD6C9A00204C
:10FD7000A49A002038B5134D0C4628684FF0FF3187
:10FD800009F02AFB104B04F07F0103EB410303EB66
:10FD9000D41120314B7913F0010310D14A79C2F309
:10FDA0008004520703D54A7963F382024A71002323
:10FDB00028681A46194608F01FFF204638BD00245F
:10FDC000F5E700BFA49A00206C9A002070B5144D8E
:10FDD00001F07F0605EB460505EBD114203465796B
:10FDE000ED0706D50F4B1B68DA0700D500BE0020D3
:10FDF00070BD657945F00105657100F0D5FA002800
:10FE0000F6D16379074A60F300036371637960F3A5
:10FE1000820363711368DB07E9D500BE70BD00BFC4
:10FE20006C9A0020F0ED00E0054B01F07F0203EB3F
:10FE3000420303EBD11191F8250000F00100704757
:10FE40006C9A002010B50C4B01F07F0203EB4203CB
:10FE500003EBD11494F825309B0700D510BD203456
:10FE600000F04AFB637943F002036371637943F066
:10FE70000103637110BD00BF6C9A0020054B01F0B7
:10FE80007F0203EB420303EBD11191F82500C0F38D
:10FE9000400070476C9A00200B4630B40A4C496809
:10FEA00005461868224603C293F9002000239A42AF
:10FEB000C4E902332846A8BF802130BCB8BF194628
:10FEC0001A46FFF783BF00BF6C9B0020F0B50C46BD
:10FED000284F496806462068BA603D4603C50021A0
:10FEE000F981E588AB4228BF2B4683B0BB81A5B121
:10FEF0001BB352B397F90000402B28BF40230028C2
:10FF00002ADB1D4A3046FFF761FF98B91B4B1B687F
:10FF1000DB071ED500BE03B0F0BD94F90030002B06
:10FF2000ACBF8021002130462B462A46FFF74EFF0A
:10FF30000028EBD0012003B0F0BD97F90020002A83
:10FF4000ACBF194680211A46DCE70C4B1B68D90769
:10FF50000CD4002003B0F0BD1146074801931A46A7
:10FF600011F084FC044A019B8021CBE700BE1046BF
:10FF7000E1E700BF6C9B0020809B0020F0ED00E0DB
:10FF8000034B0022C3E90022C3E902221A61704731
:10FF90006C9B0020014B1861704700BF6C9B0020D8
:10FFA0000346044A59680068134603C30023C2E9A4
:10FFB000023370476C9B0020F0B5414C2578C9098D
:10FFC000B1EBD51F83B01F46064616D033B13D4B6B
:10FFD0001B68DA0757D4002003B0F0BD3A4B13B1C9
:10FFE0002146AFF300802369002B2FD0344A3046DE
:10FFF00002219847012003B0F0BD94F90020002AA7
:020000023000CC
:1000000006DBA0680028E6D030491A4611F02EFC25
:10001000E589A168E2883D44ADB23944AA42E58150
:10002000A16016D03F2F14D9A28994F90000531B68
:100030009BB2402B28BF402300282FDB95423BD0AA
:10004000224A00213046FFF7C1FEB0B1012003B0C3
:10005000F0BD236923B11A4A012130469847A0B167
:1000600094F9002000239A42ACBF80211946304603
:100070001A46FFF7ABFE0028E8D1124B1B68DB07DE
:10008000A9D500BEA8E700BEA5E70146304600F0AE
:1000900033FA3046802100F02FFAD7E7954208D096
:1000A0001A460A48019311F0E1FB084A019B80219E
:1000B000C8E780210022C5E700210A46C2E700BF49
:1000C0006C9B0020F0ED00E000000000809B002011
:1000D00042DF704743DF704744DF704712DF7047ED
:1000E0002C4B5B68C3F3080313B9EFF310839BB188
:1000F000294B93F8D820002A36D1012283F8D82042
:100100000260BFF36F8FBFF34F8F244A904227D016
:10011000043A904224D07047214A53681B06E7D521
:10012000802110B4C2F88410BFF34F8FBFF36F8FDC
:10013000194B93F8D840E4B9012283F8D820026023
:10014000BFF36F8FBFF34F8F144A90421DD0043A14
:1001500090421AD0124B80225A605DF8044B7047CF
:10016000002283F8D8207047014601220D48FFF78E
:100170007FBD5160C2F88410BFF34F8FBFF36F8F04
:1001800093F8D840002CF4D1D6E7002283F8D82089
:10019000E0E700BF00ED00E0C09B0020507002408F
:1001A00000E100E0E1000300704700BF014B802246
:1001B0005A60704700E100E0074BD3F80014D3F811
:1001C000002400200A434FF48001C3F80024C3F840
:1001D0005801C3F80413704700700240F0B48878E7
:1001E0008D88CC78444FC10900F07F0202EB4203B6
:1001F0004E00DB000E4403EB86033B4404F0030493
:10020000C5F30A05012C1D812FD0D9B13B49941C9F
:10021000012303FA04F4C1F80443D1F8104503FAAA
:1002200002F22243C1F81025344B40F48072C3F827
:100230001805C3F80C25BFF36F8FBFF34F8F012054
:10024000F0BC70472D4C02F10C05012303FA05F5B3
:10025000C4F80453D4F81455934002F594722B4318
:10026000C4F8143544F82210DEE7082A07D0244BDE
:10027000186810F00100E3D000BE0020E0E7E9B903
:10028000B7F8D4301BB11D4B8022C3F81C251B4A84
:100290000023C2F85031D2F8003313F4001308BF22
:1002A000C2F85431154B4FF44012C3F80423D3F86D
:1002B000142542F48072C3F81425B5E7B7F8C820B6
:1002C0000E4B0021C3F82C1112B18022C3F81C255B
:1002D0000A4AD2F8003313F4001308BFC2F85431AD
:1002E000064B084AC3F80423D3F8102542F4807261
:1002F000C3F8102598E700BFC09B002000700240A3
:10030000F0ED00E000082000214B8022F0B4C3F89B
:100310008420BFF34F8FBFF36F8F1E4A1E4E0D21F7
:10032000012500231D4CA1F10A004FEA810C05FABA
:1003300001F7644405FA00F0013138431429C6F886
:1003400008036360A362C2E90033C2E90233C2E971
:10035000043302F11802E5D11149124AC6F8082304
:10036000C6F81C35C1F8C0307362C1F8C430B3643C
:10037000C1F8C830C6F81455C1F8CC30C6F81055CD
:10038000C1E93433024B80225A60F0BC704700BF91
:1003900000E100E0D89B002000700240D06F0240D6
:1003A000C09B002000083000F0B501F07F00CF09AD
:1003B0000D467C0000EB4001DFF838C1C9003C4429
:1003C00001EB84040CEB040E1E460023AEF806304D
:1003D0004CF8042083B0AEF80460430040B127BB62
:1003E0000CEB01039A7A002A48D1012003B0F0BD3A
:1003F000D6B93A4AD2F88024C2F3C012974213D039
:100400003748FFF76DFE374B5B68C3F30803003BCB
:1004100018BF012300933046294633463246FFF782
:10042000A9FB012003B0F0BD17B303440CEBC30CD0
:1004300000EB8003BCF81210BCF81020BCF814408C
:10044000DCF80C50521A9B0092B203F1804303F582
:100450001C332549C3F80056A24228BF224601EBAF
:100460008000C3F80426FFF73BFE012003B0F0BD77
:100470001E48FFF735FE012003B0F0BD08289F722B
:100480000ED1164BD3F8C024D103AED4DCF8C01083
:10049000C3F8A0171648C3F8A427FFF721FEA4E766
:1004A0005CF801500D4C9A8800F5947100EB8006C1
:1004B00054F82110DB88D31A9BB289B204EB860270
:1004C0008B4204F1280428BF0B46C2F8005704EB06
:1004D0008000C2F80437FFF703FE86E70070024091
:1004E0005070024000ED00E0047002404C70024089
:1004F00048700240C09B0020F8B511F07F0307D17F
:100500001A4B01225A65BFF36F8FBFF34F8FF8BDAF
:10051000082BF8D0154A41F48070C909C2F81805B3
:10052000F1D1134D03EB430005EBC004C000A67AE4
:10053000002EE8D003F59476A17252F82660A188C7
:10054000E4882F580B480C1BA1B2B5B203EB830C07
:1005500002EB8C02A94228BF2946C2F8007700EBC3
:100560008300C2F80417FFF7BBFDCCE70070024020
:10057000C09B00202870024011F0770F12D00A4B68
:1005800041F48072C3F80C15C3F80C25CA09C3F8EE
:10059000181504BF01F5947143F82120BFF36F8F44
:1005A000BFF34F8F704700BF007002402DE9F04F3E
:1005B000854B8648D3F80013002387B01F461D469D
:1005C000012421FA03F2D6070BD550F8232042B1BB
:1005D00004FA03F240F823501743BFF36F8FBFF3C1
:1005E0004F8F0133192BECD1FC0700F1C781784EF6
:1005F000380508D5744BD3F8A83601229BB2A6F86B
:10060000D23086F8D720B90214D56F4CD4F81435FF
:10061000DA0500F10482D4F81035DB0540F10982D7
:1006200096F8D730002B40F03482012203210020BD
:10063000FFF7B4F979021FD5634BD3F8004404F4F3
:10064000E062C3F80024E20500F1DE81650510D503
:100650005D4B0122C3F808259A65D3F8002312F4F4
:10066000001208BFC3F85421574B4FF40012C3F8CF
:100670000423A00500F1C28139022BD5524BD3F8D7
:100680008024D2B28DF81020D3F88414C9B28DF82A
:100690001110D3F888048DF81200D3F88C048DF86B
:1006A0001300D3F890048DF81400D3F894048DF857
:1006B0001500D3F898048DF81600D3F89C348DF803
:1006C0001730520601D1052904D0012204A90020C7
:1006D000FFF720FA3F4B3B403BB196F8D830002B58
:1006E00000F08581002386F8D830DFF8E490DFF849
:1006F000D8A002974D460024C8460DE0B2F806C0C7
:10070000A5F804C0D2880127009792B2FFF732FA09
:10071000082E3DD001341835029B04F10C0223FA57
:1007200002F204EB440C04EB840E08EBCC0C002327
:10073000E6B212F0010F0AEB8E0E62463146184601
:10074000E6D0DEF808E72F685FFA8EFE07EB0E0BA7
:10075000C5F800B0BCF806B01EFA8BFB1FFA8BFB85
:10076000082CACF806B01FFA8EFEC7D0B5F808B05A
:10077000F345C3D1BCF806C0B5F804E01FFA8CFC01
:10078000E645BBD9002EC3D11348FFF7A9FCC1E74A
:10079000029F124B3B404646002B00F0CA800A4B9A
:1007A000D3F86C84C3F86C84BFF36F8FBFF34F8FA3
:1007B00017F4806740F0C080CDE90277024FDFF880
:1007C00020A0002416E000BF00700240007102402B
:1007D000C09B0020FCFB1F004C7002400004000185
:1007E00004700240002C00F0BC80072D3DD0013485
:1007F00009F1180928FA04F304EB840C04EB440211
:1008000013F0010F07EB8C0C06EBC202E5B24FEAC6
:100810008400E7D0DCF80816D9F80C30C9B203EB35
:10082000010BC9F80CB0538A11FA83F39BB25382BF
:10083000518AB9F810E089B271454FF00003504475
:1008400045F0800180F08580538AB9F81420CCF8F7
:1008500000B6AEEB03039BB2934228BF1346CCF81D
:100860000436FFF73DFC072DC1D118F4803F7DD140
:10087000039B002B7AD118F4003F08D0F28BB38B86
:1008800092B2934200F2F280012386F8223018F4EB
:10089000802F08D0F38EB28E9BB29342C0F00681B7
:1008A000012386F83A3018F4002F0AD0B6F84E200B
:1008B000B6F84C3092B29A42C0F00B81012386F810
:1008C000523018F4801F0AD0B6F86620B6F86430AB
:1008D00092B29A42C0F01181012386F86A3018F46E
:1008E000001F0AD0B6F87E30B6F87C209BB2934247
:1008F000C0F02181012386F8823018F4800F0AD0DD
:10090000B6F89630B6F894209BB29342C0F0278197
:10091000012386F89A3018F4000F0AD0B6F8AE30EA
:10092000B6F8AC209BB29342C0F02E81012386F82A
:10093000B23007B0BDE8F08FD3F88024D3F880340C
:1009400083F08003C3F3C0130393C2F3C013029375
:1009500034E7528A0120009092B21846FFF70AF954
:1009600043E7029B002B3FF442AF53E7F388B28882
:100970009BB29A4267D80123B3727CE78D4B8E4AB3
:100980008E4E8F4800240125C2F81455C2F8105528
:10099000546094625C609C629C60DC62DC601C63FE
:1009A0001C615C635C619C639C61DC63DC611C6456
:1009B00054629464C2F85841D2F80034D2F800145A
:1009C0000B43C2F80034D2F80033C2F80833214692
:1009D000C2F804033046DC2210F070FF40232A46A0
:1009E00021462046B3823381FFF766F800E6754B57
:1009F0001B68DB077FF579AE00BE76E60122052194
:100A00000020FEF7CBFF37E60122C3F82C25042196
:100A10000020FEF7C3FF65057FF52BAE18E6D4F87E
:100A2000C034DD037DD5D4F81035D8053FF5F8ADD9
:100A3000FBE54FF40013C4F8083301220321002022
:100A4000FEF7ACFFF6E55C493468D1F8A004F38802
:100A5000C1F80047D31A9BB282B2934228BF134613
:100A60005948C1F80437FFF73BFB04E7524AB46921
:100A7000D2F8A414F08BC2F814471B1A9BB289B2A7
:100A80008B4228BF0B465148C2F81837FFF728FBA6
:100A9000FDE6B6F8D22000230121009192B218465B
:100AA000882186F8D730FFF765F8BEE54249346BF8
:100AB000D1F8A804F38EC1F82847D31A9BB282B2AA
:100AC000934228BF13464248C1F82C37FFF708FB72
:100AD000E9E6394AB46CD2F8AC14B6F84E00C2F864
:100AE0003C471B1A9BB289B28B4228BF0B46394840
:100AF000C2F84037FFF7F4FAE3E62F4A346ED2F833
:100B0000B014B6F86600C2F850471B1A9BB289B2FF
:100B10008B4228BF0B463048C2F85437FFF7E0FA43
:100B2000DDE6D6F8C020C4F8A0272C48C4F8A437C6
:100B3000FFF7D6FA77E72049B46FD1F8B404B6F8D6
:100B40007E30C1F86447D31A9BB282B2934228BF69
:100B500013462348C1F86837FFF7C2FACDE61649B5
:100B6000D6F89040D1F8B804B6F89630C1F8784776
:100B7000D31A9BB282B2934228BF13461948C1F8D8
:100B80007C37FFF7ADFAC6E60B49D6F8A840D1F896
:100B9000BC04B6F8AE30C1F88C47D31A9BB282B20F
:100BA000934228BF13461048C1F89037FFF798FAD0
:100BB000BFE600BF0470024000700240C09B0020EE
:100BC0000514C001F0ED00E0287002402C700240D6
:100BD0003070024034700240387002404870024069
:100BE0003C7002404070024044700240F0B5012861
:100BF00083B006D0022800F0828000283AD003B0EB
:100C0000F0BDB34BD3F80025002AF8D00022C3F87A
:100C10000425BFF36F8FBFF34F8FAE498020C1F81B
:100C20008400BFF34F8FBFF36F8FD3F80013C3F867
:100C30000813C3F80025BFF36F8FBFF34F8F43F244
:100C4000040103F18D53096803F5772303F2DB53A5
:100C5000994200F06D81A04B01221A609F4B5A68A7
:100C6000C2F30802003A18BF012202210020FEF759
:100C700095FEC4E7964BD3F80025002ABFD14FF468
:100C800080014FF40062C3F80813C3F80024BFF3D7
:100C90006F8FBFF34F8F924B1B68082B00F0C780FC
:100CA0008B4B0122C3F80025BFF36F8FBFF34F8F2B
:100CB00043F2040203F18D53126803F5772303F224
:100CC000DB539A4200F0DD804FF08043D3F80C24D0
:100CD000D3F80C34DF0300F1E88043F20402814BC7
:100CE00012689A4200F0E5807F4B00221A601B6870
:100CF00001934FF08043012201991A607FE7744B02
:100D0000D3F80435002B47D1714AD2F800341805C6
:100D1000FBD54FF40063C2F80034BFF36F8FBFF30D
:100D20004F8F6F4B1B68082B48D06949694A802355
:100D30000120C1F81C35C1F80403C2F884315360A6
:100D4000684E43F204054FF080442B68B34211D043
:100D5000D4F80C24D4F80C34D903F6D5D307F4D541
:100D60005B4B0122C3F80425BFF36F8FBFF34F8F96
:100D700003B0F0BD01A800278DF80470FFF7AEF9AD
:100D80009DF80430002BE3D001A80197FFF7A4F9E8
:100D9000019B002BD9D0E3E743F20402514B1268C8
:100DA0009A4200F0B1804FF08043D3F80C24D3F87E
:100DB0000C34DD03A8D5D407A6D520E74B4B1B6820
:100DC000032BB2D84A4B1A68002A40F0BE8049482B
:100DD00049F27531196002601960414A434B12684B
:100DE0001B68082AA1D1032B9FD8434AD35C93B137
:100DF0003F4B1A68002A40F0B080404849F27531F4
:100E0000196002601960364A384B12681B68082A5C
:100E10008BD1032B89D83A493A4B40F2E3704022F8
:100E200008601A60BFF36F8FBFF34F8F7DE72F4BC2
:100E30001B68032B3FF634AF2F4AD35CABB12C4B6E
:100E40001A68002A40F08D802C4949F2753203203F
:100E50001A6008601A60224A244B12681B68082A2C
:100E60007FF41EAF032B3FF61BAF214B1A68002AFD
:100E70006FD1204949F27532C0201A6008601A60AB
:100E80000EE701A800248DF80440FFF727F99DF82C
:100E90000430002B3FF418AF01A80194FFF71CF9B0
:100EA000019B002B7FF4ABAE17E7D6073FF5A7AE4B
:100EB00013E7002301A88DF80430FFF70FF99DF820
:100EC0000430002B3FF410AFFFF702F997E600BFA4
:100ED0000070024000E100E00400004000ED00E08E
:100EE00030010010DBE5B151000100403401001079
:100EF00000EC064014EC0640BC4B040014ED064028
:100F0000007802400478024001A800248DF80440D3
:100F1000FFF7E4F89DF80430002B3FF444AF01A83C
:100F20000194FFF7D9F8019B002B7FF468AEEBE644
:100F300001A88DF80420FFF7D1F89DF80430002BAC
:100F40003FF489AEFFF7C6F888E6084B00221A6026
:100F500043E7064BC0221A60A2E6054B00221A6046
:100F600051E7034B03221A6075E700BF14EC0640FB
:100F700014ED064008B50020FDF75CFF00B108BD88
:100F8000024B1B68DB07FAD500BE08BDF0ED00E0A0
:100F9000FDF74ABFC378828803F003000228C2F33A
:100FA0000A0205D0032819D0012807D00020704775
:100FB00002291CD0402A09D801207047022940F29A
:100FC000FF3308BF4FF480639342F6D20A4B186890
:100FD00010F00100F1D000BE0020704702290CBFC4
:100FE0004FF4806340239342F0D30120E5E7B2F54C
:100FF000007FE1D0EAE700BFF0ED00E00A44914253
:1010000016D230B44C78052C05D00C7821448A4295
:10101000F8D830BC70478C7804F07F0500EB4505AC
:10102000E4092B550C7821448A42EBD830BC704738
:10103000704700BF704700BF10B504460AF00EF8B5
:10104000204610BD38B50A4B04460D46442240F8F0
:101050000C3B002110F032FC0023A560237104F149
:101060005401012007F078FF2065204638BD00BFFD
:10107000C84B040070B504460E46006D4FF0FF31BA
:1010800008F0AAF9257955B98EB1A660314604F168
:101090000C0005F0BBFBB0FA80F56D09257100234B
:1010A000206D1A46194607F0A7FD284670BDA668B0
:1010B000002EF4D0EAE700BF70B505464FF0FF31CF
:1010C000006D08F089F92B7993B1002305F10C0626
:1010D0002B71304605F0AEFC044680B10023286D2C
:1010E0001A46194607F088FDB4FA84F0400970BD2D
:1010F000A96805F10C0004F029FF0446EEE7A96891
:10110000304604F023FF04460028E7D1A9683046A2
:1011100005F07CFB04460028E0D101232B71DDE7BC
:1011200030B5044695B00D46006D4FF0FF3108F024
:1011300053F9294601AA04F10C0004F0DBFC00235A
:1011400002461946206D14461A4607F055FDB4FABA
:1011500084F0400915B030BD2DE9F04F83B00B7815
:1011600000AF2F2B78600CBF4C1C0C4606460D467A
:10117000006D4FF0FF3108F02FF906F10C084FF029
:10118000000917E0ADEB030D68468B4500F8019BA5
:10119000EA4601DD10F092FB29465A46504610F00F
:1011A00065FB5146404603F00BFD08B1113028D1D4
:1011B0000134B54620462F2111F035FAA0EB050B7E
:1011C0000BF108036E460021044623F007035A463C
:1011D0000028D7D12946404603F0F2FC60B901242B
:1011E0007A680023106D19461A4607F005FD20465F
:1011F0000C37BD46BDE8F08F113014BF0024012428
:10120000EEE70024B546EBE738B504460D46006D21
:101210004FF0FF3108F0E0F8294604F10C0004F02B
:10122000C1FC002302461946206D14461A4607F0F9
:10123000E3FCB4FA84F0400938BD00BF036970B51F
:1012400004460D46186D4FF0FF31164608F0C4F8FD
:10125000237D4BB1002522690023106D19461A46E3
:1012600007F0CAFC284670BD2069A1692A463346AA
:101270000C3003F0F3FF20EAE075ECE770B503698A
:10128000044682B0186D4FF0FF3108F0A5F8267DB6
:101290004EBB2069A1690C3004F01EFC0546206994
:1012A000A1698DF8076001230DF107020C3004F0ED
:1012B0005FFB00282069A169C8BF9DF807602A4626
:1012C00000F10C004FF00003D8BF4FF0FF3604F0E0
:1012D000D3FB22690023106D19461A4607F08CFCD7
:1012E000304602B070BD4FF0FF36F2E738B5036903
:1012F00004464FF0FF31186D08F06EF8237D4BB1B6
:10130000002522690023106D19461A4607F074FC67
:10131000284638BD2069A1690C3004F0DFFB054682
:101320002069A1690C3004F0D7FB2D1AE9E700BF52
:10133000036910B504464FF0FF31186D08F04CF802
:10134000237D43B122690023106DBDE810401A4689
:10135000194607F051BC2069A1690C3004F0E4F98A
:10136000F0E700BF30B50369044683B0186D4FF055
:10137000FF3108F031F8257D55B122690023106D49
:1013800019461A4607F038FC4FF0FF3003B030BD65
:101390002069A1690DF1070201230C3004F0E8FA7D
:1013A00023692A4604462946186D2B4607F024FC7B
:1013B000002CCCBF9DF807004FF0FF3003B030BDCC
:1013C00030B50368164A5B6883B093428DF8071006
:1013D0001ED1036904464FF0FF31186D07F0FCFF82
:1013E000237D53B1002522690023106D19461A464A
:1013F00007F002FC284603B030BD2069A1690C301B
:1014000001230DF1070203F029FF20EAE075EAE766
:1014100001220DF1070198470546284603B030BD6B
:101420003D12030030B4074C016100224FF47A757D
:10143000C0E900428560C0E9062230BC027580F830
:1014400020207047E44B0400F0B5836997B0044650
:101450000D46164693B1077D006919460C30002FE2
:1014600045D003F0ADFDA06907F0EAFAE06900237A
:10147000A36108B107F0E4FA0023E361206903AA3D
:101480000C30294604F036FB98B99DF80C30112B2E
:1014900034D02C2007F0BAFA0146A06130B120699F
:1014A0002A460C3003F064FD002839D0002017B024
:1014B000F0BD0230FAD1012EF8D1382007F0A6FA9B
:1014C0000146A0610028F1D0206940F203130C30DE
:1014D0002A4603F011FE06460028E7D12069A169DB
:1014E0000C300223324604F0C7FA267509E004F0F6
:1014F0009DF9A06907F0A4FAA761BFE7EEB1012E3C
:101500003AD02F21284611F0CFF8203400B1451CE5
:1015100029462046402211F0B4F8012017B0F0BD52
:1015200001232375284611F0A4F8013007F06EFA64
:101530002946E06111F084F8E3E7012338200193A4
:1015400007F064FA019BA06101460028AED0206933
:101550002A460C3003F0D0FD0028A7D1012E02D07E
:1015600000232375CDE72369A169024603F10C002E
:10157000022304F081FAF3E740F20313DEE700BF31
:1015800030B5036983B004460D46186D01924FF0E3
:10159000FF3107F021FF019A29462046FFF754FF4B
:1015A0002169002302461446086D1A46194607F0C1
:1015B00023FB204603B030BD70B504460025C4E9C6
:1015C00006551048236182B0206084F820504FF403
:1015D0007A700E46A0604FF0FF31186D656025757A
:1015E000019207F0F9FE019A31462046FFF72CFFE1
:1015F00022692B46106D29462A4607F0FDFA20463F
:1016000002B070BDE44B0400036970B504460D469A
:10161000186D4FF0FF31164607F0DEFE237D4BB10B
:10162000002522690023106D19461A4607F0E4FAD6
:10163000284670BD2069A1692A4633460C3004F063
:1016400097F90546EDE700BF38B5036904460D4636
:10165000186D4FF0FF3107F0BFFE237D4BB1002521
:1016600022690023106D19461A4607F0C5FA28466C
:1016700038BD2069A1692A460C3004F0FDF9C54344
:10168000ED0FEDE738B5036904464FF0FF31186DF3
:1016900007F0A2FE237D4BB1002522690023106DC7
:1016A00019461A4607F0A8FA284638BD2069A169EC
:1016B0000C3004F011FA0546EFE700BF38B50369B6
:1016C00004464FF0FF31186D07F086FE237D4BB1C5
:1016D000002522690023106D19461A4607F08CFA7E
:1016E000284638BD2069A1690C3004F0F7F9054699
:1016F000EFE700BF036970B504464FF0FF31186D86
:1017000007F06AFEA16981B12069257D0C30ADB179
:1017100003F056FCA06907F093F9E0690023A36188
:1017200008B107F08DF90023E36122690023106DF1
:10173000BDE870401A46194607F05EBA04F076F824
:10174000A06907F07DF9A561EFE700BF8069003867
:1017500018BF0120704700BF2DE9F04F95B00B690D
:1017600006460C46186D4FF0FF3100AF904607F06B
:1017700033FE00232069337586F82030227D2B4903
:1017800030614FF47A70C6E90013C6E90633B060E1
:10179000DAB342F62E652069A1690C303A1D03F0D8
:1017A00023FC012831D1BB892E2BF4D0AB4238D099
:1017B000D4F81C90484610F05CFF054607F10C0079
:1017C00010F057FF2B18093323F00703EA46ADEB5F
:1017D000030D68466A1C494610F048F899F8003035
:1017E0002F2BEB4602D199F801301BB1104B1B880F
:1017F0002BF8053007F10C01584610F005FF424662
:1018000059463046FFF720FED54622690023106D69
:1018100019461A4607F0F0F930465437BD46BDE880
:10182000F08FBB7B002BB6D0C2E700BFE44B0400B7
:10183000D84B04002DE9F04F85B0DDE90E4B109F29
:1018400081460D4690461E46002F63D0B8F1000F2A
:1018500003D0D8F80030B34249D0D9F800002B6843
:101860009E422BD04369B4FBF3F203FB1242BAB998
:10187000BB4215D8B7FBF3F203FB127AA7EB0A03BE
:1018800000930393436822461F4631465B46B847A0
:1018900088B9039B57469B441C44002FD6D139E09E
:1018A0000093A21AC5E90062D0F804A0AB683146E3
:1018B000D0470028CAD005B0BDE8F08F69684369F9
:1018C000A142D0D8CA18A242CDD9A2EB040ABA4587
:1018D000AB6828BFBA46611A524658461944BF1A27
:1018E00054440FF0C3FFD344002FAFD112E0D8F817
:1018F0000430A342B1D8D9F8000082691A44A24248
:10190000ADD9A2EB040ABA45D8F8081028BFBA46E8
:10191000E31AE1E7002005B0BDE8F08F2DE9F04FB4
:10192000074687B00D4672B30368D1F800B0904601
:101930009A69D1E901104AB3013A01F10109861807
:10194000A9EB0009441E4FF0010A08E014F8012F2A
:101950009DF817309A4223D1A6423B6814D01A6AE8
:10196000934509EB040320D20DF11702CDE90032B3
:10197000CDF808A05B46002241463846FFF75AFFE3
:101980000028E3D009DB3B68A8689A69FF210FF0C3
:1019900095FF4FF0FF332B60002007B0BDE8F08FBC
:1019A0006FF0330007B0BDE8F08F034B034A0448E3
:1019B00012210FF0C1FE00BF004C0400704E040065
:1019C000204C04002DE9F04F87B0DDF840A00592CF
:1019D000002B64D0D0F800908B46D9F81C105C1E08
:1019E000A1F108084445074651D3B4FBF8F001388B
:1019F0000FF02AFDD04500F10200A4EB8003B3FBF9
:101A0000F8F560D8BAFBF8F001380FF01DFD861C20
:101A1000AAEB8606B6FBF8F630460FF015FDAAEBEA
:101A2000800006FB180AB54243D9D9F82020059B4F
:101A30004FF004090DF114080BE0012B45D93A6869
:101A4000126A934241D8012101FA04F42D1BB542D8
:101A500030D9AC1BB4FA84F495FAA5F1C4F11F0493
:101A6000B1FA81F18C4228BF0C4693424FEA8401BF
:101A700032D20091CDE90189002259463846FFF75C
:101A8000D9FE059B0028D8D007B0BDE8F08FD0451F
:101A900088BF1346BAFBF8F00CD80025B4E71199BB
:101AA0004FF0FF320A60129A1846136007B0BDE883
:101AB000F08F059B119A1360129B0020C3F800A0C1
:101AC00007B0BDE8F08F0026ADE7064B064A074891
:101AD0004FF48F610FF030FE054B064A0348122188
:101AE0000FF02AFEE44C0400904E0400204C040049
:101AF000004C0400704E04002DE9F04F89B00746F9
:101B0000149C129D8B4692461E46002C55D0DBF845
:101B10000030B3425CD0013340F0A1803868826964
:101B2000B5FBF2F302FB1353002B4AD1A24248D873
:101B3000B4FBF2F302FB13430593E31A00930493FF
:101B40008468139B2A463146A04700287ED1BAF10B
:101B5000000F29D0049B3BB3139B5C1E049B04EB3A
:101B60000309139B05F10108A8EB030807E014F82B
:101B7000012F9DF81F309A4266D14C4514D03B6826
:101B80001A6A964208EB040363D2012202920DF115
:101B90001F02CDE900325146334600223846FFF796
:101BA00049FE0028E3D051DB139A049B059C1146A3
:101BB000194413911D44002CA9D1002009B0BDE89F
:101BC000F08FEB1ACBE90063DBF80030B342A2D10F
:101BD000DBF80410A9429ED83A6892690A44AA42E6
:101BE00099D9A2EB0508A045DBF8080028BFA0465C
:101BF000691A0844424613990FF038FE3868139961
:101C0000826945444144B5FBF2F302FB1353A4EB54
:101C100008041391002B7FF478AFDBF800104B1C05
:101C20003FF473AF0092DBE90123D0F80880C0478E
:101C300060B9524659463846FFF770FE00283FF417
:101C400064AF09B0BDE8F08F6FF0330009B0BDE8B4
:101C5000F08F064B064A074812210FF06DFD064B28
:101C6000064A0448B7210FF067FD00BF004C04008E
:101C7000704E0400204C0400104D0400804E0400FF
:101C80002DE9F04F0446D2E9003091B04FF0010B3E
:101C90000A9300230B90069104F114080DF1280912
:101CA0000593236859F8045B1B6A9D427BD210237D
:101CB0000DF1300A0022CDE901A300922B464146E6
:101CC0002046FFF7B7FD002839D1059B002B60D1D6
:101CD0000D9B23F00043132B4FD92268D269934206
:101CE0004BD84FF0FF3309A810225146099304F056
:101CF000BFFE0D9B23F00043102B28D0CDF81C9085
:101D000010260DF12307994607E0013601223946D6
:101D100009A804F0ADFEB14517D023681B6A9D42A7
:101D200041D20123CDE9017300962B4600224146A2
:101D30002046FFF77FFD0028E7D0DDF81C9010F16A
:101D4000340F1AD011B0BDE8F08FDDF81C90099B5C
:101D50009BB99AE80F000BF0010610AF07EB860C59
:101D6000069F1026FE603E467D601C365CF8185CBF
:101D7000BD6086E80F0001230593BBF1020F0FD170
:101D8000059B002B14BF00206FF0330011B0BDE89D
:101D9000F08F069A0C9BD2699B1A002B98DAECE71D
:101DA0004FF0020B7DE7034B034A044812210FF06A
:101DB000C3FC00BF004C0400704E0400204C040023
:101DC0004368013337D02DE9F0438368013383B092
:101DD000044628D015460E464FF000084FF0010982
:101DE0006A462946CDE90089FFF74AFFE0B905F1C7
:101DF00024086B6A591C16D0AF6A7A1C13D0D6F827
:101E000000C09C4513D0D6F804E0BE450FD0734502
:101E10004246294620460AD0BC4508D0FFF730FF8D
:101E20000028E6D000E0002003B0BDE8F0830120E8
:101E300003B0BDE8F0830020704700BF2DE9F041FA
:101E4000D1F820C00C46C9682CF00043043B01F1D6
:101E50000C069E4284B0054617461FD904F124089B
:101E6000102612E0424621462846FFF709FF90B9A6
:101E7000D4F820C0A169E6602CF00043043B143183
:101E80001B2BA1614FF0100108D8BCF1000FE9DB5A
:101E900039606FF0010004B0BDE8F0812A46636844
:101EA00052F8140B066AB34207F104001AD20C264A
:101EB000CDE900100296114628460022FFF7BAFC31
:101EC0000028E8D17B79BA79FD79A16904331344FC
:101ED000E2683A602B441A440B44E260A36104B008
:101EE000BDE8F081024B034A034812210FF024FCA5
:101EF000004C0400704E0400204C0400F0B593B078
:101F000000260D46012707A96A46CDE90067044669
:101F1000FFF7B6FE064610B121E0831C22D1109BCC
:101F200001331CD0119B013319D010AA07A92046F8
:101F3000FFF7A6FEB0B903AA07A92046FFF77EFF68
:101F40000028EAD19DF91030002B4FF008022946F5
:101F500005A8F0DB0FF07CFC0028ECD10126304610
:101F600013B0F0BD0646304613B0F0BD2DE9F04782
:101F7000164600240122C6E90942824688461D46CB
:101F800006F124094A4631465046FFF779FE0746D6
:101F900068B92A4631465046FFF750FF50B1831CBE
:101FA0001FD1736A013302D0B36A0133EAD13846D4
:101FB000BDE8F0872C7904F07004202CE9D1AB68DF
:101FC000D8F80020934208D0E868D8F80410884276
:101FD00003D08B4201D08242DBD101273846BDE8D5
:101FE000F0870746E3E700BF2DE9F04F2DED028BA8
:101FF0008DB090461C46099340F622032268C8F82B
:1020000004300892D0E90123724EC8F808208246B5
:102010008946C8F80C3000F1140B089D314628465B
:1020200010F056FB2B4603440446314618460593F0
:1020300010F00EFB0128049000F0B080022804D1BB
:10204000059B1B782E2B00F0B280DDE9042313449E
:1020500008931F4601243146384610F039FB0744E7
:102060003846314610F0F4FA78B1022802D0013433
:102070000744F0E73B782E2BF9D17B782E2BF6D155
:10208000013CF5D1BB1C0893C7E7059C20780028CC
:102090005FD0099B1C6098F80430222B40F08D80A3
:1020A00008F108031A464946504608EE103AFFF771
:1020B000E7FD00284DD1049B013B23440793424692
:1020C00049465046FFF7BAFE002842D198F804204E
:1020D00002F07F03112B01D0222BF0D198F80730AA
:1020E00004998B42EBD1D8F8003098F8051098F895
:1020F0000650D9F8047004330B441D44049BA3B369
:10210000059BCDF818800135DDF81C80ED1A5C1EAA
:1021100007E014F8012F9DF82F309A421ED1444554
:102120001FD0DAF800301A6A974205EB040347D251
:10213000012202920DF12F02CDE9003259463B46B1
:1021400000225046FFF776FB0028E2D0DDF8188029
:1021500009DA0DB0BDEC028BBDE8F08FDDF8188018
:10216000ADE7DDF8188098F8042013067FF555AF29
:10217000DAF8043001330CD0DAF80830013308D033
:1021800018EE101A5046FFF7B9FE00281ED198F835
:10219000042002F07F0288F804203EE72B5D2E2BFE
:1021A0007FF453AFDDE904231344089335E7059B1F
:1021B0005B782E2B7FF449AFF4E76FF01300C8E78C
:1021C000054B064A064812210FF0B6FAC1DB6FF044
:1021D0000100BEE7D84B0400004C0400704E040020
:1021E000204C04002DE9F04F8B469DB00BF1040309
:1021F00004930BF10C03CDE9053B016B04464FF052
:1022000001080025D4E90D3010E05A09E66B0138C9
:102210005F1CA063676356F822C003F01F0208FA30
:1022200002F212EA0C0F00F027813B469942ECD1F2
:10223000002800F0F2812268E36AD2E908621944BA
:10224000904228BF1046B1FBF6F306FB1311206342
:10225000E162E06B6563D20800210FF02FFB636839
:10226000013300F05781A368013300F0538100224D
:1022700001230025CDE9082304F1140701222E468D
:10228000D4F800C0E16ADCF82030206B591A0E4403
:10229000B6FBF3F503FB1565854210D26909E26BC5
:1022A00005F01F0552F8213008FA05F51D4342F8E4
:1022B0002150DCF82030E16A099A206B591A0A444F
:1022C000B2FBF3F103FB112383420AD25809E16BFD
:1022D00003F01F0351F8202008FA03F3134341F8D9
:1022E000203008AA11A92046FFF7CAFC002840F0B8
:1022F0000E810C25149A24E02068129B006A834208
:1023000080F01A820EA9CDE90021029500223946FB
:102310002046FFF78FFA002840F0F9809DF8392019
:102320009DF83A309DF83B60149904321A449DF8A8
:102330003830324403F070030A44102B149200F03A
:10234000EB80199B23F00043043B02F10C00984200
:10235000D2D9DDE91A62701CCDE9086201D0511CA6
:102360008ED1D4F80C904D46B9F1000F00F0DE810B
:10237000EB69DA0340F156816F69002F00F052815A
:10238000D4F800A0DAF81C60013F083EB742C0F064
:10239000CF81B7FBF6F001380FF056F80230A7EB0B
:1023A0008002B2FBF6F6D4F830E0E16A2B690795BB
:1023B00005F12C000546DAF82020704604F11409D6
:1023C0008E4601469818A0EB0E0EBEFBF2F002FB03
:1023D00010E28A420AD25709E06B02F01F0250F85D
:1023E000271008FA02F20A4340F82720002E00F0D6
:1023F0001781DAF8202006F00107C7F1020A93429C
:102400004FEA8A0080F098810BA90022CDE90110E3
:10241000009249462A462046FFF70CFA002876D15A
:102420000AF1FF3CD4F800A013E0BBFBF2F302FB7F
:1024300013B38B424FF0010014D24FEA531EE16BED
:1024400003F01F0351F82E2000FA03F3134341F861
:102450002E30D4F82CE0DAF820200B9B216BA2EB75
:102460000E0B9B446045E0DB1CAB03EB8C0C023F86
:102470005CF8443C3E44A5E72068E26A016A1344E4
:10248000B3FBF1F201FB1233049A42F8043BD4E9A6
:102490000C139942049207D10FE0A26B0133013A69
:1024A0008B42C4E90D3208D05D0903F01F0256F8D3
:1024B000255008FA02F22A42EFD1DDE904329342B4
:1024C0007FF49FAEDDF818B0006ADBF80430834279
:1024D0000BF11C0204F1140180F02E8104250192FD
:1024E0000022204602950092FFF7A4F9002840F050
:1024F0008B80DBF81C304FF0FF32CBE9092214202F
:1025000001331021CBE90730CBF80C1000201DB0AF
:10251000BDE8F08F216B75E6109B002B3FF411AFE7
:10252000D4F800A0DAF81C6003F1FF3BA6F108091B
:10253000CB4570D3BBFBF9F001380EF085FF861C4C
:10254000ABEB8606B6FBF9F60F9BE16ADAF82020C2
:10255000D4F830E09818401AB0FBF2F102FB1102F7
:1025600072450BD24FEA521CE16B02F01F0251F888
:102570002C0008FA02F2024341F82C20002E3FF40E
:10258000B9AEDAF8202006F00109C9F1020A934237
:102590004FEA8A0080F0D0800BA90022CDE901101B
:1025A000009239462046FFF745F90028AFD10AF1DD
:1025B000FF3CD4F800A013E0BBFBF2F302FB13B323
:1025C00073454FF0010014D24FEA531EE16B03F044
:1025D0001F0351F82E2000FA03F3134341F82E3065
:1025E000E16ADAF820200B9BD4F830E0A2EB010B73
:1025F0009B446045E0DB1CAB03EB8C0CA9F10209AA
:102600005CF8443C4E44A5E710F1340F3FF471AF41
:102610001DB0BDE8F08F064696E76FF01B0076E729
:10262000079DEB699B037DD52F6A002F7AD0D4F8E4
:1026300000A0DAF81C60013F083EB7427AD3B7FB2E
:10264000F6F001380EF000FF0230A7EB8003B3FB79
:10265000F6F6D4F830E0E16A6B6A079505F12C00D4
:102660000546DAF82020704604F114098E4601462A
:102670009818A0EB0E0EBEFBF2F002FB10E28A42AD
:102680000AD25709E06B02F01F0250F8271008FA2F
:1026900002F20A4340F82720002E42D0DAF8202028
:1026A00006F00107C7F1020A93424FEA8A0043D2BB
:1026B0000BA90022CDE90110009249462A46204686
:1026C000FFF7B8F800287FF422AF0AF1FF3CD4F8F6
:1026D00000A013E0BBFBF2F302FB13B38B424FF0FD
:1026E000010014D24FEA531EE16B03F01F0351F8AF
:1026F0002E2000FA03F3134341F82E30D4F82CE0D7
:10270000DAF820200B9B216BA2EB0E0B9B4460455B
:10271000E0DB1CAB03EB8C0C023F5CF8443C3E441A
:10272000A6E7079D2D68002D7FF422AE216B68E59A
:10273000002638E600268CE7024B034A03481221A4
:102740000EF0FAFF004C0400704E0400204C040010
:102750002DE9F04F2DED028B9BB00125044604912D
:10276000A9464FF00008D4E90D31D4F830C00FE08D
:102770005A09E76B0139581CA163606357F822605E
:1027800003F01F0205FA02F2324200F02A810346EA
:102790009C45EDD1002900F052822368E66AD3E916
:1027A0000802B444914228BF1146BCFBF0F300FB81
:1027B00013C32163E362E06BC4F83480D2080021C4
:1027C0000FF07CF863680133CDD0A3680133CAD021
:1027D00000220123CDE906230122002004F1140781
:1027E00096462268E36A116A266BCB1A03EB000C4B
:1027F000BCFBF1F001FB10C0864210D94609E16B29
:1028000000F01F0051F8263005FA00F0184341F897
:102810002600D4E90B36116ADDF81CE0CB1A7344AC
:10282000B3FBF1F201FB1233B3420AD25809E16B58
:1028300003F01F0351F8202005FA03F3134341F876
:10284000203006AA0FA92046FFF71AFA002840F008
:10285000E9804FF00C08129A0CAE23E02168109B1F
:10286000096A8B4280F0F5810092CDE9016800226F
:1028700039462046FEF7DEFF002840F0D3809DF861
:1028800031209DF832109DF833C0129B04320A4467
:102890009DF8301062441A4401F07003102B12921C
:1028A00000F0C580179B23F00043043B02F10C01AC
:1028B0009942D3D9DDE9180E411CCDE9060E02D0AC
:1028C000BEF1FF3F8DD1D4F80C804646B8F1000F21
:1028D0003FF447AFF369DA0340F128817769002FAD
:1028E00000F02481D4F800A0DAF81C30013FA3F1F5
:1028F00008084745C0F0A881B7FBF8F001380EF092
:10290000A3FD0230A7EB8007B7FBF8F704F1140032
:10291000E16AD4F830C0DAF820203369059683469E
:1029200006F12C0008EE100A0E4661469818A0EB3E
:10293000060EBEFBF2F002FB10E28A420BD2E06B05
:102940004FEA521C02F01F0150F82C2005FA01F149
:102950000A4340F82C20002F00F0E680DAF820200F
:1029600007F00108C8F1020A93424FEA8A0080F09A
:10297000708109A90022CDE901100092594618EE94
:10298000102A2046FEF756FF00284BD10AF1FF3CE3
:10299000D4F800A012E0BEFBF2F302FB13E38B427B
:1029A0004FF0010012D25E09E16B03F01F0351F8F2
:1029B000262009FA03F3134341F82630E66ADAF8D1
:1029C0002020099B216BA2EB060E9E446045E2DBB2
:1029D0001AAB03EB8C0CA8F102085CF8443C4744AA
:1029E000A4E72168E26A096A1344B3FBF1F201FB30
:1029F0001233049A1360D4E90C03834211D00125E9
:102A000006E0A26B0133013A8342C4E90D3208D0DB
:102A1000590903F01F0257F8211005FA02F20A4281
:102A2000EFD100201BB0BDEC028BBDE8F08F0E9EF5
:102A3000002E3FF411AFD4F800A0DAF81C20013EBC
:102A4000A2F1080B5E450AD3B6FBFBF001380EF08D
:102A5000FBFC0230A6EB8003B3FBFBF31846E16AF4
:102A6000D4F830C00D9BDAF8202008EE107A8E469C
:102A7000074661469818A0EB0E0EBEFBF2F002FB73
:102A800010E28A420AD25609E06B02F01F0250F8A7
:102A9000261005FA02F20A4340F82620002F00F023
:102AA000D580DAF8202007F00106C6F1020A934229
:102AB0004FEA8A0080F0CD8009A90022CDE90110FB
:102AC000009218EE101A2046FEF7B4FE0028A9D195
:102AD0000AF1FF3CD4F800A013E0BBFBF2F302FBC9
:102AE00013B38B424FF0010014D24FEA531EE16B37
:102AF00003F01F0351F82E2009FA03F3134341F8A2
:102B00002E30D4F82CE0DAF82020099B216BA2EBC0
:102B10000E0B9B446045E0DB1AAB03EB8C0C023ED2
:102B20005CF8443C3744A5E7059EF3699B0340F1FC
:102B30008180376A002F7DD0D4F800A0DAF81C20FD
:102B4000013FA2F1080847457CD3B7FBF8F00138F4
:102B50000EF07AFC0230A7EB8007B7FBF8F704F120
:102B60001400E16AD4F830C0DAF82020736A0596C0
:102B7000834606F12C0008EE100A0E4661469818AE
:102B8000A0EB060EBEFBF2F002FB10E28A420BD273
:102B9000E06B4FEA521C02F01F0150F82C2005FA9E
:102BA00001F10A4340F82C20002F42D0DAF820200F
:102BB00007F00108C8F1020A93424FEA8A0048D29E
:102BC00009A90022CDE901100092594618EE102AF9
:102BD0002046FEF72FFE00287FF424AF0AF1FF3CC9
:102BE000D4F800A012E0BEFBF2F302FB13E38B4229
:102BF0004FF0010012D25E09E16B03F01F0351F8A0
:102C0000262009FA03F3134341F82630E66ADAF87E
:102C10002020099B216BA2EB060E9E446045E2DB5F
:102C20001AAB03EB8C0CA8F102085CF8443C474457
:102C3000A5E7059E3668002E7FF44CAE91E56FF057
:102C40001B00EFE600278AE700275FE618EE107A00
:102C500001E6034B034A044812210EF06DFD00BF4C
:102C6000004C0400704E0400204C04002DE9F04F8D
:102C7000044687B00F4600F1140905A92046FFF766
:102C800067FD064640B920680599C368984706461F
:102C900030B110F1340FF0D0304607B0BDE8F08FFE
:102CA000BB6A83B307F12C0A35460DF1130804F112
:102CB000200B13E02268059B126A934247D201223F
:102CC000CDE9018200954A4659462046FEF714FF99
:102CD000002831D1BB6A0135AB4214D922687B6A26
:102CE000126A93422DD20122CDE90182009552460B
:102CF00049462046FEF79EFD0028DBD006463046BA
:102D000007B0BDE8F08F2368A16A9A69786B0EF06E
:102D1000ADFDD4E908122368A06AC7E90B12FF21B0
:102D20009A690EF0CBFD059B4FF0FF3230462262D0
:102D30007B6207B0BDE8F08F10F1340F9DD00646DE
:102D4000DDE7064B064A074812210EF0F5FC034B5F
:102D5000054A04489C210EF0EFFC00BF004C040023
:102D6000704E0400204C0400804E04002DE9F04F0A
:102D70002DED028BC9B004462C2200211CA80EF0B8
:102D80009DFD4FF00043282227A8002124930EF038
:102D900095FD23681B6A01223192002B00F0C98146
:102DA00000274FF00C09319B013300F0B18130AAAC
:102DB00027A92046FEF764FF0546002840F00C8155
:102DC000249B002BC0F20E816368013300F04E811A
:102DD000A368013300F04A8132AE32460CAB25A91C
:102DE0002046FFF7C3F80028C0F2F58000F03E81CE
:102DF0000E9B259A0F982699934200F090818B4262
:102E000000F09381DDE91D51239A269020682593D7
:102E100001320023CDE91D150B9505932392C3685C
:102E20000A9198474FF0FF380546F0B115F1340F7D
:102E300040F0D2800A9BC4F82080012B40F27981B7
:102E40000B9B012B40F275811DA92046FFF780FCEA
:102E50000546002840F0C08020681D990123059395
:102E6000C368984705460028E0D123AF0DF1500A0A
:102E7000A146102239465046CDF8508003F0F8FDA7
:102E800059F8202B1D9B126A934280F01582102660
:102E9000CDE900572A46029649462046FEF72CFE09
:102EA00005460028C2D1249B23F00043043B102B8D
:102EB00032D904F1140B3DAF22680B9B126A934286
:102EC00080F0F4810122CDE901720096002259467A
:102ED0002046FEF7AFFC054600287DD10122394689
:102EE000504603F0C5FD22681D9B126A934280F094
:102EF000E3810122CDE9017200962A464946204627
:102F0000FEF7FAFD0546002890D1249B23F00043EC
:102F10000136043B9E42CFD322681D9B126A934226
:102F200080F0CA8104220292CDE9006A494600225B
:102F30002046FEF7E1FD054600287FF477AF216AC1
:102F4000C4F814804A1C12D02068A36A82690092D7
:102F50008568626AA847054600287FF467AF236842
:102F6000A06A9A69FF210EF0A9FCC4F820802068AD
:102F700003699847054600287FF458AF249EDDF882
:102F800074B0CDF8F48026F0004604F11403043E3A
:102F900008EE103A00F0968107460DF1400908E06E
:102FA0000137012249463DA803F062FDBE4240F2CE
:102FB000898123681B6A9B4580F078810123CDE9D4
:102FC000019318EE101A00975B4600222046FEF788
:102FD00031FC0028E4D00546284649B0BDEC028B00
:102FE000BDE8F08F32AE4FF00008324627A92046E8
:102FF000FEF724FFF0B1831CEDD10DF19C0CBCE871
:103000000F001CAE0FC6BCE80F000FC69CE80700FF
:1030100086E8070023681B6A01379F4280F0898099
:10302000309B01337FF4BFAE284649B0BDEC028B24
:10303000BDE8F08F9DF9CC309DF8CC20002BD4DA80
:103040006368013341D0A36801333ED034A92046E0
:10305000FEF754FF0028BEDB35D0324627A92046B4
:1030600001F0C8F90028C0D00546B5E7DDE93050C9
:10307000DDE91D21239B1D91CDE9255001332393CB
:1030800008911E9209924FF0000801262068C3683B
:103090009847054600284FD015F1340F9CD1089B66
:1030A0004FF0FF32012B226243D9099B012B40D9FB
:1030B0001DA92046FFF74CFB054600288CD11D9921
:1030C0004FF00108E2E79DF8CC20DDF8C8E09DF85C
:1030D000CFC0CDF8F89002F07F020EF10C0033A9BA
:1030E000CDE93F198DF8CC20419001233DAA27A9B5
:1030F0002046CDF80C81CDF8F4E0CDF808C1CDF82C
:1031000010C100F0F9F900283FF46FAF054663E7FE
:103110000025284649B0BDEC028BBDE8F08F8842FF
:103120003FF461AF8B427FF46DAE82427FF46AAEB2
:1031300059E76FF033054FE723AFA2464FF0FF3357
:103140001022394607A8079303F092FC5AF8202B67
:103150001D9B126A934280F0AF804FF01009CDE9B9
:1031600000572A46CDF8089051462046FEF7C4FC89
:103170000546002890D1249B23F00043043B102BEC
:1031800034D904F1140B10AF2268099B126A9342E0
:1031900080F08C80CDE90176CDF800900022594670
:1031A0002046FEF747FB054600287FF415AF0122B5
:1031B000394607A803F05CFC22681D9B126A934203
:1031C0007AD22A46CDE90176CDF8009051462046C4
:1031D000FEF792FC054600287FF45EAF249B23F0A7
:1031E000004309F10109043B9945CDD322681D9B99
:1031F000126A934260D2042207A9CDE9009102929B
:10320000514600222046FEF777FC054600287FF451
:1032100043AF216A4FF0FF37B942676111D0206890
:10322000A36A826900928568626AA84705460028F9
:103230007FF432AF2368A06A9A69FF210EF03EFB4B
:103240002762206803699847054600287FF424AF69
:10325000249FDDF874B027F000474FF0FF3204F1EF
:103260001403043F08EE103A109245D081460DF148
:10327000F40A08E009F101090122514610A803F0FF
:10328000F7FB4F4538D923681B6A9B450ED2CDE921
:1032900001A618EE101ACDF800905B4600222046D9
:1032A000FEF7C8FA0028E5D0054695E68E4B8F4A12
:1032B0008F4812210EF040FA8B4B8E4A8C489C218D
:1032C0000EF03AFA3D9A149B9A427FF4B3AD059BF7
:1032D000002B30D12369002B3FF47EAE5C681D9A31
:1032E000944271D099681E9881426DD084426BD00F
:1032F0008A4269D01B68EEE7109A079B9A427FF4D6
:10330000CEAEB8F1000F40F082802369002B3FF46D
:1033100063AE5C681D9A944200F0C48099681E9860
:10332000814200F0BF80844200F0BC808A4200F0FD
:10333000B9801B68EAE7636801334ED0A3680133A4
:103340003DAE0AAF4BD03246394610AB2046FEF7B1
:103350000DFE0028FFF63FAE41D0DDE91D03109FB2
:10336000149731460C370C2612909DF84700189799
:10337000139311AF15961796199000261B9052467D
:103380000123204616971A9600F0B6F800287FF41D
:1033900022AE0A98636898421AD00B9AA1688A42B2
:1033A00016D0884214D0934212D00122013384F8FF
:1033B00040208FD0A36801338CD02046FFF7D6FC85
:1033C000002887D0054607E65A601E9A9A6091E762
:1033D000DDE91D32C4E90132E7E73DAE0AAF394607
:1033E00032462046FEF7ECFC0028FFF6F4AD3FF431
:1033F00071AF3146DDE91D60002347901A46204633
:10340000469600F079F800283FF464AFDAE7636885
:10341000013350D0A36801333DAE4DD0324610ABDE
:1034200008A92046FEF7A2FD0028FFF6D4AD43D040
:10343000DDE91D02109B14930C33189312900C239A
:1034400011A89DF8477013923146159300261793E3
:103450001690012314AA204619971B971A9600F07C
:103460004BF800287FF4B7AD0898636898421DD0E8
:10347000099AA1688A4219D0884217D0934215D080
:103480000122013384F840203FF43FAFA3680133A9
:103490003FF43BAF2046FFF769FC00283FF435AF0F
:1034A000054699E55A601E9A9A6042E7DDE91D32A9
:1034B000C4E90132E4E73DAE08A932462046FEF7F2
:1034C0007FFC0028FFF687AD3FF41FAF3146DDE9F2
:1034D0001D60002347901A462046469600F00CF8DF
:1034E00000283FF412AFDBE7004C0400704E0400EC
:1034F000204C0400804E04002DE9F04F2DED028B8E
:10350000CE690D46D1E90141A5B0013690462A1D8C
:1035100069608246EE61AC600892059383B11E46F5
:10352000D8F80400D8F80C302A6A1B1A022E1A4464
:1035300005D1D8F81C70D8F814603A44921B2A625E
:10354000DAF80000CDF818800023CDE90B140993B8
:10355000C36898470446E0B114F1340F3DD10B9B8A
:103560004FF0FF32012BCAF8202034D90C9B012BDD
:1035700031D908995046FFF7EBF8044668BBDAF8F2
:103580000000696801230993C3689847044600282E
:10359000E2D105F11C07D0464FF0FF331022394627
:1035A00011A8119303F064FA58F8202B6B68126A83
:1035B000934280F00D811026CDE900472246029605
:1035C00041465046FEF798FA834660B110F1340F39
:1035D000C5D0044601E06FF03304204625B0BDECB1
:1035E000028BBDE8F08F2B6A23F00043043BB3420B
:1035F0006BD90AF1140308EE103A37460DF164094D
:1036000034E0DAF800200C9B126A934280F0E680E6
:103610000122CDE9019218EE101A009700225046BF
:10362000FEF708F904460028D7D10122494611A81F
:1036300003F01EFADAF800206B68126A934280F0F9
:10364000C7800122CDE901920096224641465046AC
:10365000FEF752FA044600287FF47EAF01370136A8
:103660002B6A23F00043043B9E422ED2059B5B4510
:10367000C7DD069A4FEA0B1302EB0B11D3580791E3
:10368000BB42BED10C4611A8D1E9021203F0F0F9F9
:10369000DAF800206B68106AE168A268834280F063
:1036A0009780CDE901210096002241465046FEF761
:1036B00023FA044600287FF44FAF079B5A68DB6863
:1036C0000BF1010B17441E44CAE7DAF800206B68BF
:1036D000126A93427CD2042211A9CDE900610292C0
:1036E000414600225046FEF707FA044600287FF4C0
:1036F00033AFDAF820104FF0FF339942CAF8143094
:1037000019D0DAF80000DAF828308269009284686B
:10371000DAF82420A047044600287FF41DAFDAF829
:103720000030DAF828009A69FF210EF0C7F84FF050
:10373000FF33CAF82030DAF80000036998470446DE
:1037400000287FF409AF2B6AD5F8048023F00043EA
:103750004FF0FF32B3F1040919920AF1140B1DD096
:1037600007460DAE07E001370122314619A803F0E4
:103770007FF9B94512D0DAF800301B6A98452DD28E
:103780000123CDE901630097434600225946504684
:10379000FEF750F80028E6D004461EE7199A119B60
:1037A0009A427FF4DCAE099B13BBDAF81030002B91
:1037B0003FF413AF5E686A68964215D09968A868AE
:1037C000814211D086420FD08A420DD01B68EEE7AD
:1037D0003D4B3E4A3E489C210DF0AEFF3A4B3D4AE0
:1037E0003B4812210DF0A8FF5A60AA689A60EDE7E5
:1037F000DAF80430013347D0DAF80830013319AE73
:103800000BAF43D0324639460DAB5046FEF7AEFB08
:103810000028C1DB3AD0D5E901030D9F119731464D
:103820000C370C260F909DF83B00159710930EAFA8
:103830001296149616900026189011AA012350464D
:1038400013971796FFF758FE0028A5D10B98DAF8C2
:103850000430984231D00C9ADAF808108A422CD001
:1038600088422AD0934228D0012201338AF840208E
:103870009BD0DAF80830013397D05046FFF776FA3C
:10388000002892D00446A8E619AE0BAF394632465E
:103890005046FEF795FA0028FFF67EAF85D03146F8
:1038A000D5E90160002323901A4650462296FFF77F
:1038B00023FE00283FF479AFE4E76B68CAF80430D0
:1038C000AA68CAF80820CFE7004C0400804E040024
:1038D000204C0400704E04002DE9F04F2DED028BBA
:1038E0000D46BDB0824616461F4601F1240809E088
:1038F000002B52DA424629465046FEF7C1F900280D
:1039000040F008817479B179F279DAF800002B6A15
:1039100004340C441444C1691C448C42E8D8B446B5
:103920001E1F4CF8046BE96924974C1C6F68A9684A
:1039300025920C3313442B62C5E901170C23002296
:1039400021932B1DCDF880C01E96229613971291BD
:10395000EC611F92239207920693C368984704462E
:10396000002800F0DE8014F1340F65D1129B4FF077
:10397000FF32012BCAF820205CD9139B012B59D9A7
:1039800006995046FEF7E4FE0446002854D1012370
:103990006968DAF800000793DFE7AC46BCE80F007F
:1039A00026AC0FC4BCE80F000FC49CE8070084E8F5
:1039B000070029465046FEF715FC044600283BD177
:1039C000DDE92F122B6A69623046191FAA6240F89E
:1039D000041BF6791794CDE91B47334406941691DE
:1039E0006C681A91A968EA691D960C332B62C5E9C7
:1039F00001140C23013219932B1D18900F940E9172
:103A0000EA6107934FF00109DAF80000C3689847AC
:103A10000446002800F0AA8014F1340F0CD10E9B4C
:103A20004FF0FF32012BCAF8202003D90F9B012B46
:103A300000F2BF806FF0330420463DB0BDEC028B36
:103A4000BDE8F08FDAF800206B68126A934280F0CC
:103A50004C8204220BA9CDE900610292414600226A
:103A60005046FEF749F804460028D5D1DAF8201070
:103A70004FF0FF339942CAF8143018D0DAF800003A
:103A8000DAF82830826900928468DAF82420A047A6
:103A900004460028C0D1DAF80030DAF828009A6924
:103AA000FF210DF00BFF4FF0FF33CAF82030DAF89A
:103AB00000000369984704460028ADD12E6A26F01D
:103AC00000464FF0FF33321F0C930AF1140B6B6862
:103AD000059200F0EA81074631AE1C4609E001225A
:103AE00031460CA802F0C4FF059B0137BB4200F031
:103AF000DC81DAF800301B6A9C4280F0FC81CDE961
:103B0000016900972346002259465046FDF792FE70
:103B10000028E4D0044620463DB0BDEC028BBDE851
:103B2000F08F05F11C07D0464FF0FF3310223946C5
:103B300009A8099302F09CFF58F8202B6B68126AC1
:103B4000934280F0D2811026CDE9004722460296AA
:103B500041465046FDF7D0FF8346002800F0AA807A
:103B600010F1340F3FF402AF5C4665E705F11C0726
:103B7000D0464FF0FF33102239460BA80B9302F0CA
:103B800077FF58F8202B6B68126A934280F0AD8162
:103B90001026CDE900472246029641465046FDF7E1
:103BA000ABFF834688B110F1340F3FF438AF5C4669
:103BB00042E707995046FEF7CBFD044600287FF404
:103BC0003BAF0123696806931EE72B6A23F000438D
:103BD000043BB3427FF636AF0AF1140308EE103A05
:103BE000374638E0DAF800200F9B126A934280F0E3
:103BF00082810CAACDE9007218EE101ACDF8089057
:103C000000225046FDF716FE044600287FF414AF4C
:103C100001220CA90BA802F02BFFDAF800206B6838
:103C2000126A934280F061810CAACDE90062CDF85E
:103C30000890224641465046FDF75EFF04460028A4
:103C40007FF4EAAE013701362B6A23F00043043BD0
:103C5000B3427FF6F7AEBBF1010FC3DC16AA4FEA01
:103C60000B1302EB0B11D3580591BB42BAD10C4692
:103C70000BA8D1E9021202F0FBFEDAF800206B6813
:103C8000106AE168A268834280F02F81CDE90121AA
:103C90000096002241465046FDF72EFF04460028BC
:103CA0007FF4BAAE059B5A68DB680BF1010B174431
:103CB0001E44C9E72B6A23F00043043BB3426CD98E
:103CC0000AF1140308EE103A37460DF1280935E0E1
:103CD000DAF80020139B126A934280F00C810122D3
:103CE000CDE9019218EE101A009700225046FDF718
:103CF000A1FD044600287FF49FAE0122494609A891
:103D000002F0B6FEDAF800206B68126A934280F087
:103D1000EC800122CDE901920096224641465046B0
:103D2000FDF7EAFE044600287FF41DAE0137013698
:103D30002B6A23F00043043BB3422ED9BBF1010FA1
:103D4000C6DC1EAA4FEA0B1302EB0B11D3580591E8
:103D5000BB42BDD10C4609A8D1E9021202F088FE8F
:103D6000DAF800206B68106AE168A268834280F08C
:103D7000BC80CDE901210096002241465046FDF766
:103D8000BBFE044600287FF4EEAD059B5A68DB6855
:103D90000BF1010B17441E44CAE7DAF800206B68E8
:103DA000126A934280F0A180042209A9CDE9006142
:103DB0000292414600225046FDF79EFE044600282E
:103DC0007FF4D1ADDAF820104FF0FF339942CAF8F2
:103DD000143019D0DAF80000DAF82830826900923D
:103DE0008468DAF82420A047044600287FF4BBAD9D
:103DF000DAF80030DAF828009A69FF210DF05EFD4C
:103E00004FF0FF33CAF82030DAF800000369984712
:103E1000044600287FF4A7AD2A6AD5F804B022F042
:103E200000424FF0FF33171F0A930AF114091ED006
:103E300006460DF1C40807E00136012241460AA8F2
:103E400002F016FEB74212D0DAF800301B6A9B452A
:103E500051D20123CDE9018300965B4600224946F9
:103E60005046FDF7E7FC0028E6D0044653E6DDE9BE
:103E700009329A427FF47AAD079B002B41D1DAF8E0
:103E80001030002B3FF4D8AD5E686A68964200F0AF
:103E900089809968A868814200F08480864200F099
:103EA00081808A427ED01B68EBE7DDE90B329A42C3
:103EB0007FF4B5AD069B002B40F06E81DAF8104020
:103EC000002C00F0948060686B68984200F0B78125
:103ED000A268A9688A4200F0B281884200F0AF81EE
:103EE000934200F0AC812468EAE7A74BA74AA848B0
:103EF0009C210DF021FCA44BA64AA54812210DF0EF
:103F00001BFCDAF80430013357D0DAF808300133FB
:103F100031AE12AF53D03246394616AB5046FEF79B
:103F200025F80028FFF6F6AD49D0D5E90102169B29
:103F300026930C332A9318900C2317A89DF85F70D2
:103F4000199231462793002629932890012326AA07
:103F500050462B972D972C96FFF7CEFA00287FF42A
:103F6000D9AD1298DAF8043098421FD0139ADAF8D3
:103F700008108A421AD0884218D0934216D00122E3
:103F800001338AF840203FF47AAFDAF80830013381
:103F90003FF475AF5046FEF7E9FE00283FF46FAFDF
:103FA0000446B8E55A60AA689A607CE76B68CAF86C
:103FB0000430AA68CAF80820E1E731AE12AF3946EA
:103FC00032465046FDF7FCFE0028FFF6A3AD3FF455
:103FD00056AF3146D5E9016000233B901A46504662
:103FE0003A96FFF789FA00283FF449AFD8E7D5E9B8
:103FF0000116DDE92D3227982F9128991190CDE9EE
:104000002710DAF80000309642F0004201332D9379
:104010002E92C3681091059498474FF0FF37012600
:10402000C1460446F8B114F1340F7FF405AD109B7E
:10403000CAF82070012B7FF6FDAC119B012B7FF697
:10404000F9AC27A95046FEF783FB044600287FF40D
:10405000F3ACDAF80000279901230593C368984769
:1040600004460028DFD10DF1B408102241460DA806
:104070000D9702F0FDFCDAF80020279B126A9342AC
:10408000BFF433AF1025CDE90048224602954946DA
:104090005046FDF731FD04460028C4D12E9B23F085
:1040A0000043043B102B88BF0DF1C40830D9DAF867
:1040B0000020119B126A9342BFF41DAFCDE9018627
:1040C0000095002259465046FDF7B4FB04460028EF
:1040D0007FF4B2AC012241460DA802F0C9FCDAF827
:1040E0000020279B126A9342BFF4FFAE2246CDE91F
:1040F0000186009549465046FDF7FEFC044600281F
:1041000091D12E9B23F000430135043B9D42CED339
:10411000DAF80020279B126A9342BFF4E6AE04222D
:104120000DA9CDE900510292494600225046FDF703
:10413000E3FC044600287FF476AFDAF82010CAF8D2
:1041400014704B1C17D0DAF80000DAF828308269B6
:1041500000928468DAF82420A047044600287FF4FF
:1041600062AFDAF80030DAF828009A69FF210DF022
:10417000A5FBCAF82070DAF8000003699847002808
:1041800061D004464FE700BF004C0400804E04009D
:10419000204C0400704E0400DAF80430013379D06A
:1041A000DAF80830013331AE0EAF75D032463946F9
:1041B00012AB5046FDF7DAFE041EFFF63DAC6BD0A5
:1041C000D5E9012312981E900C30229014920C20F5
:1041D00013AA9DF84F40159331461F9021902092CD
:1041E000002601231EAA5046239425942496FFF707
:1041F00083F9044600287FF41FAC0E98DAF80430E7
:10420000984263D00F9ADAF808108A425ED088424A
:104210005CD093425AD0012201338AF840203FF407
:104220004DAEDAF8083001333FF448AE5046FEF7A1
:104230009DFD0446002C3FF441AEFFF7FDBB6360DB
:10424000AB68A3604FE62E9ADDF89C80319722F090
:104250000042131F1C4640D0054607E001350122ED
:104260001EA931A802F004FCAC4236D0DAF80030C6
:104270001B6A9845BFF43FAE1EABCDE900530296D2
:104280004346002259465046FDF7D4FA0028E5D0AF
:10429000044640E431AE0EAF394632465046FDF793
:1042A0008FFD041EFFF6C8AB3FF408AED5E9014010
:1042B00000233B9031461A4650463A94FFF71CF9CA
:1042C0000446002C3FF4FAADFFF7B6BB6B68CAF8A2
:1042D0000430AA68CAF808209DE7319A0D9B9A42DB
:1042E0007FF4A5AE059D95B9DAF81040002C3FF497
:1042F000A3AB6068279B984278D0A26828998A422D
:1043000074D0884272D0934270D02468EEE7DAF815
:10431000043001334BD0DAF80830013331AE10AD40
:1043200047D03246294612AB5046FDF71FFE041E09
:10433000FFF682AB3DD0129B1E93DDE927420C3382
:104340009DF84F0022930C231494159200241F9380
:10435000219323902590314613AD01231EAA504688
:1043600024942095FFF7C8F8044600287FF464AB36
:104370001098DAF80430984233D0119ADAF808101D
:104380008A422ED088422CD093422AD00122013377
:104390008AF84020A8D0DAF808300133A4D050467B
:1043A000FEF7E4FC0446002C9ED0FFF745BB31AE7F
:1043B00010AD294632465046FDF702FD041EFFF6B9
:1043C0003BAB91D0DDE9274000233B9031461A46B4
:1043D00050463A94FFF790F80446002C84D0FFF73B
:1043E0002BBBDDE92732CAE90132CFE76360289BA6
:1043F000A3608AE72DE9F04F2DED028B1546537926
:104400009279EE790433B1B013440A6A33440C460E
:10441000059322F000411433994204F104038346CA
:10442000079365D0D4E901012E68E3690696059EDD
:104430000F90921BC4E901100133DBF800000E91CC
:10444000C4E9073200230893C36809959847A0463A
:104450000646E8B116F1340F3CD10E9B4FF0FF3207
:10446000012BCBF820203BD90F9B012B38D9079982
:104470005846FEF76DF9064660BBDBF80000D8F839
:10448000041001230893C368984706460028E1D129
:1044900008F11C04DA464FF0FF331022214612A81F
:1044A000129302F0E5FA5AF8202BD8F80430126A79
:1044B000934280F04B821025CDE90064324602958C
:1044C00051465846FDF718FB044620B310F1340F4F
:1044D000C3D00646304631B0BDEC028BBDE8F08F4C
:1044E0006FF03306304631B0BDEC028BBDE8F08F83
:1044F00019461AAAFDF764FC061EEBDB229B002B73
:10450000C0F2E0806B79A979EA7904330B44134453
:104510000593226A86E7D8F8203023F00043043B55
:10452000AB4242D90BF1140308EE103A2F460DF1BD
:1045300094091CB9069BBB4200F0A680DBF8002062
:104540000F9B126A934280F0FB810122CDE9019218
:1045500018EE101A009700225846FDF76BF9064630
:104560000028B7D10122494612A802F081FADBF8EF
:104570000020D8F80430126A934280F0E7810122CB
:10458000CDE901920095324651465846FDF7B4FAFE
:10459000064600287FF45EAF01370135D8F8203099
:1045A00023F00043043BAB42C3D8DBF80020D8F82B
:1045B0000430126A934280F0C981042212A9CDE925
:1045C00000510292514600225846FDF795FA0646E0
:1045D00000287FF43FAFDBF820104FF0FF33994203
:1045E000CBF8143019D0DBF80000DBF828308269F2
:1045F00000928468DBF82420A047064600287FF458
:1046000029AFDBF80030DBF828009A69FF210DF0B4
:1046100055F94FF0FF33CBF82030DBF80000036989
:104620009847064600287FF415AFD8F82030D8F810
:10463000047023F0004A4FF0FF32BAF1040A2592C9
:104640000BF1140900F00D8105461AAC08E00135A4
:104650000122214625A802F00BFAAA4500F00181AB
:10466000DBF800301B6A9F4280F06A810123CDE9AC
:10467000014300953B46002249465846FDF7DAF8CB
:104680000028E4D0064625E72246214612A802F07B
:10469000EFF9DBF80020D8F80430126A934280F07A
:1046A0005581CDE901440095224651465846FDF713
:1046B00023FA064600287FF4CDAEDDE90523012468
:1046C0009F186BE7226A2199D4E9090462F000423D
:1046D000134023904A1CDDE91B01CDE91B100D900E
:1046E000DBF800002494CDE92123002305930C91ED
:1046F000C36898474FF0FF3801270646F8B116F116
:10470000340F7FF4E7AE0C9BCBF82080012B7FF6B3
:10471000E7AE0D9B012B7FF6E3AE1BA95846FEF7D3
:1047200017F8064600287FF4D5AEDBF800001B9989
:1047300001230593C368984706460028DFD121ADC1
:10474000D946102229460AA8CDF8288002F090F90F
:1047500059F8202B1B9B126A934280F0F78010249B
:10476000CDE900653246029449465846FDF7C4F942
:1047700006460028C3D1229B23F00043043B102BA4
:1047800033D90BF1140A0BADDBF800200D9B126A34
:10479000934280F0D580CDE9015700940022514624
:1047A0005846FDF747F8064600287FF493AE0122ED
:1047B00029460AA802F05CF9DBF800201B9B126A6C
:1047C000934280F0C3803246CDE9015700944946B8
:1047D0005846FDF791F90646002890D1229B23F018
:1047E00000430134043B9C42CED3DBF800201B9BEA
:1047F000126A934280F0AA8004220AA9CDE90041FE
:104800000292494600225846FDF776F906460028EE
:104810007FF475AFDBF82010CBF814804B1C17D059
:10482000DBF80000DBF82830826900928468DBF84E
:104830002420A047064600287FF461AFDBF8003053
:10484000DBF828009A69FF210DF038F8CBF82080BA
:10485000DBF8000003699847002800F0D180064685
:104860004DE7259A129B9A427FF4F7ADDDE90835B2
:104870004446002B70D1DBF810301A4672B1D2F8E2
:1048800004C061688C4557D09068A768B84253D07F
:10489000BC4551D081424FD01268EFE7DBF80C20C5
:1048A00022B34FF0FF370BE0D2F808E0D4F808C08D
:1048B000E64509D0614507D0704505D01268AAB118
:1048C000516860688142EFD1D1682868814230D058
:1048D000F4D9687995F806E095F807C0043070447B
:1048E0006044091AD1601268002AE9D163B9F1E580
:1048F0009F68A06887420BD0824209D0B94207D096
:104900001B68002B3FF4E6AD5A6861688A42EFD11C
:10491000D9682A689142F3D96A7995F806C0EF7987
:104920009869043262443A44891A821AD9609A61B9
:10493000E6E7C2E90177C1E75160A1689160ABE7A2
:104940009B4B9C4A9C4812210CF0F6FE984B9B4ACC
:1049500099489C210CF0F0FEDBF80430013379D04B
:10496000DBF80830013325AF0DF1380875D012ABF4
:104970003A4641465846FDF7F9FA0028FFF682AE5E
:104980006BD0D4E9012312981A900C301E90149227
:104990000C2013AA9DF84FC0159339461B90002791
:1049A0001D901C9201231AAA5846CDF87CC0CDF860
:1049B00084C02097FEF7A0FD00287FF463AE0E9818
:1049C000DBF80430984260D00F9ADBF808108A4276
:1049D0005BD0884259D0934257D0012201338BF8E3
:1049E00040203FF448AFDBF8083001333FF443AFD9
:1049F0005846FEF7BBF900283FF43DAF064669E58F
:104A0000229DDDF86CA0CDF82C8025F000450BF13F
:104A10001403043D1E463FD004460DF1940907E0FF
:104A20000134012249460BA802F022F8A54233D0F6
:104A3000DBF800301B6A9A4582D2CDE901970094D9
:104A40005346002231465846FCF7F4FE0028E7D0D2
:104A500006463FE525AF0DF1380841463A4658462F
:104A6000FDF7AEF90028FFF60DAE3FF404AF39466E
:104A7000D4E9017000232F901A4658462E97FEF76E
:104A80003BFD00283FF4F7AEB8E76368CBF804308D
:104A9000A268CBF80820A0E7DDE90A329A427FF449
:104AA00032AE059B93B9DBF81060002E3FF412ADD7
:104AB00070681B9B984276D0B2681C998A4272D06B
:104AC000884270D093426ED03668EEE7DBF804304F
:104AD00001334AD0DBF80830013325AF0CAC46D0A7
:104AE0003A4621460EAB5846FDF740FA061EFFF641
:104AF000F1AC3CD00E9B1293DDE91B420C339DF8C8
:104B00003F0016930C231094119213931593179052
:104B1000199039460FAD0024012312AA5846149566
:104B20001894FEF7E9FC064600287FF4D3AC0C98F5
:104B3000DBF80430984231D00D9ADBF808108A4235
:104B40002CD088422AD0934228D0012201338BF8FE
:104B50004020A8D0DBF808300133A4D05846FEF737
:104B600005F90646002E9ED0B4E425AF0CAC2146D4
:104B70003A465846FDF724F9061EFFF6ABAC92D034
:104B8000DDE91B4000232F9039461A4658462E94E3
:104B9000FEF7B2FC0646002E85D09BE4DDE91B3211
:104BA000CBE90132D1E773601C9BB3608CE700BF97
:104BB000004C0400704E0400204C0400804E0400A1
:104BC0002DE9F04F90F84030BBB00546059163B930
:104BD00043680122013380F8402006D08368013306
:104BE00003D0FEF7C3F8044668B909AA19A905ABB2
:104BF0002846FDF7F9F9821C044608D105982F21B3
:104C00000DF011FD58B120463BB0BDE8F08F0028F3
:104C100008BF6FF0100420463BB0BDE8F08F2B6852
:104C20001B6AAB6324A92846FDF7DCFA044600287A
:104C3000E9D1DDE92210259A2D9126992B9B049428
:104C4000CDE9251201332B932E90089207914FF056
:104C5000FF3A4FF001082868C36898470446B8B186
:104C600014F1340FCFD1079BC5F820A0012B40F2DF
:104C7000D580089B012B40F2D18025A92846FDF75D
:104C800067FD04460028BED1012325990493E2E77D
:104C90002BAFA9461022394611A8CDF844A001F047
:104CA000E7FE59F8202B259B126A934280F0BF80C3
:104CB0001026CDE900472246029649462846FCF7D1
:104CC0001BFF04460028CBD12C9B23F00043043B60
:104CD000102B30D905F1140B2FAF2A68089B126AEC
:104CE000934280F09E80CDE90178009600225946DB
:104CF0002846FCF79FFD0446002884D1012239464E
:104D000011A801F0B5FE2A68259B126A934280F033
:104D10008E802246CDE90178009649462846FCF768
:104D2000EBFE044600289BD12C9B23F00043013668
:104D3000043B9E42D1D32A68259B126A934276D2C5
:104D4000042211A9CDE900610292494600222846B9
:104D5000FCF7D2FE0446002882D1296AC5F814A0C7
:104D60004B1C12D02868AB6A8269009284686A6A18
:104D7000A047044600287FF473AF2B68A86A9A699D
:104D8000FF210CF09BFDC5F820A028680369984717
:104D9000044600287FF464AF2C9B259FCDF8BCA06F
:104DA00023F0004BBBF1040B05F114091BD00646A0
:104DB0002B681B6A9F4234D20DABCDE90063CDF85E
:104DC00008803B46002249462846FCF733FD04464E
:104DD00000287FF418AF013601220DA92FA801F099
:104DE00047FEB345E4D12F9A119B9A427FF43BAF23
:104DF000049B002B42D12A69FAB15468259B9C423E
:104E000000F0898091682698814200F08480844275
:104E100000F081808B427ED01268EDE76FF03304A2
:104E2000F1E64F4B4F4A504812210CF085FC4C4B99
:104E30004E4A4D489C210CF07FFC059B8DF82A20A2
:104E4000184640F622020493ADF828200DF011FC1C
:104E5000DDE925648DF82B00049B0C9409AA19A99F
:104E6000284623940B962296FEF736FD044600282A
:104E70007FF4C9AE2B681B6AAB63C4E66B68013371
:104E800052D0AB6801332FAE07AF4FD03246394610
:104E90000DAB2846FDF76AF8041EFFF6B4AE45D008
:104EA000DDE925400D9B11930C33159310900C23D5
:104EB0009DF83B000F9431461293149300241690F2
:104EC000189011AA0EAE0123284617941396FEF7E8
:104ED00013FB044600287FF496AE07986B6898424F
:104EE0001DD0089AA9688A4219D0884217D09342E7
:104EF00015D00122013385F840203FF47CAFAB6828
:104F000001333FF478AF2846FDF730FF0446002C0C
:104F10003FF471AF77E65360269B93607CE7DDE951
:104F20002532C5E90132E4E72FAE07AF39463246F4
:104F30002846FCF745FF041EFFF665AE3FF45BAF65
:104F4000DDE925400023399031461A462846389439
:104F5000FEF7D2FA0446002C3FF44DAF53E600BFF3
:104F6000004C0400704E0400204C0400804E0400ED
:104F700070B5D0E9015386B0C1E90153019201AB8C
:104F800002AA06460C46FDF72FF8A0B99DF80C3092
:104F9000222B12D104AA21463046FCF771FE50B9EB
:104FA000D4E901123369216162610E211022A161ED
:104FB000E2602360346106B070BD6FF01300FAE761
:104FC000036943B1994202D107E0994207D01A46DA
:104FD0001B68002BF9D10020704700F110020B680C
:104FE00013600020704700BFF0B515460E4689B02B
:104FF00004464C22284600210CF060FCB3690E2BBD
:105000004AD00F2B53D004AA31462046FCF716FF96
:1050100000285BD19DF8142002F07F03112B01D0F2
:10502000222BF0D1110655D5626801320DD0A2684D
:1050300001320AD006A92046FCF760FF002829DBD0
:10504000E1D19DF8143003F07F038DF81430214630
:105050002B70112B51F8140B08BF079B049A08BF43
:105060006B609DF815C07368066A9DF81670101D78
:105070006044B3429DF8172005F1080538442BD24F
:10508000CDE90152009000222046FCF7D3FB002816
:1050900008BF012009B0F0BD124A222312882A81DC
:1050A0002B70B36901200133B36109B0F0BD2B4609
:1050B0000D4A222103F8081B1188927829819A70E1
:1050C000B36901200133B36109B0F0BD841C08BF8E
:1050D0000020DFE71346BAE7044B054A05481221D2
:1050E0000CF02AFBD04B0400D44B0400004C04000D
:1050F000704E0400204C04002DE9F0431F4693B08D
:1051000003F00303012B0C460192054603D090F8EF
:105110004030002B70D002AA07A901AB2846FCF74B
:1051200063FF064600283FD19DF80C30222B00F08B
:105130009180BB0500F18B80DDE908200299626057
:10514000049AA0600023C4E90637C4E9031223626D
:105150007A05059B636106D5002B5FD14FF0FF32C6
:105160000023C4E904232B68586B4FF0FF32E2623E
:10517000002857D0EB68002B5FD16063E36903F030
:1051800003034FF0FF36012BE66205D02B68FF21A9
:105190009A690CF093FBE662EB6823600026EC60F2
:1051A000304613B0BDE8F083B01CF9D1DDF80480BF
:1051B0002F2140460DF037FA02460028F0D1F905BC
:1051C000EED540F6110340468DF80E20ADF80C30B8
:1051D0000DF04FFA4FF0000943468DF80F0002AA78
:1051E00007A94FF0FF382846CDE90489FEF774FB84
:1051F00006460028A0D0D3E743680122013380F897
:10520000402088D08368013385D0FDF7AFFD064686
:10521000002880D0304613B0BDE8F08347F48037D3
:10522000E7619BE7E26902F00302012A08D098696E
:1052300003F01CFC60630028A0D16FF00B06AFE701
:10524000586903F013FC6063002897D1F5E76FF00D
:105250001006A5E76FF01406A2E700BF2DE9F04F96
:105260002DED028BCC698FB004F00305012D059262
:10527000079300F0B98167038846834600F10D81EA
:10528000250500F11681A00340F1ED80079B002B5E
:1052900000F0D88008F12C090693D8F81C30990347
:1052A00000F18980D8F82030002B40F06481DBF8D1
:1052B00000100B6ACBF83830D8E908730C930DABAB
:1052C00008EE103A0BF114044FF0010ACDF82080DB
:1052D00018EE101A5846FDF73BFA00285ED10D99DA
:1052E000012940F29181DBF80000036A994200F243
:1052F0008B81C3689847002840F0AD80002F00F0F4
:105300006581DBF80010D1F81C807D1EA8F108062D
:10531000B542C0F01B81B5FBF6F0013804910CF0EA
:1053200093F80230A5EB8005B5FBF6F528460CF0A6
:105330008BF8A7EB800005FB1607B845049900F031
:10534000C380002F00F03F8100250DF12F0616E0ED
:10535000DBF800200D9B126A934280F03F81CDE97B
:10536000016A0095224649465846FCF7C5FB0028CD
:1053700071D10135BD4280F0EF80DBF800100A6A80
:105380000C9B934280F03A81CDE9016A009500229E
:1053900021465846FCF74EFA0028D9D0DDF8208087
:1053A000D8F81C3043F40023C8F81C300FB0BDEC13
:1053B000028BBDE8F08FDBF80010D8F82870CD69BB
:1053C000AF423FF476AFD8F824300BF11404069ABC
:1053D000059EED1B954228BF15460EE010F1340FD7
:1053E000DED141465846FDF741FC0028D8D1D8F817
:1053F0002870DBF80010D8F824300A6A9A4240F28C
:10540000ED80CDE901650097224649465846FCF7F4
:1054100073FB0028E2D1D8F82020D8F82830DBF838
:1054200000102A442B44096AC8F82020C8F8283004
:10543000059A069BCBF838102A445B1B059206930D
:105440007FF42BAFD8F81C30079823F40023C8F85A
:105450001C30ABE7099F10F1340F9FD14FF0FF33A1
:10546000CBF8203034E7D8F82040D8F814309C42EC
:105470007FF60CAFC8F820300DAE00250123324670
:10548000414658468DF83450FFF7E8FE00288DDB82
:10549000D8F820309C42F1D8F8E64FF0FF3224F4DF
:1054A0008023A603CA62CB6100F185802205DAD58C
:1054B0001C46D8F81430D8F820209A4238BFC8F8D3
:1054C0002030A003CFD5E1E6013595FAA5F3B3FA74
:1054D00083F31846013304930A6A099700250DF1F6
:1054E000300807460D9B93424FEA850676D2042288
:1054F000CDE901820096224649465846FCF7FCFA5F
:105500000C9B0028A6D1AF4211D0DBF80020126A14
:10551000934273D20422CDE90182009602462146CD
:105520005846FCF787F900287FF438AF0C9B012B15
:105530005DD9DBF800100A6A934258D8049B013504
:10554000AB42CFD1DDF820809F0009E047457FF4D2
:10555000FBAE01230493BFE7DDF82080DBF80010E9
:105560000D9BC8E90937D8F81C20CD6942F40032F8
:10557000C8F81C202BE708F1280108F12402CDE926
:105580000121013B0093D8E9042349465846FCF722
:1055900019FA00287FF404AFDBF80030D8F83400A3
:1055A0009A69FF210CF08AF94FF0FF33DBF8001005
:1055B000C8F82C307DE600F03DF800287FF4F6AE08
:1055C000D8F81C405CE6DDF82080C9E7DDF82080D3
:1055D0000D9BDBF80010C8E90937C4E70E4B0F4AF2
:1055E0000F489C210CF0A8F86FF00800DEE60D4B88
:1055F0000D4A0B4840F2D3410CF09EF8064B0B4A83
:10560000074812210CF098F8094B074A044840F269
:105610008C410CF091F800BF004C0400804E040057
:10562000204C0400E44C0400A04E0400704E040022
:105630002C4D04002DE9F0430D4693B0064600F1D1
:1056400014072C22002104A8D5F820800CF036F98C
:1056500097E807004FF0FF33D5E904C40DF1480E79
:1056600073610EE90700296A6A69CDF8308001206C
:105670009142CDF820C009940B901FD29946012386
:105680000DF10F0204A9304600F072F90446002C17
:105690004FF001030DF10F02294630463ADBFFF7C8
:1056A000DDFD041E36DB7369013337D0C6F8149074
:1056B0006A692B6ACDF83C909A42E0D805F12C0932
:1056C00018E030686B6B8269009284682A6BA0478F
:1056D00004463A46494630461CB9FCF71FF90446D1
:1056E00058B114F1340F2946304613D1FDF7BEFAF4
:1056F000044678B9E96A4B1CE3D1EB69D5E9082186
:1057000023F4003343F480332961EB616A61C5F807
:1057100020800024204613B0BDE8F0832A6A6B691C
:105720009A42ACD3CAE700BFF0B5CB690C46590327
:105730009DB0054605D523F480234FF0FF32E36189
:10574000E2629A0309D521462846FFF773FF024615
:1057500010B110461DB0F0BDE36903F41023B3F59A
:10576000803F03D0002210461DB0F0BD63680133B6
:10577000F8D0A3680133F5D0221D11A92846FCF703
:105780007FFA02460028E4D12946129B51F8140BF7
:105790000692076AE068059006AEBB42C6E90122A0
:1057A0002CD20C27CDE9000602972846FCF742F8D8
:1057B00002460028CDD19DF81830112B24D1059B2D
:1057C0000B9603F10C060A9728460C979DF81B5080
:1057D00027690F9209930D9609AA6669079711A97F
:1057E000012308960E951095FDF786FE02460028C7
:1057F000AFD1E36923F48033E361AAE7064B074A9C
:10580000074812210BF098FF064B074A044840F264
:1058100013610BF091FF00BF004C0400704E0400B8
:10582000204C04005C4D0400B04E04002DE9F04112
:10583000CB690C4659039CB0054605D523F480235B
:105840004FF0FF32E361E2629A0321D521462846F8
:10585000FFF7F0FE0646D0B1EB6843B19C4202D19F
:105860006AE09C426AD019461B68002BF9D1A369F3
:105870002BB11B681BB130461CB0BDE8F0812B6812
:105880005B6B002BF7D1606B03F004F9F3E7E3697E
:1058900003F41023B3F5803F01D00026DCE76368F2
:1058A0000133FAD0A3680133F7D011A9221D28468D
:1058B000FCF7E6F906460028CED12946129B51F89E
:1058C000142B0696106AE268059206AF8342C7E978
:1058D000016636D24FF00C08CDE90027CDF80880DC
:1058E00032462846FBF7A6FF06460028B4D19DF8AD
:1058F0001830112B2BD1059B22690F9060699DF800
:105900001B600B97099303F10C070792089011A9EC
:10591000012309AA28460E961096CDF82880CDF8C6
:1059200030800D97FDF7E8FD0646002894D1E36925
:1059300023F48033E3618FE705F10C0123680B60EA
:1059400095E7064B064A074812210BF0F5FE064B79
:10595000064A044840F213610BF0EEFE004C0400CE
:10596000704E0400204C04005C4D0400B04E040056
:105970002DE9F04F0D46C96901F00304022C87B0F0
:105980004FD08046880317461E464FD42A6A69695D
:105990008A425CD2A1EB0209B1454B4628BF33468F
:1059A0000593002B57D01E4605F12C0905F1280B55
:1059B00005F1240A1FE0D8F80000A96AC469A142D1
:1059C0001CD0641A026A6B6AB44228BF3446934200
:1059D00045D20091CDE90174002249464046FBF7CB
:1059E00029FF00BB2A6AAB6A22442344361B2744A2
:1059F0002A62AB622FD0EB695B03DCD4CDE901AB4B
:105A00000092D5E9042349464046FBF7DBFF50B935
:105A1000EB69D8F80000A96AC46943F48023EB61FC
:105A2000CFE76FF0080007B0BDE8F08F4A0305D557
:105A300021F480214FF0FF32E961EA6229464046B5
:105A4000FFF7F8FD0028A1D007B0BDE8F08F0020D7
:105A500007B0BDE8F08F059807B0BDE8F08F034BA5
:105A6000034A044812210BF067FE00BF004C0400FB
:105A7000704E0400204C0400F8B50C46C969164667
:105A80004A0307461D4605D521F480214FF0FF3318
:105A9000E161E3628B0305D538462146FFF7CAFD75
:105AA00000B1F8BD2DB1012D0CD0022D04D0206A1B
:105AB000F8BD26623046F8BD002E606905DB304433
:105AC0002062F8BD002E206AF9DA72428242F6D9CD
:105AD0006FF01500F8BD00BF086A7047CB699B03E3
:105AE00005D5086A4B69984238BF1846704748691F
:105AF000704700BFF0B597B01546059105AB07AAF2
:105B00000BA90646FCF770FA044610B1204617B000
:105B1000F0BD4C22014628460BF0D0FE9DF8203007
:105B20002B70112B04BF0A9B6B607268099B934218
:105B300023D00A98B16888421FD08B421DD0824280
:105B40001BD03146079A51F8143B9DF821701C6A0E
:105B50000C9B9DF8220004323A44A342024405F112
:105B600008059DF823000ED2CDE901500092304681
:105B70000022FBF75FFE0446C8E7064B1B882B811B
:105B8000204617B0F0BD044B044A054812210BF023
:105B9000D3FD00BFD84B0400004C0400704E04003D
:105BA000204C04002DE9F04F90F84030BBB0054682
:105BB000059183B943680122013380F840200AD05F
:105BC0008368013307D0FDF7D1F8044618B12046A9
:105BD0003BB0BDE8F08F09AA19A905AB2846FCF730
:105BE00003FA04460028F2D19DF82830222B00F059
:105BF000D08009AA19A92846FEF7FCFB0446002814
:105C0000E5D19DF82830222BE1D119AA25A92846F3
:105C1000FCF7D6F8041EDADB00F00B81DDE92D403D
:105C2000209B2390DDE91A212868229401332093D8
:105C300000230493CDE91A12C3680892079198478C
:105C40004FF0FF3A4FF001080446E0B114F1340F71
:105C5000BDD1079BC5F820A0012B40F2A480089B72
:105C6000012B40F2A0801AA92846FCF771FD0446DA
:105C70000028ACD128681A9901230493C368984777
:105C800004460028E2D120AFA9461022394611A8C7
:105C9000CDF844A000F0ECFE59F8202B1A9B126AB4
:105CA000934280F03A811026CDE9004722460296C1
:105CB00049462846FBF720FF04460028C6D1219B11
:105CC00023F00043043B102B31D905F1140B2FAF07
:105CD0002A68089B126A934280F02581CDE90178F9
:105CE0000096002259462846FBF7A4FD04460028EA
:105CF0007FF46DAF0122394611A800F0B9FE2A6881
:105D00001A9B126A934280F008812246CDE90178FD
:105D1000009649462846FBF7EFFE0446002895D139
:105D2000219B23F000430136043B9E42D0D32A68D6
:105D30001A9B126A934280F0F080042211A9CDE9E7
:105D400000610292494600222846FBF7D5FE044630
:105D500000287FF47BAF296AC5F814A04B1C12D031
:105D60002868AB6A8269009284686A6AA047044620
:105D700000287FF46BAF2B68A86A9A69FF210BF0AB
:105D80009DFDC5F820A028680369984770B10446B6
:105D90005CE70BAA24A92846FBF772FF04460028FB
:105DA0003FF427AF13E76FF0330410E7219FDDF8CE
:105DB00068B0CDF8BCA027F0004705F11403043FFC
:105DC0001C461DD006460DF1340907E001360122BC
:105DD00049462FA800F04CFEB74211D02B681B6A31
:105DE0009B4580F0A080CDE9019800965B4600229B
:105DF00021462846FBF71EFD0028E7D00446E6E6CC
:105E00002F9A119B9A427FF424AF049BC3B92C694B
:105E1000002C3FF4DCAE60681A9B98425AD0A2680E
:105E20001B998A4256D0884254D0934252D024685B
:105E3000EEE7404B404A414840F26E710BF07CFC6B
:105E40006B6801334FD0AB6801332FAE07AF4CD036
:105E5000324639460DAB2846FCF788F8041EFFF69B
:105E6000B6AE42D0DDE91A400D9B11930C33159369
:105E700010900C239DF83B000F943146129314931D
:105E800000241690189011AA0EAE012328461794EC
:105E90001396FDF731FB044600287FF498AE07986F
:105EA0006B6898421AD0089AA9688A4216D088422C
:105EB00014D0934212D00122013385F84020A6D09D
:105EC000AB680133A3D02846FCF750FF0446002CF2
:105ED0009DD07CE663601B9BA360A8E7DDE91A32D6
:105EE000C5E90132E7E72FAE07AF3946324628460B
:105EF000FBF766FF041EFFF66AAE88D0DDE91A40A4
:105F00000023399031461A4628463894FDF7F4FAB2
:105F10000446002C3FF47BAF59E6094B094A074879
:105F20009C210BF009FC064B074A044812210BF098
:105F300003FC00BF7C4D0400C04E0400204C040054
:105F4000004C0400804E0400704E04002DE9F04F18
:105F50002DED028B8B6A0160C5B00446002B00F06A
:105F60009780C361C86A002800F09E80A0628A6999
:105F7000FF210BF0A3FC4FF0FF3322682362636123
:105F8000536AD90640F02783002B00F01D83106B65
:105F9000002800F09280E063D2E90551B1FBF5F3EF
:105FA00005FB1313002B40F0FA82D769B7FBF1F51C
:105FB00001FB1575002D40F000834FF0FF36A7F16F
:105FC0000803B6FBF3F33344B3FA83F3C3F12003BE
:105FD000B7EB830FC0F0EA82526A25612946C4E913
:105FE0000265D20884F8405066600BF067FC2368B5
:105FF000E562D3E90823934228BF1346C4E90C3570
:10600000A26322A92046FCF7EDF8054678B1236883
:106010009A6A002A63D0DA6A002A5BD01B6B002BD5
:1060200054D0284645B0BDEC028BBDE8F08F2DA9B9
:106030002046FCF7D7F805460028E8D1DDE92E21F7
:10604000349B0E92CDE92E120133049034930D91BE
:106050004FF001092068C36898470546002843D0DF
:1060600015F1340FD3D10D9B2662012B0DD90E9B58
:10607000012B0AD92EA92046FCF76AFB0546002809
:10608000C5D101232E990493E4E76FF03305BEE7F1
:10609000486902F0EBFCE061002800F0DF80216835
:1060A000C86A00287FF462AF886902F0DFFCA06252
:1060B000002800F0D380216859E7D80802F0D6FC08
:1060C000E063002800F0CA80226865E7E06B02F018
:1060D000E1FCA6E7A06A02F0DDFC23689EE7E06928
:1060E00002F0D8FC236896E734AFA2461022394666
:1060F00009A8099600F0BCFC5AF8202B2E9B126AC6
:10610000934280F07D824FF01008CDE900572A4677
:10611000CDF8088051462046FBF7EEFC05460028E6
:106120009ED1359B23F00043043B102B474633D9C7
:1061300004F1140B0DF1280822680E9B126A934299
:1061400080F06482CDE901890097002259462046FB
:10615000FBF770FB054600287FF459AF012241464A
:1061600009A800F085FC22682E9B126A934280F0F9
:1061700047822A46CDE90189009751462046FBF720
:10618000BBFC054600287FF46BAF359B23F0004332
:106190000137043B9F42CFD322682E9B126A934261
:1061A00080F02E82042209A9CDE9007102925146A5
:1061B00000222046FBF7A0FC054600287FF450AFE4
:1061C000216A66614B1C11D02068A36A8269009223
:1061D0008568626AA847054600287FF441AF2368B6
:1061E000A06A9A69FF210BF069FB266220680369A7
:1061F0009847054600287FF433AF359BDDF8B8B0EB
:106200000A9623F0004304F11402043B08EE102A1E
:106210003CD01D46234608EE90AA38AF924604466D
:10622000984607E00134012239460AA800F020FC14
:10623000A54228D0D8F800301B6A9B4580F0E68143
:10624000CDE9017900945B46002251464046FBF7B8
:10625000F1FA0028E6D005464446D8E623689A6A53
:10626000002A00F0C881DA6A002A00F0BF811B6BA7
:10627000002B00F0B7816FF00B05284645B0BDEC50
:10628000028BBDE8F08F18EE90AA4446DDE9093292
:106290009A427FF4E8AE049B002B40F016822569F9
:1062A0008DB168682E9B984200F0B681AA682F993C
:1062B0008A4200F0B181884200F0AE81934200F042
:1062C000AB812D68ECE7A74A23688DF86A50082651
:1062D00041F22E47ADF868708DF86B6092E80300CC
:1062E000D3E907261D9220AA82E803002F9A06957B
:1062F0004FF001102E9D1E9634211026A2601C9294
:106300002C9202221F9065601B952B9519962A915D
:106310004FF0010904921846DDE92331299A0C93C4
:10632000CDE923130132002307932992C3680B910F
:1063300098470546D8B115F1340F7FF468AE0B9B32
:106340004FF0FF32012B226232D90C9B012B2FD947
:1063500023A92046FCF7FCF9054628BB20682399B1
:1063600001230793C368984705460028E3D129AF66
:106370004FF0FF331022394611A8119300F078FB3B
:106380002268239B126A934280F03A811026CDE95D
:1063900000572A46029651462046FBF7ADFB18B33C
:1063A00010F1340FCBD0054615F1340F7FF42FAE2A
:1063B000049B012B14D1069B002B3FF466AE22A94F
:1063C0000026012738AA2046CDE93867FBF758FC9C
:1063D000054600287FF41BAE23681A6AA26317E6FD
:1063E00001232068049397E72A9B23F00043043B92
:1063F000B34259D918EE108A37460DF1E00B0590DB
:106400002FE022680C9B126A934280F0FF80CDE956
:1064100001B90097002241462046FBF70BFA0546DA
:106420000028C1D10122594611A800F021FB2268A1
:10643000239B126A934280F0E3802A46CDE901B99A
:10644000009651462046FBF757FB054600287FF48F
:1064500072AF013701362A9B23F00043043B9E4272
:1064600022D2059B002BCCD1102FCAD11AAD2022ED
:10647000294611A800F0FCFA2268239B126A934275
:1064800080F0BE802021CDE900650291059A514639
:106490002046FBF731FB054600287FF44CAF012373
:1064A000203630270593D6E72268239B126A934251
:1064B00080F0A680042211A9CDE900610292514624
:1064C00000222046FBF718FB054600287FF433AF77
:1064D000216A4FF0FF339942636113D02068A36AA9
:1064E000826900928568626AA847054600287FF4A1
:1064F00022AF2368A06A9A69FF210BF0DFF94FF001
:10650000FF332362206803699847054600287FF41B
:1065100012AF2A9BDDF88C8023F0004B4FF0FF3246
:10652000BBF1040B38921FD018EE105A07460DAE7F
:1065300007E001370122314638A800F099FABB453F
:1065400012D023681B6A984560D2CDE90169009793
:106550004346002229462046FBF76CF90028E8D084
:10656000054621E7644E0400389A119B9A427FF455
:10657000E6AE079B002B57D123696BB15D68239A68
:1065800095424DD099682498814249D0854247D0A0
:106590008A4245D01B68F0E70123069308E7914B38
:1065A000914A924840F61F010BF0C6F8904B8E4A74
:1065B0008E4840F623010BF0BFF88E4B8A4A8B4879
:1065C0004FF402610BF0B8F88B4B874A874840F6CE
:1065D00014010BF0B1F8894B834A844840F613014B
:1065E0000BF0AAF8E06B02F055FA44E6A06A02F05C
:1065F00051FA23683BE6E06902F04CFA236832E680
:106600007F4B804A79489C210BF096F87C4B7E4A60
:10661000764812210BF090F86B602F9BAB6050E630
:106620005A60249A9A60B5E76368013300F09F804E
:10663000A368013338AE0BAF00F09B803246394679
:106640000DAB2046FBF792FC051EFFF6ADAE00F049
:106650009080DDE923030D9D11950C3515950F9064
:106660000C259DF83B001093314612951495169019
:106670000025189011AA0EAE0123204617951396F7
:10668000FCF73AFF054600287FF48EAE0B9863684E
:10669000984267D00C9AA1688A4263D0884261D040
:1066A00093425FD04FF00102013384F840203FF461
:1066B00063AFA36801333FF45FAF2046FCF756FB9E
:1066C0000546002D3FF458AF6EE6636801336ED087
:1066D000A368013338AE0DAF6BD03246394611ABEB
:1066E0002046FBF743FC051EFFF691AC61D0DDE9C7
:1066F0002E02119B19930C331D9313900C2312A897
:106700009DF84B50149231461A931C931B9000260F
:10671000012319AA20461E9520951F96FCF7ECFE32
:10672000054600287FF473AC0D986368984239D011
:106730000E9AA1688A4235D0884233D0934231D034
:106740000122013384F840203FF4A9ADA36801334E
:106750003FF4A5AD2046FCF709FB0546002D3FF4AC
:106760009EAD54E4DDE92332C4E901329AE738AE44
:106770000BAF394632462046FBF722FB051EFFF6DB
:1067800013AE3FF4F9AEDDE92350002342903146C9
:106790001A4620464195FCF7AFFE0546002D3FF412
:1067A000EBAE01E6DDE92E32C4E90132C8E738AECE
:1067B0000DAF394632462046FBF702FB051EFFF6B9
:1067C00026AC3FF46CADDDE92E50002342903146FB
:1067D0001A4620464195FCF78FFE0546002D3FF4F2
:1067E0005EAD14E4B84D0400CC4E0400204C04000F
:1067F000184E0400E84D0400A04D0400804D040034
:10680000004C0400804E0400704E0400F0B58B6A0A
:1068100001609BB00446002B7CD0C361C86A00288D
:1068200000F08380A0628A69FF210BF047F84FF0E7
:10683000FF33216823626361486AC30640F0C38066
:10684000002800F0D5800B6B002B75D0E363D1E9F5
:106850000503B3FBF0F200FB1232002A40F0C180C6
:10686000C869B0FBF3F203FB1202002A40F0B280C9
:106870004FF0FF35A0F10803B5FBF3F32B44B3FA57
:1068800083F3C3F12003B0EB830FC0F085800B6A64
:10689000A363C4E90155C4E90322C4E90B2284F8C7
:1068A000402062630026012704AA0FA92046CDE9F3
:1068B0000467FBF7E5F9054660B123689A6A002A88
:1068C00046D0DA6A002A3ED01B6B002B45D0284602
:1068D0001BB0F0BD2146109B51F8142B126A934255
:1068E00080F08D802020029007AE1020CDE90006B8
:1068F0002A462046FAF79EFF05460028DDD1DDE94D
:106900000810424B0D9A9A42C4E9011029D06FF049
:106910003305D2E7486902F0A9F8E061002831D0D8
:106920002168C86A00287FF47DAF886902F09EF86C
:10693000A06238B3216876E7C00802F097F8E063F8
:1069400000B3216883E7A06A02F0A4F82368BBE7DC
:10695000E06902F09FF82368B3E7E06B02F09AF871
:10696000B5E70E9AA3F18773A3F580639A42CED15F
:106970000C9B1A0C012A02D19BB2012BA7D96FF0F4
:1069800015059AE723689A6AC2B1DA6A8AB11B6B65
:106990004BB16FF00B059AE71D4B1E4A1E4840F69F
:1069A00023010AF0C9FEE06B02F074F86FF00B05EA
:1069B0008DE7A06A02F06EF82368E8E7E06902F06C
:1069C00069F82368E1E7154B124A134840F61301B2
:1069D0000AF0B2FE124B0F4A0F484FF402610AF060
:1069E000ABFE104B0B4A0C4840F61F010AF0A4FE08
:1069F0000D4B084A084840F614010AF09DFE0B4B67
:106A00000B4A054812210AF097FE00BF6C697474A6
:106A1000184E0400CC4E0400204C0400804D0400AD
:106A2000E84D0400B84D0400A04D0400004C0400E3
:106A3000704E040003689A6A10B504462AB1DA6AF7
:106A400052B11B6B7BB1002010BDC06902F022F86F
:106A50002368DA6A002AF4D1A06A02F01BF82368DE
:106A60001B6B002BEFD1E06B02F014F8002010BD7F
:106A7000E2B170B4561E0E4D02680E444C1E14F85E
:106A8000013F83EA020101F00F01A64255F82110EF
:106A900081EA121282EA131303F00F0355F8233030
:106AA00083EA1212EBD170BC02607047704700BFDE
:106AB000D84E040010B5034B03600446FAF7BAFA47
:106AC000204610BD204F040010B5054B036004465E
:106AD000FAF7B0FA204604F0C1FA204610BD00BF14
:106AE000204F040008B500F0B5F9002008BD00BF34
:106AF00070B501F5ED51CC0182B004F18006FF259F
:106B0000012220460DF1070114448DF8075000F0D2
:106B1000A7F9A642F4D1002002B070BD08B501F576
:106B2000ED5102EBC110029A194600F099F9B0FA42
:106B300080F04009404208BD08B501F5ED5102EB77
:106B4000C1111846029A00F0A3F90028CCBF00201A
:106B50000120404208BD00BF38B500210546FAF7C4
:106B600089FA98B94FF46D24204604F5805400F05A
:106B70009BF958B1B4F5742FF6D12846FAF79CFA70
:106B800028460021BDE83840FAF774BA38BD00BF86
:106B900010B5074C07492046FAF754FA064B236014
:106BA0002046064A0649BDE8104009F015BE00BF60
:106BB0009C9C002060610020204F040000600020A9
:106BC000B56A03002DE9F04F83B00193002B37D055
:106BD000DFF8749005460E4690461F46C6F30B0A32
:106BE000CAF58054296906EA090BBC4228BF3C4615
:106BF000594526441BD04B1C4FF4805208460ED0FA
:106C0000EB681BB16969984748B929692B68084640
:106C10009847D5E904016B684FF480529847AB68F8
:106C20006869C5F810B059464FF4805298476869B2
:106C30004146224650440AF019FE3F1BA044CDD1E4
:106C4000019803B0BDE8F08F00F0FFFF10B50446D7
:106C50000069431C12D0E3682BB161694FF4805284
:106C6000984740B9206923689847D4E904016368CC
:106C70004FF4805298474FF0FF33236110BD00BF9F
:106C80002DE9F84307691D467B1C064688461446D5
:106C900005D097420BD807F580539A4230D3B3689A
:106CA000214640462A4698472846BDE8F8835319AE
:106CB0009F42F4D207F580539A42F0D2A7EB040921
:106CC0004A462146B3684046E71B98477A1908EBC5
:106CD00009004FF4805C0021624528BF6246736959
:106CE000174619444F440AF0C1FDBD42DCD9B368D0
:106CF000E11908EB0700EA1B98472846BDE8F8832E
:106D0000A7EB040C0CF5805CE11B2A4640464FF0D3
:106D10000009E1E729DF704728DF704712DF70477D
:106D200008B50AF095FDB0FA80F0400908BD00BF33
:106D300010B514460AF09AFD204610BDF0B583B098
:106D4000074600230DF1070016460C46D5088DF8BE
:106D50000730FFF7E3FF01E001F03CFE2A46214641
:106D60003846FFF7D7FF112803464FF00100F3D054
:106D7000D3B99DF80730D3B907EB560704EB560497
:106D800001E001F027FE2A4621463846FFF7C2FF00
:106D9000112803464FF00100F3D02BB99DF80730BE
:106DA00063B9304603B0F0BD002003B0F0BD084B1E
:106DB0004FF0FF31186802F00FFBDDE7044B4FF096
:106DC000FF31186802F008FB304603B0F0BD00BF89
:106DD00040AD002030B5184D296883B00446D9B1C4
:106DE000240B01E001F0F6FD2046FFF795FF112886
:106DF00003464FF00100F5D013B1002003B030BDC1
:106E00000DF107008DF80730FFF788FF9DF8073078
:106E10004BB9012003B030BD0A2001F0BBFE286051
:106E20000028DDD1E9E728684FF0FF3102F0D4FAFD
:106E3000012003B030BD00BF40AD0020044B1868F6
:106E400020B100231A46194601F0D6BE704700BF94
:106E500040AD00200148FFF7F9BE00BF9861002057
:106E600010B4094CA0420AD3B0F5742F07D21346D0
:106E70005DF8044B0A4601460448FFF7A3BE4FF0F5
:106E8000FF305DF8044B70470070020098610020ED
:106E900010B40C4613460146224602485DF8044BE6
:106EA000FFF7EEBE9861002030B5184D296883B019
:106EB0000446D9B1240B01E001F08CFD2046FFF718
:106EC0002BFF112803464FF00100F5D013B100202D
:106ED00003B030BD0DF107008DF80730FFF71EFF3E
:106EE0009DF807304BB9012003B030BD0A2001F0F6
:106EF00051FE28600028DDD1E9E728684FF0FF3116
:106F000002F06AFA012003B030BD00BF40AD00209E
:106F1000704700BF203001F039BD00BF38B5437F56
:106F20000BB9002038BD00F1680420460D4601F081
:106F30003BFD0028F5D12046294601F007FD012040
:106F400038BD00BF203001F013BD00BF203001F07C
:106F500023BD00BF2DE9F04F83B0019272B34C1EE8
:106F6000174F0546C1F1010604EB020800F1680A5B
:106F70002B681B68BB4206EB040B14F8019F17D16A
:106F80006B7F50461BB9584603B0BDE8F08F01F047
:106F90000BFD034649465046002BF4D101F0D6FCC8
:106FA0004445E5D1DDF804B0584603B0BDE8F08FA4
:106FB0004946284698470028F2D1E4E79346E2E79D
:106FC0001D6F030030B4837E1F2B4FF0010288BF7A
:106FD00003F01F03C27603F5E0738CBF244A4FF021
:106FE000A04240F20C6142F82310437E02691F2B3D
:106FF00086BF03F01F031E494FF0A04103F5E07365
:1070000040F20C6441F823404FF0CC710623C2F8E3
:107010002415C2F80035837EC2F8083590F918307F
:10702000417EC2F80C15002B1ADB124C5A0903F0F2
:107030001F05603201212344A940602544F8221035
:1070400083F8005390F91830002B07DB094903F04F
:107050001F0001225B09824041F8232030BC7047A9
:10706000054A03F00F031A4460231376EAE700BFD2
:107070000003005000E100E0FCEC00E02DE9F843E3
:10708000154612B91046BDE8F883064600F12009FE
:1070900048460F46984601F067FC34690123C4F85E
:1070A00088752362C4F83495C4F83855236002E02B
:1070B000D4F824211AB9D4F84C21002AF8D000239E
:1070C000C4F84C3102E0D4F824211AB9D4F85C2178
:1070D000002AF8D00023C4F85C31B8F1000F02D1C7
:1070E000D4F82431A3B101236361D4F80431002B17
:1070F000FBD00023C4F80431D4F8243113B10023A9
:10710000C4F82431D4F83C053066C0B2BDE8F88339
:107110000123E361D4F84831002BFBD00023C4F8ED
:107120004831E9E710B5044680F8B010683001F046
:107130001BFC0123637710BDF8B5036904460022E8
:1071400090F8B0006277012704F16806C3F888055B
:10715000C3F8042130461F62C3F844650D4601F0B0
:1071600015FC2369C3F848059F6002E0D3F8242189
:107170001AB9D3F85021002AF8D00022C3F85021C0
:10718000304601F003FC236920BB0022C3F86021D4
:1071900015B9D3F8242112B301225A61D3F804217E
:1071A000002AFBD00022C3F80421D3F8240160B1E7
:1071B0000022C3F82421D3F8C404C3F8C40402286D
:1071C00003D004280CBF03200420F8BDD3F82421E9
:1071D000002ADAD1D3F86021002AF7D0D5E70122BE
:1071E000DA61D3F84821002AFBD00022C3F84821F5
:1071F000DBE700BF0121FFF79FBF00BF70B52A4C3E
:107200006369D3F86421002A3CD1D3F86821F2B92C
:10721000D3F8042122B1227F0021C3F8041162B9FE
:10722000D3F8242142B10022C3F82421D3F8D0247A
:10723000C3F8D02401225A6170BDD4F8B820D3F825
:107240003C052066002AEBD090476369E8E70022FE
:10725000C3F8682115484FF48073A38301F084FBC1
:10726000D4F8B43003B1984763691048C3F84405B3
:107270000023637701F08AFB63690122C3F84805A4
:107280005A63C5E7002204F12006C3F864210125F2
:107290003046257701F068FB63694022C3F8346506
:1072A000C3F838251D63B0E744AD0020ACAD002025
:1072B00070B52A4C6369D3F86421002A3CD1D3F815
:1072C0006821F2B9D3F8042122B1227F0021C3F84A
:1072D000041162B9D3F8242142B10022C3F8242159
:1072E000D3F8D024C3F8D02401225A6170BDD4F859
:1072F000B820D3F83C052066002AEBD0904763699C
:10730000E8E70022C3F8682115484FF48073A3838F
:1073100001F02AFBD4F8B43003B1984763691048F0
:10732000C3F844050023637701F030FB6369012251
:10733000C3F848055A63C5E7002204F12006C3F8E4
:10734000642101253046257701F00EFB6369402258
:10735000C3F83465C3F838251D63B0E700AE0020DC
:1073600068AE00202DE9F8431A4DDFF878901A4CEA
:107370001A4F284600264FF47A7840F8209BC5E93A
:10738000016801F0D7FA05F1680001F0D3FA032390
:1073900020462B763B696B76114B7A6940F8209B2F
:1073A000C5E90433AA76C4E901686E7701F0C2FA30
:1073B00004F1680001F0BEFAD7E9102104204FF073
:1073C0004023C4E90433667720766176A276BDE86F
:1073D000F88300BF44AD002000AE0020A44F04009D
:1073E00000300040304F040070B5094E84B00123D6
:1073F0000DF10F0504460193306800958DF80F409C
:1074000001F0B8F980F0010040B204B070BD00BFD7
:10741000BCAE002030B585B0094C00920025024674
:107420000B468DF80F202068019501220DF10F0108
:1074300001F0CEF980F0010040B205B030BD00BFD0
:10744000BCAE002020B1034B800143F0010318477C
:10745000704700BF504F040030B4002200240025C4
:10746000C0E90445826230BC02838276704700BF67
:1074700070B505464C494D4A41644D4B2969116030
:1074800000F130066A691A6088B0304600F016FDD7
:1074900010B1002008B070BD304600F075FD3346D5
:1074A000152202A9312000F003FB0028F1D10DF1D3
:1074B000070307AAFF2413F8011F81EA040010F054
:1074C000800F4FEA440414BF1D200020E4B2444062
:1074D00084EA410010F0800F4FEA440414BF1D20DD
:1074E0000020E4B2444084EA810010F0800F4FEAAB
:1074F000440414BF1D200020E4B2444084EAC100CB
:1075000010F0800F4FEA440414BF1D200020E4B2A5
:10751000444084EA011010F0800F4FEA440414BF85
:107520001D200020E4B2444084EA411010F0800F96
:107530004FEA440414BF1D200020E4B2444084EA12
:10754000811010F0800F4FEA440414BF1D2000206A
:10755000E4B2444084EAC11111F0800F4FEA4404C0
:1075600014BF1D210021E4B29A4284EA0104A2D191
:1075700033460DF107010122302000F099FAE4436F
:107580009DF80730E4B2A34283D1002881D10120C5
:107590004FF040724FF08073C5F8E320AB6185F87F
:1075A000E00008B070BD00BF45740300BCAE002011
:1075B000C0AE00202DE9F041044600690E46154694
:1075C00008B103F04BFD67692FB1384601F050F95F
:1075D000384603F043FD00276761102003F03CFDAF
:1075E000DFF84C802A463146054601F0A3F82561B4
:1075F00028460121C8F8005001F0A6F808B9BDE8F6
:10760000F081D8F80010084A084B616384F83060B4
:10761000012184F83A70C4E90F2384F83810204619
:10762000BDE8F041FFF724BF15740300E9730300C0
:10763000BCAE002070B50446407EA67E1F49204B9C
:10764000227E00280BBF1625362506202620002E78
:1076500018BF284625690D6061691960012384B04F
:1076600084F8E23084F8E1300AB140F04000E37E73
:107670000BB140F0800004F13006314600F0C2FA50
:1076800010B1002004B070BD012584F8E0503046F0
:1076900000F0F2FE0028F4D132466946032000F0E3
:1076A000D9FF0028EDD1DDE90001DDE90223C4E9BD
:1076B00000012846C4E9022304B070BDBCAE00201E
:1076C000C0AE0020052909D880F8E41011B9417630
:1076D0000120704701234376184670470020704709
:1076E000052909D880F8E31011B981760120704787
:1076F000012383761846704700207047072909D870
:1077000080F8E51011B90176012070470123037656
:10771000184670470020704710B5044692B04822C2
:10772000254968460AF0A2F894F8B120A2B194F86D
:10773000B330CBB3F7EE007A013B13F0FF0377EEE3
:10774000A77AF9D1DFED1D6A9FED1D7AA7EEA67A23
:10775000FCEEC77A17EE902A94F8B230ABB194F8E9
:10776000B43023B3F7EE007A013B13F0FF0377EE5A
:10777000A77AF9D1DFED116A9FED127AA7EEA67A0A
:10778000FCEEC77A17EE903A1A4494F8B63012A974
:1077900001EB8303EA3253F8483C934294BF6FF005
:1077A0000200002012B010BD40F65812D4E740F697
:1077B00009131A44E9E700BF584F04000000FA44D7
:1077C0000000C44300809C43002A00F0E0802DE9C3
:1077D000F84F1C4683072DED068B07460E461546CF
:1077E00018D0486809F040F9D4E9002308F0FEFFFA
:1077F000D4E904238046894609F0B0F9D4E902238C
:1078000008F0F6FF42464B4609F0A8F9C4E91C010E
:10781000C5E9000117F0010000F0B580D4E91CAB08
:107820005946504609F04AFC08EE100A68EE088AEC
:1078300018EE900A09F03AF968EE887A02460B468B
:1078400017EE900A43EC1A2B09F030F902460B466A
:10785000306843EC192B09F007F98946804609F096
:107860002DFCD4E9082306465946504609F076F91E
:10787000D4E9062308F0BCFF08EE106AD4E90A2315
:1078800006460F4651EC1A0B09F068F902460B4602
:107890003046394608F0ACFFD4E90C2306460F46C3
:1078A00051EC190B09F05AF902460B46304639469D
:1078B00008F09EFF42464B4609F050F9D4E91023E8
:1078C00006460F465046594609F048F9D4E90E23BA
:1078D00008F08EFFD4E912238046894651EC1A0B3A
:1078E00009F03CF902460B464046494608F080FF45
:1078F000D4E914238046894651EC190B09F02EF97E
:1079000002460B464046494608F072FF02460B46C7
:107910003046394608F06CFFD4E9182306460F4676
:107920005046594609F01AF9D4E9162308F060FFC9
:1079300068EE088A804618EE900A894609F0B6F883
:1079400002460B464046494609F008F902460B46F6
:107950003046394608F04CFF68EE287A064617EEA6
:10796000900A0F4609F0A2F8D4E91A2309F0F6F8B4
:1079700002460B463046394608F03AFF02460B46AF
:10798000C5E902230020BDEC068BBDE8F88F4FF05F
:10799000FF307047002A47D02DE9F843D2F80C9009
:1079A00000AF1446B9F1000F3BD01369002B38D05B
:1079B0005369002B35D053689BB30D4689B3927A37
:1079C00094F808E002F10B0606F4FC76BEF1010F14
:1079D000E84602F10402ADEB060D1ED040F0800037
:1079E0006946C847A37A60721DF803302B70A37AEA
:1079F0006B445B786B70A37A6B449B78AB70A37A13
:107A00006B44DB78EB7094F90900002818BF6FF025
:107A10000600C546BD46BDE8F8830422C84760722B
:107A2000F3E74FF0FF30F5E74FF0FF30704700BF4E
:107A3000002A39D02DE9F843D2F80C8000AF144663
:107A4000B8F1000F2DD013695BB353694BB3536882
:107A50003BB30D4629B3967A92F8089006F1080CCC
:107A60000CF4FC7CB9F1010F06F101026E46ADEB9E
:107A70000C0D12D040F080006946C047A37A6072B6
:107A80001DF803302B7094F90900002818BF6FF01F
:107A90000600B546BD46BDE8F8834A46C047607259
:107AA000F3E74FF0FF30F5E74FF0FF30704700BFCE
:107AB000002B4AD02DE9F84FD3F80CA000AF1C469C
:107AC000BAF1000F3ED01B69002B3BD06369CBB3EA
:107AD0006368BBB38946A9B394F80AC094F808B0A8
:107AE00094440CF1070525F007056E46BBF1010F24
:107AF000ADEB050D90466D4621D0624640F080000A
:107B00006946D0476072B8F1000F10D008F1FF301D
:107B1000484409F1FF32C9F10109A918A37A49447F
:107B2000CB5C02F8013F8242F7D194F909000028AA
:107B300018BF6FF00600B546BD46BDE8F88FD047C8
:107B40006072F4E74FF0FF30F6E74FF0FF30704718
:107B50002DE9F0474FEA420C0CF1070525F0070527
:107B600000AFADEB050D002B46D09846DB68002B2F
:107B700042D0D8F81090B9F1000F3DD0D8F81430A9
:107B8000D3B3D8F80430BBB3B0B3A9B3BAB398F841
:107B900008400D788DF80050EA46E4B1012A28D952
:107BA000451E2A440C460646554616F8011F14F891
:107BB00001EF6970B24205F802EFF6D10078514644
:107BC0006246C847002888F8090018BF6FF0060011
:107BD000BD46BDE8F087055D631C05F07F050555D2
:107BE000DCB29442F7D3012AD8F81090D8F80430C8
:107BF000D6D84FF0010CE1E74FF0FF30E8E76FF027
:107C00000500E5E7002900F053812DE9F041CB683C
:107C100082B00C46002B00F048810B69002B00F06D
:107C200044814B69002B00F040814B68002B00F031
:107C30003C8110F0060F05465ED110F0F00F00F009
:107C40008C8001AE9C4AB2F84820ADF80020002399
:107C5000224631461C208DF80230FFF79BFE00289B
:107C600043D115F0300340F0FD8001218E461F46C0
:107C7000280617D594F8B6209DF80500112A02AF02
:107C800007EB030C88BF112220F01F0394BF52B2F0
:107C900084F8B6201D201A4377460B460CF8042CB6
:107CA0000CF8080C6A0612D594F8B5109DF8070078
:107CB000490002AA134420F00E0001F00E01014316
:107CC00001371F20FFB203F8041C03F8080C94F8D6
:107CD000B030032B03D12046FFF71EFD28B93A46EA
:107CE000314623466846FFF733FF15F4E16F7DD038
:107CF000B0B302B0BDE8F08101AE1B203146224690
:107D00008DF80000FFF794FE0028F2D1A8070AD5ED
:107D10009DF8043094F8B12023F0010302F0010231
:107D200013438DF8043069070BD594F8B2309DF8F1
:107D300004205B0003F0020322F0020213438DF8DB
:107D400004302346012231466846FFF701FF15F053
:107D5000F00FCAD00028CCD174E710F4E16F7CD0CA
:107D60001920694622468DF80400FFF761FE0028BD
:107D70003CD1EF0594F8B81094F8B92094F8BA30D3
:107D80000AD59DF8000094F8B76020F0010006F0D5
:107D9000010630438DF80000AE0509D59DF80000BE
:107DA000490001F0020120F0020001438DF80010AB
:107DB000680509D59DF80010920002F0040221F038
:107DC00004010A438DF80020290709D59DF80020F9
:107DD0009B0103F0400322F0400213438DF8003072
:107DE00069462346012201A8FFF7B2FE15F4C05FE1
:107DF0003FF47FAF00287FF47CAF01AE1A203146FC
:107E0000224694F8BB8094F8BC708DF80000FFF710
:107E10000FFE00287FF46DAF2A050BD59DF80430C6
:107E20004FEA480808F0020823F0020343EA080872
:107E30008DF80480EB0409D59DF80430BF0007F0ED
:107E4000040723F004031F438DF8047023463146D2
:107E500001226846FFF77CFE4BE710F4C0503FF468
:107E600048AFCAE7EA0694F8B4300AD59DF8042072
:107E700094F8B31022F0070201F007010A438DF8CD
:107E80000420AF0609D59DF80420DB0003F0380379
:107E900022F0380213438DF804301C220221012302
:107EA0008DF800208E461F46E2E64FF0FF3020E7B7
:107EB0004FF0FF30704700BF584F0400F0B583B05B
:107EC00000AF7E22B6233A717B71002854D0C5687A
:107ED0000446002D50D00369002B4DD04369002B80
:107EE0004AD04368002B47D0817A90F808C001F14E
:107EF000080000F4FC70BCF1010F6E4601F10102B4
:107F0000ADEB000D30D069468320A847A37A60729C
:107F10001DF80330BB7100BBBB79DB06B5462ED51F
:107F200023460122791D381DFFF712FE054680B950
:107F3000636961684FF4FA6098472246F91D022090
:107F4000FFF776FDFB7903F07E03184310F0FF0F77
:107F500015D128460C37BD46F0BD6FF00305284605
:107F60000C37B546BD46F0BD6246B91D0320A84793
:107F700060720028F1D1CFE74FF0FF35E9E76FF0ED
:107F80000305E6E7000000002DE9F04FADB000AFBB
:107F9000002187F89710002800F0D881C5680446B2
:107FA000002D00F0D3810369002B00F0CF814369DD
:107FB000002B00F0CB814368002B00F0C781027AD0
:107FC000012A2CD00122827207F19801022280201E
:107FD000A847A37A607207F1B002134413F8183C63
:107FE00087F897306B4690B997F89720502A9D46AE
:107FF00002D0602A40F0AD8122702046FFF75EFF7C
:108000000546B0B12846B437BD46BDE8F08F6FF0E5
:1080100006052846B4379D46BD46BDE8F08F8172FF
:10802000084607F19701A8476B4660720028EED119
:10803000DAE7E668C7F8A800C7E92600C7E928001C
:1080400087F8AC00002E00F087812369002B00F038
:1080500083816369002B00F07F816368002B00F04F
:10806000CD81A27A207A02F11C0101F4FC71012871
:10807000E84602F11502ADEB010D00F05F816946A3
:10808000B120B047A37A60720DEB030C0546DCF813
:1080900004105DF80300DCF80820DCF80C3007F170
:1080A00098060FC6DCF8100030609CF8143033716D
:1080B00097F8993097F8989049EA0329002DC5461A
:1080C000484618BF6FF0060508F0CEFCC04B0022F2
:1080D00008F044FD02460B4697F89B0097F89A106B
:1080E00041EA00210846C7E92223C7F8841008F0B6
:1080F000BBFCB84B002208F031FD0B4697F99C10F1
:10810000C7F8801002460846C7E91E2308F0BCFCE9
:10811000B14B002208F022FD97F89E2097F89D3081
:1081200043EA02231BB282468B46A3F58040C7E98F
:108130001CABFB6608F0A8FCA84B002208F00EFD63
:1081400097F8A02097F89F3043EA02231BB282469B
:108150008B46A3F58040C7E918ABBB6608F094FCDA
:108160009F4B002208F0FAFC0B4697F9A1107965A5
:1081700002460846C7E9162308F086FC994B002200
:1081800008F0ECFC0B4697F9A21039650246084648
:10819000C7E9122308F078FC934B002208F0DEFCBC
:1081A00002460B4697F8A40097F8A31041EA002175
:1081B0000846C7E91023F96308F056FC8B4B0022F0
:1081C00008F0CCFC97F8A5800B4697F8A61048EA73
:1081D000012802464046C7E90C2308F045FC844BC1
:1081E000002208F0BBFC0B4697F9A710B9630246C2
:1081F0000846C7E90A2308F047FC7E4B002208F036
:10820000ADFC0B4697F9A810F96102460846C7E98C
:10821000082308F039FC00224FF07C5308F09EFC44
:1082200097F8A9600B4697F8AA1046EA012636B2DD
:1082300002463046C7E9042308F026FC664B0022BC
:1082400008F08CFC97F9ABB002460B465846C7E9DC
:10825000022308F019FC604B002208F07FFC97F91C
:10826000ACA002460B465046C7E9002308F00CFCC0
:10827000614B002208F072FC97ED227B84ED067BB7
:1082800097ED1E7B84ED087B97ED1C7B84ED0A7BCC
:1082900097ED187B84ED0C7B97ED167B84ED0E7BC0
:1082A00097ED127BD7F88430A4F8923084ED107BE0
:1082B000D7F8803084F8943097ED107BFB6EA4F8EB
:1082C0009630BB6EA4F8983084ED127B7B6D84F8F9
:1082D0009A3097ED0C7B3B6D84F89B30FB6BA4F8D8
:1082E0009C3084ED147BA4F89090A4F89E8097EDC8
:1082F0000A7B84ED167B97ED087B84ED187B97ED68
:10830000047B84ED1A7B97ED027BBB6B84F8A03075
:1083100084ED1C7B97ED007BFB6984F8A130C4E9F8
:108320002001B437284684ED1E7BA4F8A26084F8AF
:10833000A4B084F8A5A0BD46BDE8F08F152207F1D2
:1083400098013120B04705466072B1E64FF0FF3525
:1083500058E66FF0010555E69FED197B87ED167B1A
:108360009FED197B00200021C7E91455C7E91A5574
:10837000AA46AB46FD61BD63C7F880502E46A846AD
:10838000FD63C7F88450A946C7E90001C7E90201A7
:10839000C7E90401C7E90801C7E90A01C7E90C01F7
:1083A000C7E91001C7E91201C7E91C01C7E91E01AD
:1083B000C7E9220187ED187B4FF0FF355CE700BF6E
:1083C00000000000000000BF00000000000090BF9F
:1083D000000070400000103E0000F03C0000B03E85
:1083E0000000203E0000F03D0000A03D00002040C5
:1083F0000000903F0000703F0000E03B9FED1A7BC3
:1084000087ED167B9FED1A7B00200021C7E91455EC
:10841000C7E91A55AA46AB46FD61BD63C7F880504F
:108420002E46A846FD63C7F88450A94687ED187B01
:10843000C7E90001C7E90201C7E90401C7E908016A
:10844000C7E90A01C7E90C01C7E91001C7E9120130
:10845000C7E91C01C7E91E01C7E922014FF0FF353A
:108460000AE700BFAFF3008000000000000000BF7B
:1084700000000000000090BF2DE9F04182B000AF85
:10848000002800F0E480D0F80C800446B8F1000F1A
:1084900000F0DD800369002B00F0D9804369002BD8
:1084A00000F0D5804368002B00F0D180817A90F8ED
:1084B00008C090F8B06001F1080000F4FC70BCF155
:1084C000010F6D4601F10102ADEB000D38D0694698
:1084D0009B20C047A37A60721DF80330BB7080B93F
:1084E000BB78C3F30113AD46BB70BBB9032E42D0BA
:1084F000012E00F08D80002528460837BD46BDE8D6
:10850000F081BB78C3F30113AD46BB7033B96FF094
:10851000060528460837BD46BDE8F0811B20391DF9
:108520002246F870FFF784FA054688B163696168EE
:1085300041F28830984728460837BD46BDE8F081AB
:108540006246B91C1B20C04760720028D9D1C7E71A
:108550003D79391D25F0300523460122F81C3D7177
:10856000FFF7F6FA63696168054641F2883098477B
:10857000002DBBD0C0E7391D22461C20FFF70AFAA8
:108580003B797979FA7903F0070501F01F01C3F30C
:10859000C203C2F3420284F8B35084F8B43084F8C2
:1085A000B61084F8B52005460028A5D12046FFF76F
:1085B000B3F8054600289FD11B202246391D94F8A8
:1085C000B060F870FFF734FA0546002894D13D7981
:1085D000330103F0300325F030051D43012223460B
:1085E000391DF81C3D71FFF7B3FA0546002883D109
:1085F0002246391D0220FFF71BFA054600287FF4AA
:108600007BAF3B7913F0040F18BF6FF0040573E7DD
:108610001B20391D224694F8B080F870FFF708FA45
:10862000054600287FF468AF38794FEA081820F033
:10863000300008F0300840EA080823463246391D69
:10864000F81C87F80480FFF783FA054654E74FF0DB
:10865000FF3551E72DE9F04385B000AF0023FB6003
:108660003B60BB80BB60002A61D0D2F80C901446FE
:10867000B9F1000F5BD01369002B58D05369002B60
:1086800055D05368002B52D00D4600294FD0927A16
:108690000646207A02F10D0101F4FC710128E8463A
:1086A00002F10602ADEB010D38D069468420C847BF
:1086B000A27A607203465DF8020038606A449288CC
:1086C000BA8023BB97F802E097F805C07A783B7927
:1086D00097F800904FEA0E4E4FEA0C4CC54697F8BB
:1086E00003804EEA022E4CEA032C2A4604F11803BA
:1086F0004EEA09054CEA080407F108013046C7E9CB
:108700000254FFF761F81437BD46BDE8F0836FF0FF
:1087100006001437C546BD46BDE8F083062239463B
:108720000420C84703466072002BF0D1CAE74FF01F
:10873000FF30E8E730B4002520240572C4600170E2
:1087400030BC4260704700BF38B5044640680D46F3
:10875000FEF738FC0120207205B938BD2178606829
:10876000FEF7E0FC6068FEF745FDB0FA80F04009D6
:1087700038BD00BF2DE9F041079F0446C06815468B
:108780003A44824202D90020BDE8F0810E4660687A
:1087900021789846FEF7C6FC4FB1069B3BB1606856
:1087A000194603683A465B689847B842EBD160685F
:1087B000036831465B682A4698478542E3D1606882
:1087C0004146FEF7B9FCB0FA80F04009BDE8F081FF
:1087D0002DE9F0470446C068DDF820809DF824703C
:1087E000824202D90020BDE8F08760680E462178F9
:1087F00015469946FEF796FC6068036831465B684B
:108800002A4698478542EDD160683946FEF794FCC8
:108810000028E7D10746B8F1000F25D0E36821789A
:108820006068A8EB07059D4228BF1D46A8EB05031D
:10883000BB428CBF00230123EAB2FEF71FFC854236
:10884000D0D175B14FF0000A5646606803681B69C5
:108850009847013609EB0A03B6B2B542D855B2467D
:10886000F3D82F44B845D9D80120BDE8F08700BF20
:1088700010B50446406808B102F0F0FB204610BD78
:108880000F49104A1048114B70B44D6A0C6A1573A9
:1088900001251060886A15714E6E947350734C6F89
:1088A000886E0B4D1E7300219C735873D173118217
:1088B0001971D97319821D60916070BC99607047FD
:1088C000A44F0400C4AE002000F00240D8AE002047
:1088D0000030024008B501210E2003F083F9012188
:1088E0000E2003F003FA0021162003F07BF901218A
:1088F000192003F077F90121192003F0F7F901217C
:108900000B2003F06FF901210B2003F0EFF9012197
:108910000D2003F067F901210D2003F0E7F9012193
:108920000C2003F05FF9BDE8084001210C2003F0A2
:10893000DDB900BF10B540220021044608F0BEFF9B
:108940000023C4E91033204610BD00BF10B4D0E9A5
:108950001024531C03F03F039C4218BF81545DF860
:10896000044B18BF036470470023C0E910337047FD
:10897000D0E91023934206D05A1CC35C02F03F0298
:108980004264184670474FF0FF307047D0E910300E
:10899000181A48BF40307047D0E91023934214BFE3
:1089A000C05C4FF0FF307047D0E91030013303F066
:1089B0003F03181AB0FA80F04009704708B501F07B
:1089C00015FA4FF47A73A0FB0323900A40EA835010
:1089D00008BD00BF014638B54FF47A72002380020B
:1089E000890D08F019FD044601F000FA0546F3F779
:1089F000C1FE01F0FBF9431B9C4200D838BD2C445A
:108A0000201ABDE8384001F029BB00BF10B504466C
:108A100001F080FD022804D02046BDE8104008F097
:108A200007BF01F0DBF9204608F002FF044601F021
:108A300085FA0CB1204610BD02F05CFDFAE700BFDC
:108A400010B5044601F066FD02280AD144B101F0D8
:108A5000C5F9204608F0F4FEBDE8104001F06EBAFA
:108A600010BD2046BDE8104008F0EABE10B582B047
:108A7000019001F0B3F9019808F0DAFE044601F024
:108A80005DFA14B1204602B010BD02F033FD20465D
:108A900002B010BD50B110B5044601F09FF9204658
:108AA00008F0CEFEBDE8104001F048BA704700BFA4
:108AB00038B51C469DF8105043B3002908BF1A462C
:108AC0000123C4E90F01226084F8463002F07AF8ED
:108AD000D4E90F132268A26001FB03F1CB1A1344FF
:108AE00000200A44FF21A063E36084F84410626020
:108AF00084F8451004F1100003F0DCFA04F12400BE
:108B000003F0D8FA02F068F884F84C50204638BDDB
:108B1000F8B5064617460D4669B100FB01F0503026
:108B2000FFF7A4FF044690B3002200F1500380F841
:108B30004620036007E05020FFF798FF044630B35B
:108B400084F846502460C4E90F6502F03BF8D4E98C
:108B50000F132268A26001FB03F1CB1A134400201B
:108B60000A44FF21A063E36084F84410626084F843
:108B7000451004F1100003F09DFA04F1240003F005
:108B800099FA02F029F884F84C702046F8BD0024C8
:108B90002046F8BDF8B5064650200D46FFF766FFA3
:108BA000044630B300272060C66380F8467007642F
:108BB00002F008F8D4E90F322168A76303FB02F33F
:108BC0009A1A0A440B44FF26C4E90131E26084F892
:108BD000446004F1100084F8456003F06BFA04F17E
:108BE000240003F067FA01F0F7FF0223A56384F87D
:108BF0004C302046F8BD00BF2DE9F047044684B054
:108C00001F460192884600F1240601F0DBFFA26BAB
:108C1000E36BDFF840939A424FF0000A7CD3022FB7
:108C200000F0E880019D002D00F0128102ADBAF144
:108C3000000F00F0DB8001F0CFFF01F0CFF801F072
:108C4000C1FF94F84430FF2B04BF002384F8443064
:108C500094F84530FF2B04BF002384F8453001F021
:108C6000BBFF284601A901F0FFFB002840F0F68079
:108C700001F0A8FFA26BE36B9A4261D001F0ACFF58
:108C800001F0A0FF94F845506DB2002D05DC12E014
:108C90006B1E13F0FF0F5DB20DD0636A304653B107
:108CA00001F084FB0028F3D001F012FC6B1E13F0DE
:108CB000FF0F5DB2F1D1FF2384F8453001F08CFF46
:108CC00001F080FF94F844506DB2002D15DD04F1E1
:108CD000100A04E06B1E13F0FF0F5DB20DD0236984
:108CE000504653B101F062FB0028F3D001F0F0FBD5
:108CF0006B1E13F0FF0F5DB2F1D1FF2384F84430F7
:108D000001F06AFF01F01AF901F05CFFA26BE36B5E
:108D10009A424FF0010A82D2226CA56B002A40F0E1
:108D2000E7802668002E00F0F9800135A563636AAC
:108D3000002B7CD101F050FF012004B0BDE8F0878A
:108D400004F1100A01F048FF0199504601F0B2FA0F
:108D500001F038FF94F845506DB2002D05DC12E0AB
:108D60006B1E13F0FF0F5DB20DD0636A304653B136
:108D700001F01CFB0028F3D001F0AAFB6B1E13F0DE
:108D8000FF0F5DB2F1D1FF2384F8453001F024FFDD
:108D900001F018FF94F844506DB2002D05DC12E08C
:108DA0006B1E13F0FF0F5DB20DD02369504653B117
:108DB00001F0FCFA0028F3D001F08AFB6B1E13F0DF
:108DC000FF0F5DB2F1D1FF2384F8443001F004FFBE
:108DD00001F0B4F8002897D14FF08053C9F804305F
:108DE00040BFBFF34F8FBFF36F8F8DE7284601F071
:108DF0002FFB20E7226CA56B002A92D04146E06849
:108E000008F034FD226CE36821689B1A8B42E36012
:108E1000C2F1000204D263681A44E260022F84D1D6
:108E2000002D83D10123A363636A002B82D004F158
:108E3000240001F0BBFA00283FF47CAF454B4FF013
:108E400080525A6040BFBFF34F8FBFF36F8F71E7FF
:108E500001F0C2FE284604B0BDE8F08701F0B2FE82
:108E600094F845506DB2002D15DD04F1240604E0A0
:108E70006B1E13F0FF0F5DB20DD0636A304653B125
:108E800001F094FA0028F3D001F022FB6B1E13F0DE
:108E9000FF0F5DB2F1D1FF2384F8453001F09CFE55
:108EA00001F090FE94F844506DB2002D15DD04F1F0
:108EB000100604E06B1E13F0FF0F5DB20DD02369A6
:108EC000304653B101F072FA0028F3D001F000FBF4
:108ED0006B1E13F0FF0F5DB2F1D1FF2384F8443015
:108EE00001F07AFE01F02AF8002004B0BDE8F08716
:108EF000414607BBA06808F0B9FCA368216C626812
:108F00000B449342A360FFF410AF0135A563636A7D
:108F10002268A260002B3FF40DAF88E7606801353E
:108F200001F04EFBA563636A6660002B7FF47FAFA0
:108F3000002883D1FEE6E06808F098FC226CE36824
:108F400021689B1A8B42E360C2F10002BFF466AF56
:108F500061E700BF00ED00E0F8B50C4679B30025ED
:108F600001232160C1E90F3581F84630064601F042
:108F700029FED4E90F322168A56303FB02F39A1A94
:108F80000A440B44FF27C4E90131E26084F84470CD
:108F900004F1100084F8457003F08CF804F124000B
:108FA00003F088F801F018FEC4E90055E56084F884
:108FB0004C602B462A4629462046FFF71DFE2046D8
:108FC000F8BD00BF2DE9F043044683B0164699462C
:108FD000EFF31188402282F31188806BE26B90429C
:108FE0001ED3022B05D0002088F3118803B0BDE802
:108FF000F08394F84550226CA76B6DB232BB2368A6
:10900000002B47D001376B1CA76335D001356DB2FB
:1090100084F84550012088F3118803B0BDE8F0833F
:1090200094F84550226CA76B6DB2002AE7D0002B54
:1090300038D1A06808F01AFCA368216C62680B4460
:109040009342A36024BF2368A360DBE7E06808F0D5
:109050000DFC226CE0682168801A8842E060C2F151
:10906000000205D261680A44E260B9F1020FC9D179
:10907000012F38BF0127C6E7636A002BCAD004F16D
:10908000240001F093F90028C4D0002EC2D00120A2
:109090003060A9E76068019301F092FA019B636078
:1090A0000137B0E7E06808F0E1FB226CE068216876
:1090B000801A8842E060C2F10002D6D2D2E700BF37
:1090C00010B582B0EFF31184402383F31188836BD2
:1090D000C26B9A420FD990F845200133FF2A83636F
:1090E00053B20DD001335BB280F84530012084F3D8
:1090F000118802B010BD002084F3118802B010BDA9
:10910000436A002BF2D02430019101F04FF900287E
:10911000ECD001990029E9D001200860ECE700BFFC
:109120002DE9F043044685B00F46019201F04AFD57
:10913000A56B002D40F02781019B002B00F0D28011
:1091400002A801F085F9DFF88C8204F1240601F011
:1091500043FD00F043FE01F035FD94F84430FF2B51
:1091600004BF002384F8443094F84530FF2B04BF3B
:10917000002384F8453001F02FFD01A902A801F079
:1091800073F900285BD101F01DFDA36B002B40F0AB
:10919000AF8001F021FD0199304601F08BF801F01C
:1091A00011FD94F845506DB2002D05DC12E06B1EE8
:1091B00013F0FF0F5DB20DD0636A304653B101F07A
:1091C000F5F80028F3D001F083F96B1E13F0FF0FC0
:1091D0005DB2F1D1FF2384F8453001F0FDFC01F0D0
:1091E000F1FC94F844506DB2002D15DD04F1100926
:1091F00004E06B1E13F0FF0F5DB20DD023694846EB
:1092000053B101F0D3F80028F3D001F061F96B1EDF
:1092100013F0FF0F5DB2F1D1FF2384F8443001F069
:10922000DBFC00F08BFE002853D14FF08053C8F8D0
:10923000043040BFBFF34F8FBFF36F8F49E001F0A1
:10924000C1FC94F845506DB2002D05DC12E06B1E98
:1092500013F0FF0F5DB20DD0636A304653B101F0D9
:10926000A5F80028F3D001F033F96B1E13F0FF0FBF
:109270005DB2F1D1FF2384F8453001F0ADFC01F07F
:10928000A1FC94F844506DB2002D15DD04F11009D5
:1092900004E06B1E13F0FF0F5DB20DD0236948464A
:1092A00053B101F083F80028F3D001F011F96B1EDF
:1092B00013F0FF0F5DB2F1D1FF2384F8443001F0C9
:1092C0008BFC00F03BFE01F07DFCA36B53B101F081
:1092D00083FC01F077FCA56B002D54D1019B002B82
:1092E0007FF435AF01F078FC002005B0BDE8F083D5
:1092F00001F072FC01F066FC94F845506DB2002D4F
:1093000005DC12E06B1E13F0FF0F5DB20DD0636A37
:10931000304653B101F04AF80028F3D001F0D8F8F4
:109320006B1E13F0FF0F5DB2F1D1FF2384F84530BF
:1093300001F052FC01F046FC94F844506DB2002D4F
:1093400015DD04F1100904E06B1E13F0FF0F5DB290
:109350000DD02369484653B101F028F80028F3D016
:1093600001F0B6F86B1E13F0FF0F5DB2F1D1FF23D1
:1093700084F8443001F030FC00F0E0FD01F022FC04
:10938000A56B002DAAD0226C52B1E168636811442C
:109390009942E16024BF2168E160384608F066FA2E
:1093A000013DA56323692BB901F016FC012005B02E
:1093B000BDE8F08304F1100000F0F8FF0028F3D0BE
:1093C000044B4FF080525A6040BFBFF34F8FBFF342
:1093D0006F8FE9E700ED00E02DE9F043044685B02A
:1093E00000F12406019101F0EDFBA36BDFF8DC82B4
:1093F0000027B946002B40F0D780019D002D00F0DA
:10940000418102ADB9F1000F00F0DE8001F0E4FB14
:1094100000F0E4FC01F0D6FB94F84430FF2B04BFCD
:10942000002384F8443094F84530FF2B04BF002318
:1094300084F8453001F0D0FB284601A901F014F86A
:1094400000285FD101F0BEFBA36B002B40F0C88069
:1094500001F0C2FB2368002B00F01B81019930460C
:1094600000F028FF01F0AEFB94F845506DB2002DDE
:1094700005DC12E06B1E13F0FF0F5DB20DD0636AC6
:10948000304653B100F092FF0028F3D001F020F8ED
:109490006B1E13F0FF0F5DB2F1D1FF2384F845304E
:1094A00001F09AFB01F08EFB94F844506DB2002D50
:1094B00015DD04F1100904E06B1E13F0FF0F5DB21F
:1094C0000DD02369484653B100F070FF0028F3D057
:1094D00000F0FEFF6B1E13F0FF0F5DB2F1D1FF2312
:1094E00084F8443001F078FB00F028FD002853D1C7
:1094F0004FF08053C8F8043040BFBFF34F8FBFF325
:109500006F8F49E001F05EFB94F845506DB2002D7D
:1095100005DC12E06B1E13F0FF0F5DB20DD0636A25
:10952000304653B100F042FF0028F3D000F0D0FFE6
:109530006B1E13F0FF0F5DB2F1D1FF2384F84530AD
:1095400001F04AFB01F03EFB94F844506DB2002D4F
:1095500015DD04F1100904E06B1E13F0FF0F5DB27E
:109560000DD02369484653B100F020FF0028F3D006
:1095700000F0AEFF6B1E13F0FF0F5DB2F1D1FF23C1
:1095800084F8443001F028FB00F0D8FC01F01AFB0D
:10959000A36BEBB101F020FB01F014FBA36B4FF0C8
:1095A0000109002B3FF429AF2268013BA363002A85
:1095B00000F088802369002B74D101F00DFB012796
:1095C000384605B0BDE8F083284600F041FF1DE7AE
:1095D00001F002FB002F4AD1384605B0BDE8F08308
:1095E00001F0FAFA01F0EEFA94F845506DB2002D50
:1095F00005DC12E06B1E13F0FF0F5DB20DD0636A45
:10960000304653B100F0D2FE0028F3D000F060FFE6
:109610006B1E13F0FF0F5DB2F1D1FF2384F84530CC
:1096200001F0DAFA01F0CEFA94F844506DB2002D50
:1096300015DD04F1100904E06B1E13F0FF0F5DB29D
:109640000DD02369484653B100F0B0FE0028F3D096
:1096500000F03EFF6B1E13F0FF0F5DB2F1D1FF2350
:1096600084F8443001F0B8FA00F068FC94E701F0A7
:10967000A9FA616A19B1236B1968C1F10501606823
:1096800000F0CEFF01F0A8FA0027384605B0BDE88B
:10969000F08301F097FA606800F04CFF074601F094
:1096A0009BFADBE604F1100000F080FE002884D075
:1096B000064B4FF080525A6040BFBFF34F8FBFF34D
:1096C0006F8F7AE700F0E6FF606073E700ED00E07F
:1096D000104B5A68904208D0DA68904208BF0122C5
:1096E00004D090F8463093B170470022002110B4A6
:1096F00003EBC20443F8321090F84630616013B1B6
:109700005DF8044B70475DF8044BFFF7C3B9FFF7F2
:10971000C1B900BF2CBC0020074B1A681AB19A6867
:1097200002B17047012210B403EBC20443F83210B7
:1097300060605DF8044B70472CBC002070B5044697
:109740000E46154601F03EFA94F84430FF2B04BF54
:10975000002384F8443094F84530FF2B04BF0023E5
:1097600084F8453001F038FAA36B002B45D001F0A6
:1097700029FA94F845506DB2002D15DD04F1240648
:1097800004E06B1E13F0FF0F5DB20DD0636A30462C
:1097900053B100F00BFE0028F3D000F099FE6B1ED1
:1097A00013F0FF0F5DB2F1D1FF2384F8453001F0D3
:1097B00013FA01F007FA94F844506DB2002D15DD4C
:1097C00004F1100604E06B1E13F0FF0F5DB20DD024
:1097D0002369304653B100F0E9FD0028F3D000F0D2
:1097E00077FE6B1E13F0FF0F5DB2F1D1FF2384F8FB
:1097F0004430BDE8704001F0EFB92A46314604F12B
:10980000240000F093FDB2E72DE9F041044601F099
:10981000D9F9344A344D1368013313602B68002B97
:1098200030D0324E336833B3E36A31483149076888
:109830000A689F4238BF03602F48013203EB83035D
:109840000A6000EB8300E263211D02F043FC01F09B
:10985000C3F933686BB12A68E36AD26A9A4208D2C4
:10986000264B4FF080525A6040BFBFF34F8FBFF37B
:109870006F8FBDE8F0812A68E36AD26A9A4298BF86
:109880002C60D2E72C601368012B02D0E36A174EDC
:10989000CBE71948DFF89080194F144E02F00AFC0C
:1098A000184802F007FC184802F004FC174802F0C0
:1098B00001FC174802F0FEFB404602F0FBFB384675
:1098C00002F0F8FB134802F0F5FB134802F0F2FB3C
:1098D000124802F0EFFB124B124AC2F800801F60E0
:1098E000E36AA2E75CAF0020ECAE0020BCAF002032
:1098F00070AF00206CAF0020F8AE002000ED00E05B
:1099000088AF00200CAF002020AF002034AF002033
:1099100048AF0020A8AF0020D4AF0020C0AF002087
:10992000F4AE0020F0AE002074AF00202DE9F84323
:10993000DDE909C4002C66D0BCF1000F60D00D46F3
:10994000960098460223324684F85130A5210746F6
:10995000C4F830C0604607F0B1FF2A7884F834209C
:10996000236B2978321F1A4422F0070601B36B7863
:1099700084F835306B78DBB1AB7884F83630AB786F
:10998000B3B1EB7884F83730EB788BB12B7984F86E
:1099900038302B7963B16B7984F839306B793BB10E
:1099A000AB7984F83A30AB7913B1EB7984F83B307A
:1099B000089D042D28BF04254FF00009E562656469
:1099C000201D84F83B90C4F8489002F07FFBC5F15D
:1099D000050504F1180002F079FBC4F84C904246EA
:1099E0003946A561246184F850906462304601F0E4
:1099F000ADF820602046FFF707FF2046BDE8F8835A
:109A00006046BDE8F8832046BDE8F8832DE9F047BD
:109A10009600804630460D469946FFF727F8002805
:109A200062D007465420FFF721F8044600285FD093
:109A300000230763324684F851303846A52107F0E9
:109A40003DFF2B7884F834302B78D4F830A003B362
:109A50006B7884F835306B78DBB1AB7884F83630CE
:109A6000AB78B3B1EB7884F83730EB788BB12B79E6
:109A700084F838302B7963B16B7984F839306B799D
:109A80003BB1AB7984F83A30AB7913B1EB7984F818
:109A90003B30089D042D28BF04250027E56265643E
:109AA000201D84F83B70A764043E02F00FFBC5F153
:109AB000050504F11800564402F008FBE764A561AF
:109AC00026F0070084F85070246164624A464146DB
:109AD00001F03CF8099B206003B11C602046FFF7B1
:109AE00093FE0120BDE8F0874FF0FF30BDE8F0871E
:109AF0003846FEF7CFFF4FF0FF30F3E770B504466E
:109B0000534E01F05FF8002C00F08280251D28469E
:109B100002F008FBA36A1BB104F1180002F002FB7B
:109B200029464C484C4D02F0D5FA94F85030012BA0
:109B300004BF002384F8503001F04EF82B68002B4E
:109B400057D13368A34200D070BD2B68002B66D17B
:109B50004049424A0968126891426AD0404B1B68EA
:109B6000002B68D13F4A13603268336812681B6B60
:109B70009A4266D93C4C3D4B226802EB8200800041
:109B80009100185828BB501E00EB8005AD008100E5
:109B90005D59002D53D1901E00EB8005AD00810072
:109BA0005D59002D4BD1D01E00EB8005AD0081002A
:109BB0005D59002D43D1101F00EB8005AD008100E1
:109BC0005D59002D3BD1053A02EB820080009100E7
:109BD0001858114403EB810003464168496841600D
:109BE0000833994204BF49684160CB683360226002
:109BF00070BD00F0E7FF1E4B1A68126852B11A6878
:109C00001C4BD268D26852681A6000F0E5FF98E7F2
:109C100034687BE7174B4FF0FF321A60F5E7164BBD
:109C20004FF080525A6040BFBFF34F8FBFF36F8F2A
:109C300070BD336070BD0B4B01221A6070BD0246CF
:109C4000C7E730683168343101F052FC92E700BF59
:109C5000ECAE0020C0AF0020BCAF00205CAF002005
:109C600068AF0020ECAF002070AF0020F8AE0020FD
:109C7000F0AE0020A0AF002000ED00E098B130B5BC
:109C80001D4D2B68834283B004460AD000F09AFF32
:109C90001A4B62699A4207D003B0BDE8304000F029
:109CA0009BBF03B030BD7047A36A154A9342F3D0FF
:109CB000002BF1D1211D0846019102F033FA114A1F
:109CC000E36A1068019983420F4888BF136003EB71
:109CD000830300EB830002F0FDF92B68E26ADB6A84
:109CE0009A42D9D3094B4FF080525A6040BFBFF31C
:109CF0004F8FBFF36F8FCFE7ECAE0020C0AF0020D7
:109D0000A8AF002070AF0020F8AE002000ED00E00A
:109D100070B584B0002503AA02A901A8CDE90155B8
:109D200001F0EAFB019C002C46D00298002843D0A9
:109D3000039E20630223B6003246A52184F85130E9
:109D400007F0BCFD206B1F4B6363043E0644C4E96F
:109D50001155201D84F8385084F83B50E56202F01C
:109D6000B5F904F1180002F0B1F926F00706052351
:109D70001549A3612A46E56430462461646284F88B
:109D8000505000F0E3FE20602046FFF73DFD0F4BF2
:109D90001C6000F0EFFD012811D1402383F31188EE
:109DA0000B490C4A0C4B4FF0FF340C6010601D60E7
:109DB00000F0E2FE04B070BD044B00221A6004B053
:109DC00070BD00BF49444C45E1A003009CAF00209A
:109DD000A0AF0020BCAF0020E8AF0020024A13680B
:109DE00001331360704700BF68AF0020014B186853
:109DF000704700BFE8AF0020024A136818441060A3
:109E0000704700BFE8AF00202DE9F04F404B1B68C2
:109E100083B0002B46D13F4B1E6801361E60002EDA
:109E20004ED0DFF808B1DBF80030B3425FD83A4FCC
:109E30003B681D68002D65D0DFF8F480DFF8F4A0E2
:109E4000DFF8F490002522E0019102F06BF9A36A9B
:109E5000019904F1180013B102F064F90199E36A61
:109E6000D8F8002003EB830093420AEB800088BF00
:109E7000C8F8003002F02EF9D9F800203B68E16AFA
:109E8000D26A1B68914228BF0125002B3AD03B685B
:109E9000DB68DC686368211D9E420846D4D2CBF89B
:109EA000003004E01D4A13680133136000251C4B89
:109EB0001B68002B0CBF2846012003B0BDE8F08FC3
:109EC000154B184A1868184914681C6010600A6815
:109ED00001320A601A6812685AB9DFF850B04FF0C0
:109EE000FF33CBF80030DBF80030B3429FD90025B8
:109EF000DDE71B68DFF834B0DB68DB685B68CBF854
:109F0000003090E74FF0FF33CBF80030CFE700BFD1
:109F100068AF0020E8AF0020F0AE002064AF002062
:109F2000ECAF0020F4AE0020A4AF0020A0AF0020D2
:109F300070AF0020F8AE0020ECAE00202DE9F04F0D
:109F400083B000F03FFE3A4B1A68013A1A601B6872
:109F5000002B55D1374B1B68002B51D0364D2B6849
:109F6000002B62D0354EDFF8EC80354FDFF8E890FB
:109F70004FF0010AEB68DC6804F1040B04F11800EF
:109F800002F0D0F8584602F0CDF8E36A326803EBED
:109F900083009342594608EB800088BF336002F08B
:109FA00099F83B68E26ADB6A9A4231D3C9F800A0AB
:109FB0002B68002BDED1234B1A681268002A2FD0A1
:109FC0001A68214BD268D26852681A601F4E3468F2
:109FD00044B10125FFF718FF08B1C9F80050013C52
:109FE000F8D13460D9F8003053B1194B4FF080529A
:109FF0005A6040BFBFF34F8FBFF36F8F012000E067
:10A000000020019000F0E8FD019803B0BDE8F08F5A
:10A010002B68002BAED10B4B1A681268002ACFD1E7
:10A02000094B4FF0FF321A60D0E7DFF82C90CDE7F4
:10A0300068AF00205CAF0020A8AF002070AF002008
:10A04000ECAE0020F0AE0020A0AF002064AF0020F6
:10A0500000ED00E0F8AE0020ECAF002070B548B98C
:10A06000184B4FF080525A6040BFBFF34F8FBFF381
:10A070006F8F70BD144A15491368154D0133136075
:10A080000E6804462868043002F04CF82B68A419C6
:10A090005C600FD20F4B18682968043102F02AF86F
:10A0A0000D4B1A68944238BF1C60FFF747FF002829
:10A0B000D6D070BD094B18682968043102F01AF82F
:10A0C000F3E700BF00ED00E068AF0020E8AF00203C
:10A0D000ECAE0020F0AE0020A0AF0020F4AE0020D7
:10A0E0002DE9F84F3A4CDFF804913A4D3A4EDFF83B
:10A0F00000813A4FDFF8FCB02368EBB100F062FD5D
:10A10000D9F80C30D3F80CA00AF1040002F00AF8D8
:10A110002B68013B2B602368013B236000F05CFD52
:10A120009AF85130002B34D0012BE5D15046FEF780
:10A13000B1FC2368002BE1D13368012B08D94FF023
:10A140008053CBF8043040BFBFF34F8FBFF36F8F06
:10A1500000F0E8FED8F800301BBB3B68DB6A002B40
:10A16000CAD13368012BC7D81D4B1E4A1B68126821
:10A170009B1A012BC0D91C4A136801331360D8F80D
:10A180000030A3B13B68DB6A03B93368FFF7D6FE42
:10A19000B2E7DAF83000FEF77DFC5046FEF77AFCB5
:10A1A000AAE73B68DB6A002BA6D13368A4E73B68CB
:10A1B000DB6A002BEAD13368012BE7D8084B18681B
:10A1C000084B1B68C01A0128E0D900F075FDDDE7D7
:10A1D00060AF00205CAF0020F8AE0020ECAE0020A5
:10A1E000A0AF0020E8AF002068AF0020D4AF00206F
:10A1F00070AF002000ED00E0294B1B681BB1294B1C
:10A2000001221A607047274A70B5274C13602268F4
:10A21000236812681B6B9A423CD9244D244B2A6850
:10A2200002EB820080009100185808BB501E00EB22
:10A230008006B60081009E5956BB901E00EB80063A
:10A24000B60081009E591EBBD01E00EB8006B600F2
:10A2500081009E59E6B9101F00EB8006B600810010
:10A260009E59AEB9053A02EB820080009100185861
:10A27000114403EB8100034641684968416008339B
:10A28000994204BF49684160CB6823602A6070BD71
:10A290000246EDE720682168343101F029F9BCE776
:10A2A00068AF0020ECAF0020ECAE002070AF0020C3
:10A2B000F8AE002070B5174D2B680C4603F118015D
:10A2C00001F018FF144B1E682868043001F02AFFC3
:10A2D000631C17D02B68A4195C6007D30F4B186858
:10A2E0002968BDE87040043101F004BF0C4B1868C8
:10A2F0002968043101F0FEFE0A4B1A68944238BF07
:10A300001C6070BD29680848BDE87040043101F048
:10A31000E1BE00BFECAE0020E8AF0020F4AE0020AC
:10A32000F0AE0020A0AF0020C0AF002070B5194DE6
:10A330002B6816460C4603F1180101F0CBFE164BB4
:10A340005EB11B682868043001F0ECFE29681348F0
:10A35000BDE87040043101F0BDBE1E6828680430BD
:10A3600001F0E0FE2B68A4195C6007D30C4B186861
:10A370002968BDE87040043101F0BCBE094B186883
:10A380002968043101F0B6FE074B1A68944238BFC1
:10A390001C6070BDECAE0020E8AF0020C0AF002014
:10A3A000F4AE0020F0AE0020A0AF002030B5C368AE
:10A3B000DC6804F1180583B0284601F0B3FE1C4B9D
:10A3C0001B683BBB211D0846019101F0ABFE194AF9
:10A3D000E36A106801998342174888BF136003EB52
:10A3E000830300EB830001F075FE144BE26A1B68E7
:10A3F000DB6A9A4282BF124B01201860114B1A6827
:10A40000126898BF002052B90F4B4FF0FF321A600C
:10A4100003B030BD0D48294601F05CFEE5E71A683F
:10A42000094BD268D26852681A6003B030BD00BFD1
:10A4300068AF002070AF0020F8AE0020ECAE002026
:10A44000ECAF0020F0AE0020A0AF0020A8AF0020AD
:10A45000034A044B12681B68C0E90023704700BF21
:10A46000A4AF0020E8AF0020F0B50D4683B004464D
:10A4700000F0A8FB2B68144A591C10681DD0DFF8A7
:10A480004CC0D4E90061DCF80070BE4208D08142C3
:10A4900006D80120019000F09FFB019803B0F0BDA9
:10A4A000471ABB420BD91B1A0B44DCF80010126888
:10A4B0002B600020C4E90012ECE70020EAE700234B
:10A4C0002B600120E6E700BFE8AF0020A4AF00202A
:10A4D000014B01221A607047ECAF0020094B18684D
:10A4E00018B9094B1B6813B1704700207047074A21
:10A4F000074B10681B68013B984214BF01200220E3
:10A50000704700BFA8AF0020ECAF0020C0AF002014
:10A510005CAF0020054B1B6833B1054B1B68002B5B
:10A520000CBF02200020704701207047BCAF002004
:10A5300068AF002070B5044682B0C8B11D4DC36A33
:10A540002A68D26A934215D28269002A04DB2A68FB
:10A55000D26AC2F105028261174E626903EB83037E
:10A5600006EB83039A420ED02B68DB6AE36201207C
:10A5700002B070BD2B68406CDC6AA0422CBF00208A
:10A58000012002B070BD211D0846019101F0CAFDF5
:10A590002A680A4BD06A1A680199E062904200D991
:10A5A000186000EB800006EB800001F093FD0120B5
:10A5B000DEE700BFECAE0020F8AE002070AF002058
:10A5C00068B130B5836CC16A426C013B914283B083
:10A5D0000446836400D023B1002003B030BD0020C6
:10A5E0007047011D0846019101F09CFD0A4A636C09
:10A5F0001068E3628342094888BF1360C3F1050510
:10A6000003EB830300EB83000199A56101F062FD78
:10A61000012003B030BD00BF70AF0020F8AE0020B5
:10A6200070B130B5426CC36A914238BF11468B425B
:10A6300083B0044602D0826C012A02D003B030BD40
:10A6400070478269114DC162002A03EB830342699E
:10A65000A8BFC1F1050105EB8303A8BF81619A4240
:10A66000ECD1011D0846019101F05CFD084BE06A48
:10A670001A680199904288BF186000EB800005EBD2
:10A68000800003B0BDE8304001F024BDF8AE0020EA
:10A6900070AF0020044B1A681AB119688A6C013235
:10A6A0008A641868704700BFECAE00202DE9F043C3
:10A6B0001D4EDFF87C9085B04FF000080CE0DB68A1
:10A6C000DC681F68251D284601F02CFD636A2046C2
:10A6D0009847E369012B0AD033681A68002AEED143
:10A6E000124A11683160136005B0BDE8F083A369B8
:10A6F0003B449F42294610D3D9F80030002BEBD0C1
:10A70000CDE900870294FFF705FF0023D9F8000088
:10A710001A466946FEF770FADEE730686360246126
:10A7200001F0E8FCD8E700BFF0AF0020F4AF002054
:10A7300074B200202DE9F04F894E8A4CDFF82C824C
:10A74000894DDFF82CA28BB03368D3F800B0BBF191
:10A75000000F00F0A980DB68D3F800B0FFF73EFBE4
:10A76000FFF744FB22688242814600F2AE808345B7
:10A77000206040F2BF8000222868ABEB0901FEF7A1
:10A78000DDFFFFF7DBFB40B94FF08053CAF8043020
:10A7900040BFBFF34F8FBFF36F8F2868002202A91D
:10A7A000FEF7BEFC0028CFD0029B002B73DBDDF848
:10A7B0001090D9F814301BB109F1040001F0B2FC7B
:10A7C000FFF714FB236898420746C0F08580029B80
:10A7D0002760092BE1D801A252F823F005A8030055
:10A7E00005A8030005A803009BA703005FA80300BA
:10A7F00087A8030005A8030005A803009BA7030082
:10A800005FA803000398D9F81830C9F81090C2184F
:10A810002CBF01210021BA42C9F804205FD8381AA0
:10A82000834228D8D9F8243048469847D9F81C30B4
:10A830002868012BB2D10028B0D0D9F81820039B8A
:10A8400000211344CDE907390691FFF763FE002389
:10A8500028681A4606A9FEF7CFF928689EE7039BE9
:10A86000C9F81090DA19BA42C9F81830C9F80420AA
:10A8700039D8002B91D0D8F8000009F1040101F07B
:10A8800039FC28688AE799F82C30002B85D1484696
:10A89000FEF700F981E7039BDDE904019847029B7D
:10A8A000002BFFF67AAF82E7FFF798FAFFF79EFAE0
:10A8B00022689042814608D3D8F80020C4F800905E
:10A8C0001268B2FA82F2520956E7FFF7EFFEC4F8B7
:10A8D0000090FFF733FB60E7FFF7E8FE77E7B84249
:10A8E00001D900299ED0306809F1040101F002FC71
:10A8F000286853E7FFF722FB3268D268D768391D12
:10A900000846019101F00EFCF8690199012803D075
:10A910007B6A3846984740E7BA693F610BEB020013
:10A920004845786003D9306801F0E4FBF0E7A9EB13
:10A930000B039A420FD82B68002BE9D00023CDE9F6
:10A94000063B0897FFF7E6FD002328681A4606A98C
:10A95000FEF752F9DCE7D8F8000001F0CBFBD7E7AF
:10A96000F0AF002020B2002074B20020F4AF00202D
:10A9700000ED00E0F0B51F4C89B000F023F9256828
:10A98000F5B100F029F92068C0B1002407AA06A992
:10A9900005A8CDE9054400F0BDFDDDE90531022241
:10A9A000CDE900210293079A134914482346FEF784
:10A9B000BDFF134B1860001B18BF012009B0F0BD8C
:10A9C000104F114E384601F075FB304601F072FB16
:10A9D0000E4A0F4900950F4B17600E600E4A10216A
:10A9E0002020FEF765F820600028CAD00B49FEF74A
:10A9F00093FEC6E774B200203050040035A7030070
:10AA000078B20020F8B100200CB20020F0AF002096
:10AA1000F4AF002024B20020F8AF0020285004003A
:10AA20002DE9F04F074685B03020884616461D4672
:10AA3000FEF71CF80446A0B1DFF8849000F0C2F8DD
:10AA4000D9F800308BB100F0C7F80E9B6362C4E9FF
:10AA5000068627602562201D01F038FB002384F85C
:10AA60002C30204605B0BDE8F08FDFF858B0DFF895
:10AA700058A00393584601F01DFB504601F01AFB05
:10AA80000A4A0B49039B00932020C2F800B0C1F88A
:10AA900000A0084B084A1021FEF70AF8C9F8000088
:10AAA0000028D0D00549FEF737FECCE7F0AF0020F4
:10AAB000F4AF002024B20020F8AF0020285004009A
:10AAC00074B20020F8B100200CB2002050B5144E32
:10AAD000346885B0C4B10529CDE9001202900BDCC1
:10AAE000FFF718FD022812D0002330681A46694685
:10AAF000FEF782F805B050BD1A462046002369468D
:10AB0000FEF760FA05B050BD204605B050BD306874
:10AB1000089A00236946FEF76FF805B050BD00BFE4
:10AB200074B2002010B5044682B000F04BF86069A2
:10AB3000003818BF0120019000F04EF8019802B0D3
:10AB400010BD00BF402383F31188FEE730B46FF0DF
:10AB50000203084C40F80C4C4FF0807540F8045C40
:10AB600040F8081C40F8202C40F8243C30BC443805
:10AB7000704700BF45AB03000F4C08B5E02384F8D5
:10AB8000223000F07BF80D4B0D4A00211960D4F8FB
:10AB9000883043F47003C4F88830536843F040436E
:10ABA0005360236943F01003236100F069F94023E7
:10ABB00083F31188FEE700BF00ED00E07CB20020C7
:10ABC00030EF00E0402383F31188024A1368013319
:10ABD000136070477CB20020034A1368013B136086
:10ABE0000BB983F3118870477CB2002041DF7047B6
:10ABF00012DF704770B51D4B00221A6082B01B68CF
:10AC00000193019BEFF31186402383F311881849C8
:10AC1000184BD1F804451A601B680093009BFFF79E
:10AC2000E5F8201A20F07F4323F0010320F07F4550
:10AC30009BB96C1E6DB10025FFF7E6F8013C631C63
:10AC400045EA0005F8D125B10B4B4FF080525A6010
:10AC500040BF86F3118802B070BDFFF75BFC02288D
:10AC6000E7D0FFF7D1F80546EDE700BF40110140FE
:10AC7000001001400011014000ED00E00B4B0C49B9
:10AC800030B41F200B4DC3F8080501220224E02038
:10AC9000C3F804232A601A60C3F8444381F81103FF
:10ACA0004FF400330B6030BC704700BF0010014010
:10ACB00000E100E0081001402DE9F041054684B0B4
:10ACC000EFF3108272B6634CA36883B9624B63489A
:10ACD0000121A160D3F8801001402160C3F88000F9
:10ACE000D3F8841061604FF0FF31C3F8841002B9CB
:10ACF00062B65B4ED6F80485FFF7F0FB78B3594F88
:10AD0000594AAF4228BF2F4607EB080323F07F4381
:10AD100001214FF0000CC6F80813C6F84035C2F800
:10AD200000C0136801934FF480330198C6F80433D0
:10AD3000BFF34F8F25BBC6F80833156012684B4B25
:10AD40000392039A1D601B680293434B029AC6F854
:10AD500004134FF40032D6F80415C3F88021A36819
:10AD60005BB1EFF3108272B63B4B216819606168EA
:10AD700059600023A36002B962B604B0BDE8F08157
:10AD8000F1EE103A23F09F03E1EE103AF1EE103AA3
:10AD9000314D4FF480634022C5F8842103A8C5F8E3
:10ADA00084318DF80CC0FFF723FF9DF80C30002B89
:10ADB0004DD12B4620BFD3F80011D3F804210A430C
:10ADC000F8D0274B2848294A4FF48031C3F808139C
:10ADD00000210160006803900398116012680292DC
:10ADE00001220299C3F80423D3F804351A4AA3EBCD
:10ADF000080828F07F48474528BF47464FF40033EE
:10AE0000012FC2F8803120D9781EFEF7F5FF184BCC
:10AE1000DB68DA010FD5174A1368DB070BD5164B31
:10AE2000516803FB07F7A7F57427A7F51077BF0A4A
:10AE300001EB87175760FEF7E7FF00288FD00F4B15
:10AE40004FF080525A6040BF89E7F4D087E7FFF7A0
:10AE5000CDFEB6E740BC002000E100E0FC06FFBDEF
:10AE600000100140FDFFFF004011014000110140B2
:10AE7000F0ED00E0001000E040420F0000ED00E0C7
:10AE80000748006880F3088862B661B6BFF34F8F49
:10AE9000BFF36F8F4FF0E00080F3118800DF00BF39
:10AEA00000700200064B19680868B0E8F04F80F3A4
:10AEB0000988BFF36F8F4FF0000080F3118870474F
:10AEC000ECAE0020EFF30980BFF36F8F144B1A68CC
:10AED0001EF0100F08BF20ED108A20E9F04F10601F
:10AEE0004DF8043D4FF0400080F31188BFF34F8FC1
:10AEF000BFF36F8FFFF780F94FF0000080F31188E8
:10AF000008BC19680868B0E8F04F1EF0100F08BFC1
:10AF1000B0EC108A80F30988BFF36F8F704700BFD1
:10AF2000ECAE0020704700BF0A490B4A0B4B9B1A3E
:10AF300003DD043BC858D050FBDC094809494FF0F9
:10AF4000AD32026004300439FBD100F009FAECF7AD
:10AF50007FF900007075040000600020CC630020C1
:10AF600000F8032000080000FEE7FEE7FEE7FEE72A
:10AF7000FEE7FEE7FEE7FEE7FEE7FEE708B5002096
:10AF8000F1F7F2FBEDF7E4FD114BBBB1114B63B1EF
:10AF9000EDF702FA00F09CFAAFF30080EDF7FCF950
:10AFA00000F096FAAFF30080F2E7EDF7F5F900F064
:10AFB0008FFAEDF7F1F900F08BFAF6E7EDF7ECF91F
:10AFC00000F086FAEDF7E8F900F082FAF6E700BF44
:10AFD000000000000000000000B583B000F028FC75
:10AFE000FDF778FC0E4B019301230E4900934FF4BB
:10AFF000806200230C48FEF709FD4FF4407000F01A
:10B000008DFBFEF785FEBFF34F8F0849084BCA68DA
:10B0100002F4E0621343CB60BFF34F8F00BFFDE744
:10B0200080B20020385004007DAF030000ED00E046
:10B030000400FA0538B507480C461546F1F752FDED
:10B0400000B938BD2A4621460248BDE83840F1F72C
:10B050005DBC00BF54900020FDF7D8BCFDF7F0BCEC
:10B06000084A094908B513681844884202D8106094
:10B07000184608BD06F08CFB0C2303604FF0FF332D
:10B08000184608BDB061002000F80320114B1A7863
:10B09000EAB90178104810B40A464FF0804402F033
:10B0A0000102C1F34001C4F88015C4F87825026894
:10B0B000D20706D4E021012280F80013C0F88021D5
:10B0C0000260012205485DF8044B1A70704704487D
:10B0D000704700BF3CBC002000E100E00000AD0B69
:10B0E0000C00AD0B0C4B012230B4C3F88020BFF331
:10B0F0004F8FBFF36F8F094C094D0A490A4A00234D
:10B100004FF0804023604FF460742B60C0F8084318
:10B1100030BC0B601370704700E100E084B2002087
:10B1200088B200208CB200203CBC0020044B026896
:10B130004FF080414FF46070C1F808031A60704707
:10B140008CB200204FF080434FF46072C3F80423A8
:10B15000704700BF4FF080434FF46072C3F808237C
:10B16000704700BF044B4FF080414FF460700022E5
:10B17000C1F808031A6070478CB2002010B54FF078
:10B18000804386B0D3F80443620705D5D3F808217D
:10B1900003F58473002A4ED1A30603D52A4B1A68FF
:10B1A000002A3FD1600603D5284B1A68002A2FD108
:10B1B000210602D5264B1A680ABBE20502D5254BAB
:10B1C0001A6892B9A3050ED5234B1A685AB100220A
:10B1D0001A601A68214B0592059A1B68022006B076
:10B1E000BDE81040184706B010BD00221A601B4A87
:10B1F0001B68049301201368049A9847E2E7002033
:10B200001860164A1B6803931368039A9847D4E79B
:10B2100000221A60124A1B68029301201368029AE6
:10B220009847C5E7002018600D4A1B680193136812
:10B23000019A9847B6E700221A600A4A1B680093F1
:10B240001368009A9847A7E71401004018010040CE
:10B250001C01004020010040240100408CB200206D
:10B2600088B2002084B20020194BD3F8182102B90B
:10B2700070470021174AC3F81811D3F81811D37F6B
:10B2800082B0FF2B019101990DD0917F99B11F2BB5
:10B290008ABF11484FF0A04003F01F03012101FABB
:10B2A00003F3C0F80C35002353771372D2E9003151
:10B2B0000A4802B018471F2B8ABF07484FF0A0402A
:10B2C00003F01F03012101FA03F3C0F80835EAE790
:10B2D0000030024090B200200003005098B20020DD
:10B2E0001B4BD3F8182102B970470021194AC3F843
:10B2F0001811D3F8181192F8433082B0FF2B019146
:10B3000001990ED092F84210A9B11F2B8ABF1248A2
:10B310004FF0A04003F01F03012101FA03F3C0F82E
:10B320000C35002382F8413082F82C30D2E9093103
:10B330000A4802B018471F2B8ABF07484FF0A040A9
:10B3400003F01F03012101FA03F3C0F80835E8E711
:10B3500000F0024090B2002000030050BCB2002078
:10B36000534B1B685A1C16D0524A082B12680ED039
:10B37000514AD2F8883043F47003C2F88830BFF3E2
:10B380004F8FBFF36F8F4D4B4D4A1A607047032AA2
:10B390002CD9082288E04B4A4B4B12781B68082AAC
:10B3A0004FEA1313E4D113F00C0F1FD0454A464B5C
:10B3B00012781B68082A4FEA1313D9D113F00C0F27
:10B3C00027D0414B3F4A1B681278C3F30313082A66
:10B3D000CED1032BCCD84FF08043D3F80024D20732
:10B3E00044BF6FF00102C3F80024C1E7304A11687E
:10B3F0004FF080430022481CC3F80C21C3F81021F1
:10B40000C3F83825D2D02B4B08291A68B0D1032AAB
:10B41000BFD84FF080522D4BD2F80414C3F820153A
:10B42000D2F80814C3F82415D2F80C14C3F8281560
:10B43000D2F81014C3F82C15D2F81414C3F8301530
:10B44000D2F81814C3F83415D2F81C14C3F84015F8
:10B45000D2F82014C3F84415D2F82414C3F84815C0
:10B46000D2F82814C3F84C15D2F82C14C3F8501590
:10B47000D2F83014C3F85415D2F83414C3F8601558
:10B48000D2F83814C3F86415D2F83C14C3F8681520
:10B49000D2F840140648C3F86C15D2F84414026878
:10B4A000C3F87015511C8CD0024B1B688FE700BF8E
:10B4B000300100103401001000ED00E0B461002004
:10B4C0000090D003E00F00F0E80F00F000C0004053
:10B4D00008B5F1F74FF9054B4FF080525A6040BF65
:10B4E000BFF34F8FBFF36F8F08BD00BF00ED00E0CB
:10B4F000704700BF704700BF044B036010B4642363
:10B50000034C0C605DF8044B13607047D8B2002008
:10B510002CB30020054B036010B44FF48073044C2F
:10B520000C605DF8044B1360704700BFBCB4002092
:10B5300010B5002070B51F4D84B028684FF0FF3261
:10B5400003A9FDF7EDFD0028F7D0039C237A666878
:10B55000052B0CD8DFE803F02629211B1403D4E9BE
:10B560000523D4E90301E4690094B047039C2068F3
:10B5700010B1FDF765FA039C2046FDF761FADCE7A0
:10B58000D4E90523D4E90301B047039CEFE7D4E9EC
:10B590000412E068B047039CE9E7D4E90301B0472F
:10B5A000039CE4E7B047039CE1E7E068B047039CF5
:10B5B000DDE700BF14B900202DE9F043304B314DD9
:10B5C0005B6885B0C3F30803019001AF53B100235A
:10B5D000286839461A46FDF7F5FC012809D105B05F
:10B5E000BDE8F083286839466422FDF705FB012891
:10B5F000F5D0DFF89480D8F8000000224000042144
:10B60000FDF786FA06460028E9D0DFF88090D9F8E1
:10B610000000FEF773FAFFF7D5FA01E0FDF7ECFA48
:10B62000002203A92868FDF77BFD0446002364225D
:10B6300003A93046002CF1D12868FEF749F82E60A6
:10B64000FFF7CAFAD9F80000FEF718FBD8F8003067
:10B650000B4A28685B00C8F800305368C3F308033E
:10B66000394633B123462246FDF7ACFC05B0BDE8B0
:10B67000F0836422FDF7C0FA05B0BDE8F08300BF97
:10B6800000ED00E014B9002010B9002018B9002026
:10B690002DE9F8439DF8206005460F4690469946EF
:10B6A0009EB1B0000C30FDF7B1F9044658B100234B
:10B6B000C0F804800672036005B147B90EBB20468E
:10B6C000FFF77AFF0120BDE8F8831020EBE738464A
:10B6D000FDF79CF980462060D0B13A46294606F035
:10B6E000C5F8002EEBD0711EC9B209EB8101A9F19A
:10B6F000040252F8043FAB4208BFC2F800809142F6
:10B70000F7D1B200494604F10C0006F0AFF8D6E7D5
:10B710002046FDF795F94046D5E700BF70B54023B8
:10B720000B4D82B004460022184604212B60FDF721
:10B73000EFF9084D084B0193064602230093074991
:10B740002E60A2B200230648FEF760F902B070BD79
:10B7500010B9002014B9002018B90020405004008E
:10B7600035B503001A4B197809BB70B54FF4405337
:10B7700082B01B78102B1CD943F21002142B1268D4
:10B7800023D943F21401134B0C68134D1348A3FB48
:10B7900004139B0CA5FB046100FB134089094FF4C3
:10B7A0007A76A5FB005006FB1141800904E00848A9
:10B7B000704708460B460A46CDE90001084904488F
:10B7C00006F002FF024802B070BD08460B46F3E7E0
:10B7D0001CB9002083DE1B43D34D621040420F0092
:10B7E0004C50040008B5074803780BB1054808BD64
:10B7F0004FF0805304495A6E1B6E06F0E5FE014877
:10B8000008BD00BF3CB9002060500400BFF34F8F5B
:10B810000549064BCA6802F4E0621343CB60BFF3EC
:10B820004F8F00BFFDE700BF00ED00E00400FA0508
:10B830004FF08043194AD3F80014194830B411600E
:10B84000D3F80054D3F80024164C17492A43C3F800
:10B850000024D4F84025026001224FF40030C3F8E0
:10B8600018259A60C1F88000BFF34F8FBFF36F8F28
:10B870000E4C03F588334FF0A0454FF480304FF065
:10B88000FF31C3F84803C3F808035A609A60C5F84B
:10B890000815C4F8081530BC704700BF50B9002027
:10B8A00054B9002000A0004000E100E00003005077
:10B8B00008B54FF080434E22C3F81C25FFF7A6FFC2
:10B8C0002DE9F04F3E4D3F4CDFF800C1884681B076
:10B8D00007465FFA80FE05F11001A9462B4653F892
:10B8E000042BBFF35B8F5268BFF35B8FA2422CD057
:10B8F0009942F4D1324EDFF8CCA000245FFA87FBE6
:10B9000056F8043BBFF35B8F5B68BFF35B8F534517
:10B9100010D00134042CF3D12A4E002455F8040B26
:10B92000314600F05DFB70BB0134042CF6D101B050
:10B93000BDE8F08F56F8040C594600F05BFA002879
:10B94000E7D01FFA88F259462CE053F8040C1CF893
:10B950002E200668D6F860A592452BD0D6F864A5AF
:10B96000524529D0D6F868A5524527D0D6F86C653F
:10B97000B242BDD103211FFA88F2002301B0BDE815
:10B98000F04F00F0A7BA104B59F824001978FFB215
:10B9900000F022FA394659F8240000F02BFA394613
:10B9A0001FFA88F259F82400002301B0BDE8F04FD7
:10B9B00000F0C6BA0021DEE70121DCE70221DAE768
:10B9C000C0610020416C6F67B8610020A44F040083
:10B9D000F0B44B4B1D6882B00023082DADF8063043
:10B9E00005DD0A2D00F385800A26012300E00826E4
:10B9F000444C454AC4F8F03501270023DFF814C150
:10BA00004249C4F80075C4F81435C4F81035C2F8BA
:10BA10001435C2F81035C2F82435C2F82035C2F802
:10BA20003435C2F83035C2F84435C2F84035C2F872
:10BA30005435C2F85035C2F86435C2F86035C2F8E2
:10BA40007435C2F87035324ADCF800300968126883
:10BA5000DFF8C4C01B02090301F4805103F4E06362
:10BA600012040B4302F4E0229CF80010134343EA53
:10BA700001630DF10602C4F818352146C4F8140517
:10BA8000C4F81005C4F82C26C4F830762760D1F825
:10BA90000031002BFBD0002001231A4AC1F800011D
:10BAA0004B60D2F80431002BFBD000200123154954
:10BAB000C2F804019360D1F81431002BFBD00023AD
:10BAC000C1F81431BDF80620120448BFADF80630A5
:10BAD0000C4B0022C3F80025BDF80600B54200B2A9
:10BAE00004D035BF751BAD1BE840A84002B0F0BCC8
:10BAF00070470D2DB5BF0C260E260223032377E7D2
:10BB0000BC610020007000401070004060B900204F
:10BB100064B900205CB9002058B90020014B1860BE
:10BB2000704700BFBC61002002381549042822D8A4
:10BB3000DFE800F0090F151B0300124B0120022261
:10BB400008601A6070470F4B0020012208601A60DD
:10BB500070470C4B0020022208601A607047094BA6
:10BB60000020032208601A607047064B0020042260
:10BB700008601A607047034A00230B601360704727
:10BB800060B900205CB90020202816D8144B53F867
:10BB90002030023B1D2B10D8DFE803F01E201416C6
:10BBA0000F0F0F0F0F0F0F0F0F0F0F0F0F0F0F0FA5
:10BBB0000F0F0F0F0F0F181A1C11002070470820CD
:10BBC000FFF706BF0320FBE70420F9E70520F7E7AE
:10BBD0000620F5E70720F3E70120F1E70220EFE771
:10BBE000A44F040020281BD83C4B53F820301F2BB7
:10BBF00086BF3B4A03F01F034FF0A0420E290FD827
:10BC0000DFE801F0655F59534D474039322B241D61
:10BC1000160F080003F5E07340F2037142F8231099
:10BC2000704703F5E07340F2036142F82310704758
:10BC300003F5E07340F2035142F82310704703F517
:10BC4000E07340F2034142F82310704703F5E073BC
:10BC500040F2033142F82310704703F5E07340F2DD
:10BC6000032142F82310704703F5E07340F20311FB
:10BC700042F82310704703F5E0734FF4403142F867
:10BC80002310704703F5E0734FF4003142F823109E
:10BC9000704703F5E073134942F82310704703F52A
:10BCA000E073114942F82310704703F5E073042153
:10BCB00042F82310704703F5E0730C2142F823107B
:10BCC000704703F5E073032142F82310704703F532
:10BCD000E073002142F82310704700BFA44F040016
:10BCE00000030050040002000C00030020280FD8BD
:10BCF0000B4B53F820301F2B86BF0A4A03F01F035B
:10BD00004FF0A04229B1012101FA03F3C2F808352E
:10BD10007047012101FA03F3C2F80C35704700BFE8
:10BD2000A44F040000030050202818D80D4B53F8EE
:10BD300020201F2A8ABF0C494FF0A04102F01F02A9
:10BD4000D1F8140501239340034214BFD1F8042510
:10BD5000D1F81025134214BF0120002070470020A5
:10BD6000704700BFA44F040000030050202817D8DC
:10BD70000D4B53F820101F298ABF0C4A4FF0A042E8
:10BD800001F01F01D2F8140501238B40034214BFB8
:10BD9000D2F80415D2F810150B4202D1C2F80835BA
:10BDA0007047C2F80C357047A44F040000030050E0
:10BDB00030B401600022BFF35B8F4260BFF35B8F42
:10BDC00001688260FF254FF0FF340582C2608274F3
:10BDD000C1F8644530BC70470F294FF0010228BFFD
:10BDE0000F2102FA01F14B1E02689BB20382C2F8D6
:10BDF00008357047F8B50C460368354ED3F8601522
:10BE000016F824208A4223D0D3F864158A421FD022
:10BE1000D3F868158A421BD0D3F86C158A4217D024
:10BE2000D3F86025002A054614DBD3F86425002AE0
:10BE300048DBD3F86825002A46DBD3F86C35002BA5
:10BE400044DB0020F8BDD3F86C1500292EDA6ABB5C
:10BE50000120F8BD002701212046FFF7C3FE002185
:10BE60002046FFF743FF2B6856F82410D3F800252F
:10BE7000FAB107F5AC7000220437C3F8002543F887
:10BE80002010012125F81720C3F80015D3F86025EC
:10BE9000D3F86415D2430029D3F868154FEAD2725B
:10BEA000A8BF01320029CEDBD3F86C2501209860B1
:10BEB000F8BD07F5AC70043743F8201025F81720BB
:10BEC0000120F8BD0127C6E70227C4E70327C2E720
:10BED000A44F0400032931D830B463B3036804319C
:10BEE000D3F8004520F811200CBB028AC3F80445A2
:10BEF000C3F80825827CC3F80C25083002250421EC
:10BF00000122C3F81055C3F81445C3F82005C3F83F
:10BF10002415C3F82845C3F82C45C3F84045C3F899
:10BF20004445C3F84845C3F84C45C3F800250120F3
:10BF300030BC9860704742F40042CFE70020704761
:10BF400030B4264D046815F82110D4F860558D42A0
:10BF50000ED0D4F864558D423AD0D4F86855A94231
:10BF600038D0D4F86C558D4236D0002030BC7047A4
:10BF700000210BB942F40042D4F80035043120F816
:10BF800011200BBB028AC4F80435C4F80825827C52
:10BF9000C4F80C250830022504210122C4F81055EC
:10BFA000C4F81435C4F82005C4F82415C4F828359D
:10BFB000C4F82C35C4F84035C4F84435C4F84835C5
:10BFC000C4F84C35C4F800250120A06030BC70478F
:10BFD0000121CEE70221CCE70321CAE7A44F0400E8
:10BFE000214B5B6809B90020704710B4BFF35B8F29
:10BFF0004368BFF35B8F994200F1040416D0BFF38E
:10C000005B8F4368BFF35B8F83B90368D3F8602508
:10C01000D3F86405D2430028D3F868054FEAD272FA
:10C02000A8BF0132002805DBD3F86C3500205DF88D
:10C03000044B7047D3F86C050028F7DA002AF5D1D5
:10C04000D3F80035002BF1D1BFF35B8F54E8003FEC
:10C05000002B03D144E80012002AF7D1BFF35B8F15
:10C060000CBF01200020E2E700ED00E008B509491F
:10C070000948FFF79DFE09490948FFF799FE09495C
:10C080000948FFF795FEBDE8084008490848FFF752
:10C090008FBE00BF00C0014068B900200010024000
:10C0A0007CB900200020024090B9002000D002405E
:10C0B000A4B9002000F108034FF0FF310022C0E9CD
:10C0C0000333816002604360704700BF0023036157
:10C0D000704700BF4368026810B49C688C609C681D
:10C0E0004B600132616099605DF8044B0861026049
:10C0F000704700BF30B40D686B1C10D000F108030E
:10C100001C465B681A68AA42FAD902684B60013281
:10C1100099608C606160086130BC0260704704699E
:10C120006368F2E7036910B4D0E901125C688A60C1
:10C130008442516008BF5A601A685DF8044B0021C0
:10C14000013A01611A601868704700BFF0B50546F2
:10C1500099B01F4600230E46144605A8194603222F
:10C16000D5F8D05001F062F938BB0146AD00082384
:10C1700003AA05A8CDE9034501F098F9E8B96119CA
:10C1800005A801F0B7F9C0B937B9234610223146E6
:10C1900005A801F0C7F980B905F1100302A90191C2
:10C1A00000941946324605A8029301F0F9F9044BB0
:10C1B000002818BF184619B0F0BD014819B0F0BDED
:10C1C000360CF0002DE9F04F864C80469E460F4617
:10C1D00094460FCCB7B00DF11C0A55460FC594E834
:10C1E0000F0004F1100685E80F000FCE0FAD0FC54C
:10C1F00096E80F00303485E80F000FCC17AD0FC55F
:10C200000FCC0FC594E80F00D8F8D040CDF80CE063
:10C21000042C85E80F0001D0082C6BD1409A231D17
:10C22000B2EB830F4FEA830B03D06F4837B0BDE802
:10C23000F08F07EB0C019CFA8CF30CF118060CF153
:10C2400009003B609BFA8BF5802326F00F06321A1B
:10C250007D6038440B72002101F09CFD409B1B095E
:10C26000ABF1100B00F0BB80042C47D0DDF80C9034
:10C27000CDF808B04B4617ADB1464FF0000823ACDF
:10C28000BB461E4624E0029FCDF814A0069701F09D
:10C290000DF903462946204610353BBB01F02AF92B
:10C2A00084464FF0100E4B465A4649462046BCF194
:10C2B000000F1BD10DEB0E07CDE90067CDF810E0A4
:10C2C00001F06EF9103688B9409BB8EB131F58D2B5
:10C2D000002319460222204601F0A8F8014608F181
:10C2E0000108082305AA20460029CCD03F4837B0D2
:10C2F000BDE8F08F3E4837B0BDE8F08FDDF80C9018
:10C30000CDF808B033460FAD4E464FF0000823ACD1
:10C31000BB46994626E0029FCDF814A0069701F08F
:10C32000C5F80346294620461035002BDED101F022
:10C33000E1F884464FF0100E4B465A4649462046D7
:10C34000BCF1000FD2D10DEB0E07CDE90067CDF89F
:10C3500010E001F025F910360028C7D1409BB8EB5A
:10C36000131F0ED2002319460222204601F05EF868
:10C37000014608F10108082305AA20460029CAD071
:10C38000B4E7DDF808B0039D0023194601222046DA
:10C39000CDE9055B01F04AF801460028A6D1082343
:10C3A00005AA204601F082F800289FD105EB0B0179
:10C3B000204601F09FF80146002897D1409A284670
:10C3C00001F0E8FC409B009540A901912A462046D7
:10C3D000194601F0E5F800283FF428AF86E723ACC2
:10C3E000D1E700BFDC500400230CF000360CF00055
:10C3F000210CF0002DE9F04F2DED028B164687B091
:10C4000007321C46D308129D0393002800F0BC801D
:10C410000F46002900F0BF80002C54D0BDF80C104E
:10C420008046204600F0BCFF0228064640F2AA8063
:10C4300003285DD12378032B40F2A480039B681C62
:10C44000591E0123019301F0A7FC019B0493019B5A
:10C4500076429AB206F007064FF0FF0A4AFA06FA49
:10C4600008EE102A5E1E4FF6FF72103B5FFA8AFA42
:10C470002E440292059318EE101A2A464046B847F9
:10C4800000287DD133780AEA03033370049B102B14
:10C4900040D0BDF8043022461946284600F0ACFED4
:10C4A000022852D0029B013B0293E4D13E4B0399F8
:10C4B0000193284601F070FC019B184607B0BDECC3
:10C4C000028BBDE8F08F99B22A461C46B847034656
:10C4D0000028ECD1611E70076A5C42F080025CD1DA
:10C4E0006A540023184607B0BDEC028BBDE8F08FFC
:10C4F000039B00F10709A3EBD90105EBD90001F07B
:10C500004BFC4FEAD903B9F1870F019388BF102381
:10C5100004939CE7059B05EB030904EB030B07E081
:10C52000002BB6D0B84758BB33780AEA0303337000
:10C53000102319465A46484600F05EFE0346022B79
:10C540004A464FF010014046EAD1019B002BC8D06B
:10C55000013DE918012315F8012F13448D422B707A
:10C560004FEA2323F7D1019B013C2344022214F814
:10C57000011F0A449C4222704FEA2222F7D1B0E701
:10C58000034694E7094B92E7094B184607B0BDEC08
:10C59000028BBDE8F08F074B8FE7764206F0070667
:10C5A00032416A5489E700BF010CF000320CF00000
:10C5B000250CF000140CF0002DE9F0438FB08846F4
:10C5C00007A91746044601F0A5FA054600284ED1F2
:10C5D000D4F8D050042D01D0082D4ED1D4F8C43059
:10C5E0000C2B62D8B8F1000F45D02E1D760106AA9B
:10C5F00004ABCDE90032029707A905AB0022204623
:10C60000059600F0DFFD00283CD1069B0498D4F885
:10C61000C42023F00303083304F184091844920072
:10C62000494601F0B3FBD4F8C400069A04992B1DC7
:10C630009E0002EB800200964B4620460692FFF7D2
:10C64000C1FD054650B9B8F1010F33D0034622466B
:10C6500049462046FFF77AFDB0B105462046E42161
:10C6600001F09AFB38464FF4BF5101F095FB284684
:10C670000FB0BDE8F0836E01B9E71B4D28460FB03F
:10C68000BDE8F083194DE9E7D4F8D430012243F036
:10C690000103C4F8D430C4F8CC2000234846C4F8C1
:10C6A000C430402101F078FBDCE7114D28460FB083
:10C6B000BDE8F0833146204601F06EFB2B46224652
:10C6C00049462046FFF742FD0028C6D1D4F8D430B1
:10C6D000084AC4F8CC8023F4803343F00103C4F843
:10C6E000D430C4F8DC20D8E7210CF000260CF00090
:10C6F000040CF000CDAB23012DE9F04F9DB00028D4
:10C7000000F03B811646002A00F03D810D4621B91C
:10C710008B4658461DB0BDE8F08FB14F04464FF030
:10C72000FF31386801F058FB002840F01981AD4B0B
:10C73000D4F8DC209A4216D0DFF8B8B22946304649
:10C7400001F02AFBD4F8C430002B40F00D8138688A
:10C7500001F05CFB0028DCD0A34801F0EBFA58465E
:10C760001DB0BDE8F08FD4F8D430DA0740F10E8167
:10C77000D4F8CC30113300F20F81D4F8D080B8F166
:10C78000040F05D0B8F1080F02D0DFF86CB2D5E77E
:10C79000D4F8C4200C2A00F2FC8004F14003029378
:10C7A00004F1840A002A00F0FD809200514604F151
:10C7B000480001F0EBFAD4F8C420029908F1040310
:10C7C0009B000093920053462046FFF7FBFC8346F4
:10C7D0000028B3D10346224651462046FFF7B6FC57
:10C7E00083460028AAD104EB88090122D9F80C302D
:10C7F0001BBA9B181BBAC9F80C304FEA880B16D32A
:10C80000D9F808301BBA9B181BBAC9F808300ED3E8
:10C81000D9F804301BBA9B181BBAC9F8043006D3E8
:10C8200054F828301BBA13441BBA44F828300023AC
:10C8300009A81946032200F0F9FD002840F0AF8056
:10C840000146082307AA09A8CDE9074B00F02EFEF0
:10C85000002840F0A480494609A800F04BFE0028BB
:10C8600040F09D80614AD4F8D4301A4200F0A28092
:10C870002B0915F00F0B049300F0998001330493FA
:10C88000CDF80CB05B469D420DD0EA1A11463046F9
:10C89000059201F081FA059A3346314609A800F065
:10C8A00041FE00287BD104F1300B1022029859463A
:10C8B00001F06CFA5846102101F06EFA102306A917
:10C8C0000191CDF800B009A85A461946069300F028
:10C8D00067FE002863D1039AA81A3044594601F034
:10C8E00055FAD4F8D430DB0509D45A460298049B93
:10C8F000314600F0CBF9834600287FF41FAFD9F80A
:10C900000C30049A1BBAD3181BBAC9F80C3017D3D1
:10C91000D9F8083001221BBA9B181BBAC9F8083095
:10C920000ED3D9F804301BBA9B181BBAC9F80430CF
:10C9300006D354F828301BBA13441BBA44F82830E5
:10C940005146012322462046FFF700FC834600287B
:10C950007FF4F4AED4F8CC300133C4F8CC30F1E637
:10C96000234801F0E7F9E2E60023C4F8C43004F1FB
:10C970008400402101F010FAE9E6DFF880B0584663
:10C980001DB0BDE8F08FDFF878B0C2E6DFF874B014
:10C99000D4E6DFF874B0D1E6DFF870B0CEE6DFF8A9
:10C9A00070B0CBE65046402101F0F6F91BE71023AA
:10C9B000039368E704F1300318461021039301F054
:10C9C000EBF9039B1022194609A800F0ABFD0028E3
:10C9D000E5D1D4F8D43043F48033C4F8D43047E7F9
:10C9E0004CBC0020CDAB23018450040000010100A9
:10C9F0006C5004000E0CF000210CF000270CF0002D
:10CA0000000CF000080CF000040CF000070CF00023
:10CA1000360CF00070B5002849D00D46002943D0EF
:10CA2000244E04464FF0FF31306801F0D5F990BB39
:10CA3000002001F021FA50BB20462A460121FFF7D1
:10CA4000BBFD0446012001F017FAB8B9306801F0C7
:10CA5000DDF950B9012001F00FFA08B9204670BD88
:10CA6000154801F067F9204670BD144801F062F9DD
:10CA7000012001F001FA0028F0D0F1E70E4801F0A2
:10CA800059F9306801F0C2F90028E3D0EDE70C480D
:10CA900001F050F9D0E70B4801F04CF9002001F00B
:10CAA000EBF90028C8D0F2E7074C204670BD074CD0
:10CAB000204670BD5CBC0020BC50040084500400C3
:10CAC0009C5004006C500400200CF000250CF00079
:10CAD00000284CD0F0B50D4689B0002938D0044666
:10CAE000E42101F059F901A9204601F013F810B131
:10CAF000204809B0F0BD204F4FF0FF31386801F0F9
:10CB00006BF980BB002001F0B7F940BB01A92A46B0
:10CB1000204600F063FB0646012001F0ADF9D0B9D4
:10CB2000386801F073F978B9002EE1D12046E4218C
:10CB300001F032F929462046FFF76CFF0F4B002821
:10CB400018BF184609B0F0BD0D4801F0F3F8EBE747
:10CB50000C4809B0F0BD0C4801F0ECF8E0E70B48D8
:10CB600001F0E8F8D2E70A4801F0E4F8CAE709481A
:10CB7000704700BF110CF0005CBC0020120CF000EC
:10CB800084500400200CF000BC5004009C500400B1
:10CB90006C500400250CF00030B4029D4DB1064DE0
:10CBA000941EAC4202D830BCFFF724BC034830BC12
:10CBB0007047034830BC7047FDFF0700310CF000A0
:10CBC000300CF00038B504464FF4806001F040F9B5
:10CBD000054D06480649074A00232B6003600B6891
:10CBE0002360136038BD00BFC8B102502CB10250A1
:10CBF00004B1025008B102500138072805D8DFE817
:10CC000000F00A0E041204040406094870478B69F8
:10CC10008B6000207047CB688B60002070470B69E9
:10CC20008B60002070474B698B600020704700BF0D
:10CC3000310CF1000B6802E0082B0B6006D842684B
:10CC400013424FEA4303F7D0002070470048704773
:10CC5000310CF100084B094A002119601368002BC0
:10CC6000FCD107480749084A03604FF480604FF041
:10CC7000FF330860136070472CB1025010B90250A6
:10CC8000C4B1025008BA025008B10250012BF8B5E5
:10CC900016461CD010221D460C4601F05FF8E0B18C
:10CCA000AF1E314604EB0710102201F057F8A0B177
:10CCB000022D0ADD0025204610342146102201F005
:10CCC0004DF8013548B1BD42F5D10020F8BD1146FF
:10CCD000102201F043F80028F7D10148F8BD00BF49
:10CCE000020CF000002877D0F8B50C46002971D06E
:10CCF0001D46002B6ED0064622B1012200232A6079
:10CD0000C0F8D8302B68002B62D029462046FFF7A8
:10CD100091FF00285BD128682146FFF76DFF0028AE
:10CD200055D1364B3649374A01271F609C460F6064
:10CD3000CCF80070A368136011688B42F8D1324FB1
:10CD40003249334A334B4FF0000CC7F800C0042778
:10CD50000F600A2111606FF03A021A60079B012BE5
:10CD60004FF080533AD0D3F8002C013243D0D3F89F
:10CD7000002C294BA3FB02321209A368274C284937
:10CD8000284F03FB02F303EB4303DB039B09236000
:10CD9000254B2C680C601A60069A244C3A604FF4BC
:10CDA0008062226001224FF0FF3441F8C44C43F806
:10CDB0000C2CD6F8D8302A6823F07F4343EA02636C
:10CDC000C6F8D8302A6843EA0223C6F8D830F8BD3E
:10CDD0001748F8BD1748F8BD16487047D3F80C2C13
:10CDE000013206D0D3F80C2C0B4BA3FB0232FA40D5
:10CDF000C3E71622C1E70622BFE700BFC4B1025055
:10CE000040B1025030B102502CB102500CB102506E
:10CE100038B1025000B10250ABAAAAAAD8B1025050
:10CE2000CCB10250D0B10250D4B1025008BA025075
:10CE3000310CF100350CF100F0B4C900002401F10F
:10CE4000FF3C2646274606E09F4216D00126654550
:10CE500019D82C461F46630904F01F0150F82330EF
:10CE60001F2923FA01F304F1010518BF03F00103A0
:10CE7000002CE9D101263546EBE701369642E6D192
:10CE80000248F0BC70470020F0BC7047360CF1003F
:10CE9000002861D02DE9F0414C1EB4F5047F27D263
:10CEA00033B32AB3CD00012B05F1FF3E30D0002172
:10CEB0008C460F460E4603F1FF384C0901F01F0562
:10CEC00050F824401F2D24FA05F418BF04F0010483
:10CED00021B90126B44631462746EEE7B34213D0C6
:10CEE000A74201D10CF1010C464504D1624502D2A2
:10CEF0001A48BDE8F0813C4601318E4506F1010635
:10CF0000EAD20020BDE8F08100264FF0010CF3E7E3
:10CF10000026B44637463446610904F01F0350F832
:10CF200021101F2B21FA03F118BF01F001013CB1C0
:10CF30005FB98C4501D0614608E00136614605E0E5
:10CF4000012634468C460127E6E73E46B242CFD35F
:10CF50000134AC42F6D1D4E700487047370CF100F9
:10CF60002DE9F04F89B01D46149BDDF84CA0044616
:10CF70000E4617464BB94FF08053D3F8002C0132C0
:10CF800000F0A980D3F800BC08E04FF08053D3F83C
:10CF90000C2C013200F0A280D3F80CBC7C480AF5BE
:10CFA000C1622A60129A00234FF0FF31136000F033
:10CFB00013FF002840F08680764A774B774910604F
:10CFC0000432196013680693069BD907FAD5714A93
:10CFD000714B002111601B6807930432136807939B
:10CFE000079BDB07FAD56C4B6D4A1B680793DDF88E
:10CFF0001C9013680793079BD807FAD5644800F084
:10D0000005FF00285AD1654B994540F0B680D4F809
:10D01000D43013F400790ED1D90512D52B68129AA9
:10D020001B6813603BB1D4F8D4309B055BD54846F0
:10D0300009B0BDE8F08FDFF87C91484609B0BDE843
:10D04000F08F002F00F08780564A574B1168B26866
:10D050001B689A4245D10A2943D194F8DB300593E5
:10D060000AF5C26A042500274FF0805804A8FFF78C
:10D07000A9FD0498820602D510F01A0039D0D4F820
:10D08000D810059A0B0A03F47F030B4323F07F4368
:10D09000082AC4F8D83077D0149B4FEA420CCDE967
:10D0A0000073002205AB31462046CDF814C0FFF7CF
:10D0B00019FE00285FD1013DD8D1B4E73B4800F00C
:10D0C00039FEA0E73A48DFF8F09000F033FE48461A
:10D0D00009B0BDE8F08F4FF0900B5FE74FF4047B91
:10D0E0005CE7DFF8D890FFF7B5FD484609B0BDE82A
:10D0F000F08F129B5246C3F800B0594600F03CFD39
:10D10000002838D1D8F8043C129A013318BFD8F857
:10D11000043C116808BF51230293D8F8083C01333E
:10D120002ED0D8F8083C03934B1EB3F5047F0FD2E2
:10D13000029A02915046FFF77FFE48B90299039A7E
:10D140004FF480635046FFF7A3FE00283FF46BAF17
:10D15000129B1F6093E723F00F03C4F8D430149B95
:10D160000122CDE90093314605AB2046FFF7BAFD19
:10D1700000283FF475AF814655E7DFF83C9056E74D
:10D1800040F237330393CFE7DFF834904BE700BF2B
:10D1900064BC002004BF025000BF025012FA12FA11
:10D1A00008BF025038B1025030B102508450040020
:10D1B0006C500400330CF000350CF000300CF10022
:10D1C000320CF10030B4DDE90234049D02940024F5
:10D1D000CDE9035430BCFFF7C3BE00BF10B586B025
:10D1E00005AB0124CDE901240093002204ABFFF735
:10D1F000B7FE06B010BD00BFF0B4441831B114F84A
:10D20000015D4E1E15B931460029F8D1D41833B14D
:10D2100014F8015D5E1E45B93346002BF8D10D1E92
:10D2200018BF01252846F0BC70478B4222D325D871
:10D230004C1EA64228BF2646002E23DB0136941939
:10D240000025821904E0012D38BF012590420BD042
:10D2500012F8016D14F8017DB742F4D3F6D9002D10
:10D2600008BF02259042F3D18B4218BF0025284603
:10D27000F0BC704701252846F0BC704702252846BF
:10D28000F0BC70470025EFE79942F0B50DD801EBEF
:10D2900003044FEA540467D3002C7DD04FF0000CF8
:10D2A000171F2146051F624632E003F1804C0CF146
:10D2B000FF3C051F002600EB8C0C05EB810E34466D
:10D2C0005CF8047FE64546EA0706F9D116F1FF3718
:10D2D00044F1FF3C6FEA0C0C99420CF0010C3ED279
:10D2E00001F1804E0EF1FF3E171F02EB8E0507EB9A
:10D2F000830355F8042FAB4246EA0206F9D116F132
:10D30000FF3644F1FF32D24302F0010291B3051F10
:10D31000002305EB810E28463C46194650F8046F61
:10D3200054F8045FAE4218BF002103F0010318BF98
:10D33000002388BF41F0010138BF43F00103864557
:10D34000ECD1A9B182F00100BCF1000F00D108407E
:10D350008CF0010402B91C4000EB4400F0BDC3B1E5
:10D36000171F19460022D3E700263446B446B7E714
:10D37000002BE7D1BCF1000F03D132B16046144657
:10D38000EAE782F001000023E2E710461346144664
:10D39000E1E760461C46DEE720462346DBE700BFA8
:10D3A0004218084630B112F8013D411E1BB908462B
:10D3B0000028F8D170471A064FEAC00018D4590661
:10D3C00000F1FF3215D49906A0F1020211D4D9065A
:10D3D000A0F103020DD41907A0F1040209D45907E2
:10D3E000A0F1050205D49B07A0F1060201D407387D
:10D3F00070471046704700BFA1B100EB810001E00B
:10D4000001390FD050F8043D002BF9D04801A0F1AC
:10D41000200202E00138904206D0002B4FEA43037D
:10D42000F8DA704708467047704700BF78B3032AA0
:10D4300070B50E461546044601D9052A1CD1012EA9
:10D4400018D8ABB9022D19D0052D17D04C21204684
:10D4500000F0A2FC052D88BF4FF0FF3213D9002049
:10D460000123C4E90826C4E90B00C4E90D3370BDEB
:10D47000094870BD094870BD094870BD56B94C21B6
:10D48000204600F089FC074B53F82520E7E74FF4CE
:10D4900070007047044870BD0E00F0000600F000F8
:10D4A0000200F0004C5104001200F000C8B110B5A9
:10D4B0000C4682B18CB9082B0DD15368102B0ED1BC
:10D4C000136843B101238362D2E90012103000F0E7
:10D4D0005DFC204610BD044810BD044810BD044842
:10D4E00010BD4FF4700070470400F0000500F0001C
:10D4F0000300F00070B108B5036A013B022B05D8A8
:10D5000031B1102200F042FC002008BD034808BDE4
:10D51000034808BD4FF47000704700BF0200F000E0
:10D520000100F00038B349B31AB338B512F00F0553
:10D530001BD1046A24F00404032C01D003B31D465C
:10D5400013462A4601F022FE58B1A0F571000528C5
:10D5500018D8052816D8DFE800F005030A030308E9
:10D560000A4838BD4FF4700038BD094838BD094835
:10D5700038BD074870474FF4700070470648704741
:10D58000064838BD4FF4750038BD00BF0200F000FA
:10D590000A00F0000600F0000800F0000900F000AA
:10D5A000F8B5079F48B30E460546002A35D0994284
:10D5B00039D8002F41D02B6A23F0040103290699A2
:10D5C0001FD0002932D03968B14233D3300703D09D
:10D5D000012B1CD8EB6A23B311463346069A284622
:10D5E00001F0E0FE044660B3A0F57104052C37D8C5
:10D5F000DFE804F00310251010174FF470042046E4
:10D60000F8BDA9B139680F2914D93107E4D0032B2B
:10D61000E2D1DFE7144C2046F8BD0029C9D0134CF5
:10D62000EDE7134CEBE7134C2046F8BD002ED3D0AA
:10D63000114CE4E7114C2046F8BD114CDFE7114CCA
:10D64000DDE72B6A23F00403032B01D03E60D6E70D
:10D6500006982946102200F099FB10233B60CEE784
:10D660004FF47504CBE700BF0200F0000800F000A3
:10D670000A00F0000C00F0000900F0000D00F000BE
:10D680001100F0000600F0002DE9F84F1E460A9B3D
:10D69000002B6AD00D4600296FD0044600287DD0AB
:10D6A000022E5ED816B10B9B002B79D0D4F8B8723D
:10D6B000B7F5107F4CD8D4F8BC127B1C994247D8E0
:10D6C00095F80090B9F1070F53D8B9F1050F50D074
:10D6D00009F006030737022B4FEAD7073CD07B003F
:10D6E000013393423BD10A9807F1030B4FF45D716C
:10D6F00000F1040A2BF0030800F04EFB41465046AF
:10D700003B466A1C00F002FC002838D14FEA9B0B14
:10D710005B46594622465046FFF7B6FD022855D1D2
:10D7200019F0040F3ED10A9B214603F194004FF4F7
:10D73000377200F02BFB4946504600F06DFC044662
:10D74000002845D1022E45D00A9A264B13601CE0D2
:10D75000254C2046BDE8F88F7B1C9342C3D0234C58
:10D76000F7E7234C2046BDE8F88F224C2046BDE861
:10D77000F88F214C2046BDE8F88F204CE9E7204C7B
:10D780000A984FF45D7100F007FB0B9B002BE0D073
:10D790004FF46371184600F0FFFADAE7194CD8E746
:10D7A000194CD6E70A9B7A1C4C33414618469846DA
:10D7B0002A443B4600F0AAFB0028E0D140465B46E5
:10D7C00059462246FFF760FD0228ACD00C4CC0E75A
:10D7D0000E4CD5E70B99504600F0FCFC0028B3D066
:10D7E0000446CDE7010000EC9508F0000F08F000BA
:10D7F0001108F0000E08F0000708F0000D08F00016
:10D800001008F0000208F0001208F0003008F000E4
:10D810002DE9F04383B0019300283DD01646002A3D
:10D8200067D002681F46354B9A4204461BD18FB31E
:10D83000052914D0072912D8D0F84C33C56C21F033
:10D84000020203F10709042A03F11F034FEAD90971
:10D850004FEA531305F0010522D0022907D02848CA
:10D8600003B0BDE8F083274803B0BDE8F0833A6811
:10D8700009F1010842453ED3304645F0020500F863
:10D88000015B9B00221D494600F096FB48BBC7F890
:10D890000080E5E71C48E3E71C4803B0BDE8F083DF
:10D8A0003A684FEA490808F10108424523D30429A0
:10D8B00030460CBF0D4645F006059B0000F8015BA5
:10D8C000221D4946019300F077FB50B909F1010090
:10D8D000019B04F14C023044494600F06DFB0028E6
:10D8E000D5D03046396800F057FA002308483B602D
:10D8F000B6E70848B4E70848B2E700BF010000EC0B
:10D900001508F0001A08F0001708F0001408F000DD
:10D910001B08F0001608F0001808F0002DE9F04789
:10D9200082B0DDE90A98002A5CD01D46002B5ED04B
:10D93000B9F1000F5DD0B8F1000F5CD007460028A8
:10D940005BD08A46002948D0144618464FF44C71E3
:10D9500000F022FA4FF45D71484600F01DFAD4F849
:10D96000BC621F367609B200013E04F1D801404680
:10D9700005EB860600F00AFA002373602B1DD4F82D
:10D98000BC220093514638464346FFF705F9064648
:10D99000C8B128464FF44C7100F0FEF948464FF4E8
:10D9A0005D7100F0F9F90C9B23B140F6681118463F
:10D9B00000F0F2F940464FF4537100F0EDF93046B3
:10D9C00002B0BDE8F087204643464A46294602F0A9
:10D9D0006DFE06460028E6D0DBE7094E304602B071
:10D9E000BDE8F087074E304602B0BDE8F087064E2E
:10D9F000E5E7064EE3E7064EE1E7064EDFE700BF48
:10DA00009008F0000208F0000308F0000408F0009D
:10DA10000508F0009108F0002DE9F041002940D000
:10DA200016461F460A682B4B9A420C4631D10546D2
:10DA300000283AD00268013B9A422ED1002E45D0F0
:10DA4000002F45D0069BB3B300F194014FF4377219
:10DA500004F1500000F082F90435211D68BBD4F8B0
:10DA600008333A680733B2EBD30F4FEAD3081ED31B
:10DA7000069B2846324600F0DDFB0446F8B9C7F89D
:10DA8000008006984FF4537100F086F92046BDE8F7
:10DA9000F081114C2046BDE8F081104C2046BDE8D5
:10DAA000F0810F4C2046BDE8F0810E4CF2E70E4CA1
:10DAB000C7F80080EEE70D4CECE70D4CEAE739685B
:10DAC000304600F069F900233B60DAE7094CE1E7F2
:10DAD000094CDFE7020000EC3408F0003208F000E7
:10DAE0003308F0003108F0003808F0003708F00083
:10DAF0003A08F0003508F0003608F0000B2804D88A
:10DB0000034B53F8203003B118470020704700BF83
:10DB1000C052040030B5042285B00123C0F8D020E3
:10DB20000B6068460023CDE90033CDE902330C4693
:10DB300000F04EF80546C8B9DDE90030DDE9021213
:10DB4000E360003BC4E9040118BF0123A26108B1EE
:10DB500043F0020309B143F004030AB143F00803A0
:10DB6000002228466360A26005B030BD014800F085
:10DB7000E1F8E1E76451040030B585B004460D4694
:10DB8000104803924FF0FF3100F026F9039A68B96C
:10DB9000204600950123002101F0E6FF04460948D4
:10DBA00000F034F938B9204605B030BD064800F021
:10DBB000C1F8039AECE7054800F0BCF8204605B030
:10DBC00030BD00BF64BC00206C50040084500400D1
:10DBD00000234FF4FA714FF47A72C0E90022816099
:10DBE000C3601846704700BF10B500F031F8A0B907
:10DBF00000F01EF920B1032400F070F8204610BD9B
:10DC000000F03AF9034680B90D4A1268120EF02A64
:10DC100006D0052400F00EF9EEE70424204610BDDE
:10DC20000849094A0968914201D00624F2E7074AE7
:10DC30000120136000F020F904460028DED0E8E758
:10DC400028B9025024BA02500000E0200CBA025059
:10DC500008B5184800F0A4F898B9174800F0A0F8E3
:10DC6000B8B9164800F09CF8D8B9154B124A1548B7
:10DC70001A6000F095F8C0B9134B124A1A600020E0
:10DC800008BD124800F056F80B4800F089F800284B
:10DC9000E7D00F4800F04EF8084800F081F800285F
:10DCA000E3D00C4800F046F8DFE70B4800F042F8FC
:10DCB000E2E700BF64BC002054BC002060BC002030
:10DCC0005CBC002058BC00204CBC002094510400D7
:10DCD000B0510400CC510400EC51040008B500F030
:10DCE0003BF80F4800F06AF804210D4800F054F8A2
:10DCF0000C4800F063F80B48042100F04DF80A4886
:10DD000000F05CF840B9094800F058F8BDE8084058
:10DD10000648042100F040B8054800F00BF8F2E78F
:10DD200064BC002054BC002060BC002058BC002013
:10DD3000CC510400BFF34F8F0549064BCA6802F46B
:10DD4000E0621343CB60BFF34F8F00BFFDE700BF1E
:10DD500000ED00E00400FA05704700BFA2B1013AEF
:10DD600030B401398518421E002012F8013F11F825
:10DD7000014F954283EA040340EA0300F5D10038DD
:10DD800018BF012030BC70471046704703F06EBDCD
:10DD900003F07ABD03F092BD0A46002103F08EBD68
:10DDA00010B5044610B10020206010BD0248FFF7F6
:10DDB000C1FF0020206010BD0C52040010B50446C5
:10DDC00010B10020206010BD0248FFF7B3FF002013
:10DDD000206010BD0C52040010B5044680B1012330
:10DDE000BFF35B8F54E8002F44E800310029F9D1DC
:10DDF000BFF35B8F012AF3D0BFF35F8F002010BD0C
:10DE00000148FFF797FFEAE73052040010B50446D7
:10DE100020B1BFF35F8F0020206010BD0348FFF7E3
:10DE200089FFBFF35F8F0020206010BD50520400B7
:10DE30000020704700207047014B1860704700BFFA
:10DE400008BA0250014B1860704700BF04BA025074
:10DE500010B5044630B1054B18680442FCD0044BA1
:10DE60001C6010BD0348FFF765FFF4E700BA0250DD
:10DE700008BA02507052040010B54FF0FF3104464A
:10DE80001748FFF7A9FFE8B9164A54B11368A3B1C0
:10DE9000012B18D0013B1360BDE810401048FFF77C
:10DEA000B5BF106838B9104B10490124C3F80045BC
:10DEB0000B68002BFCD101301060BDE81040084811
:10DEC000FFF7A4BF10BD09490B68002BFCD1064821
:10DED0000749C0F800356FF07E430B601368D9E73F
:10DEE00060BC0020B8B9002000A0025010B9025058
:10DEF00004BA02503AB10A44013812F8013D00F860
:10DF0000013F8A42F9D10020704700BF002A48D063
:10DF10002DE9F0410446002845D015465A1E053229
:10DF200034D811F0030631D18B422FD8CF1C27F003
:10DF300003028A4232D8A2EB030840441A4629461B
:10DF4000FFF726FF414620464FEA9708FFF724FFD8
:10DF5000B8F1010F1DD0FF0804EB87000438231F20
:10DF600004EB880553F8042F55F8041D12BA09BABA
:10DF7000834219602A60F5D118F0010007D054F8E7
:10DF800027301BBA44F82730002000E00748BDE8DE
:10DF9000F08123681BBA30462360F8E70448BDE8E7
:10DFA000F081044870470348F1E700BF050DF00019
:10DFB000090DF000040DF00030B40AB300B3DBB17A
:10DFC00013F0030518D18B4216D3A9B1904208D0A3
:10DFD00002D91344984217D3904202D243189A426E
:10DFE00012D91144431E11F8014D03F8014F8A4222
:10DFF000F9D1284630BC7047044D284630BC7047E4
:10E00000034D284630BC7047024DF6E7050DF00081
:10E01000040DF000060DF000F0B50446D0F84803FA
:10E020008DB000F11F062023B6F5187F00937ED235
:10E030000F46694601F0F0FB054610B128460DB0C9
:10E04000F0BD7609334604F19002012101F024FD70
:10E0500001210846052304F5127201F01DFD334627
:10E0600022460121022001F017FD334604F1D802B7
:10E070000121042001F010FD04F5907233460121C6
:10E08000052001F009FD424A13680193019BDB075B
:10E09000FAD5404B40493E4A196013680293029BEF
:10E0A000D807FAD53B4B3D49394A196013680393A9
:10E0B000039BD907FAD5374B3949354A196013689C
:10E0C0000493049BDB07FAD5324B364A1A6007F0FB
:10E0D0000603022B2FD004F148023346012103200E
:10E0E00001F0DAFC2A4A13680593059BDC07FAD590
:10E0F000284B2D49264A196013680693069BD807BA
:10E10000FAD5244B29492A4A196013680793079BBB
:10E11000D907FAD5274A284B126812F4805F08BF46
:10E120001D46009801F062FC28460DB0F0BD234D5D
:10E1300028460DB0F0BD01F069FE002826D01C4A2B
:10E1400013680893089BDB07FAD51D4B184A19681A
:10E1500013680A930A9BD807FAD51A4A1A4B11601A
:10E160001B680993099B5F40F90708D5343A136887
:10E170000B930B9BDB07FAD5064B144A1A6031460A
:10E1800004F14800032201F05BFCCAE7104DC8E728
:10E19000B0B0025080B00250802108888041183110
:10E1A000806108880051183180310C880068105156
:10E1B000B4B0025088B002501008F0000F08F00010
:10E1C0000CB00250E4B00250DCB00250C030002964
:10E1D0004021F00070B5D0E9D2421F3484B0640908
:10E1E00000F148030D4601EB84061F3201EBC40128
:10E1F0000391009300F5B4710346CDE9015652092D
:10E20000903000F0D3FE70B930462146FFF7F4F8A5
:10E2100030B921462846FFF7EFF808B904B070BDC1
:10E22000024804B070BD024804B070BD1008F00090
:10E230003008F0002DE9F043D0E9D2451F3485B015
:10E24000640903EBC40E1E4603EB84071F3500F17F
:10E2500048030093CDE9027E034601969046903034
:10E260006A0900F0A3FE054640B130464FF45371F1
:10E27000FFF792FD284605B0BDE8F08338462146F9
:10E28000FFF7BAF860B121463046FFF7B5F838B16C
:10E290004FEA84094A4640463146FFF72BFEE4E741
:10E2A000004DE2E72008F1002DE9F04F97B0DDE9DD
:10E2B00020744FEA043E4EEA844E4EEA83149D4D8C
:10E2C00044F0045C9C012E680096009EF607FAD587
:10E2D000229DDFF86482974EC8F800C0920142EA9E
:10E2E000834242EA053545F010454FEA83483268DB
:10E2F0000192019AD207FAD58F4ADFF838C2156029
:10E300004EEA811E4EF0104E8E01DCF80020029283
:10E31000029AD507F9D53D0345EA8745864A854FD8
:10E32000C2F800E044EA050949F004593A6803924A
:10E33000039AD207FAD5804ADFF8F8E1C2F80090D4
:10E3400044EA033C48EA0C0747F004574FEA033A13
:10E35000DEF800200492049AD207F9D5764ADFF855
:10E36000D4E117604CEA814949F010498F04DEF886
:10E3700000200592059AD207F9D56F4ADFF8B4E17B
:10E38000C2F8009045F0104545F48075DEF8002095
:10E390000692069AD207F9D5DFF89CE1674ADFF8C2
:10E3A0009491CEF8005042EA80124FEA801ED9F8CC
:10E3B00000500795079DED07F9D5DFF87CB1DFF830
:10E3C00084915C4DCBF8002049EA00394FEA003BCC
:10E3D0002A680892089AD207FAD5574DC5F80090D6
:10E3E000239A574D45EA8249524A12680992099A7E
:10E3F000D507F9D5504A4F4DC2F800904CF024593A
:10E4000049F400192A680A920A9AD207FAD54A4DA5
:10E41000484AC5F800904EEA030343F0484343F4EA
:10E42000821315680B950B9DED07FAD54EEA0B0587
:10E43000DFF804E13F4ACEF8003045EA080545F030
:10E44000045513680C930C9BDB07FAD53A4B394AF9
:10E450001D604CEA804040F0045013680D930D9B02
:10E46000DD07FAD5344BDFF8E0C0324A18604AEADB
:10E470000C0C13680E930E9BD807FAD52E4B2D4D1E
:10E48000C3F800C047EA013746EA070C4CF00450D5
:10E490000A032B680F930F9BDB07FAD5264B254DFC
:10E4A00018604CF0104C2B681093109BDB07FAD5CA
:10E4B000214B204DC3F800C02B681193119BDB0743
:10E4C000FAD51D4B1B4D1860274347F004572B68A6
:10E4D0001293129BDB07FAD5174B16481F60239B3C
:10E4E00044EA080444EA033444F0104403681393F4
:10E4F000139BDD07FAD5104B0E481C60324342F0E7
:10E50000245242F4101203681493149BDC07FAD5CA
:10E51000094B08481A600E4346F0484646F4A216D6
:10E5200003681593159BDB07FAD5034B1E6017B0E4
:10E53000BDE8F08FB0B0025080B002500040102112
:10E540000041002100011021400128292DE9F04F50
:10E550009FB0AF4F2D9D289E2C0344EA854C4CEA7A
:10E56000831C4FEA854E01944CF0104C9D013C6891
:10E570000494049CE407FAD54FEA801BA54F4BEAAC
:10E58000033848EA8646DFF88882C7F800C046F0BC
:10E5900010461F03D8F800400594059CE407F9D500
:10E5A000DFF87082DFF868C24BEA00340294C8F8E2
:10E5B000006044F0245848F40018DCF80040069449
:10E5C000069CE607F9D5DFF84C92914EC9F8008019
:10E5D00045EA070C4EEA0C0E4EF0104E34680794D4
:10E5E000079CE407FAD5299CDFF82892DFF82082FF
:10E5F000C9F800E047EA811646EA84468C0146F0F5
:10E6000010460094D8F800400894089CE407F9D517
:10E61000009CDFF80082DFF8F891C8F8006044EA57
:10E62000013E4EF0245848F40018D9F800400994EF
:10E63000099CE607F9D52A9CDFF8D891744EC9F8F1
:10E6400000804FEA043A4AEA844A2A9C4AEA050AC8
:10E650004AF0104A4FEA844934680A940A9CE40755
:10E66000FAD52B9C47EA844606430396694E684CCC
:10E67000C6F800A0039E46F0484A4AF0C00A266841
:10E680000B960B9EF607FAD5624C614EC4F800A0BB
:10E6900049EA0C0A4AF0104A34680C940C9CE407CE
:10E6A000FAD52C9C47EA84460E430396594E584CA3
:10E6B000C6F800A0039E2E4346F0484A26680D96F1
:10E6C0000D9EF607FAD5019C44EA8216514C46EAA3
:10E6D00009094F4EC4F800A049F010494FEA821AC8
:10E6E00034680E940E9CE407FAD54A4C484EC4F8A0
:10E6F00000904AEA824A4AF0104A4AF4405A4FEAE5
:10E70000824934680F940F9CE407FAD5414E404C7F
:10E71000C6F800A026681096109EF607FAD53D4E62
:10E72000DFF8F8A03A4CC6F800A026681196119EB2
:10E73000F607FAD5374EDFF8E8A0354CC6F800A04A
:10E7400026681296129EF607FAD5324EDFF8D4A04C
:10E750002F4CC6F800A04EF0104E4EF4402E266806
:10E760001396139EF607FAD52A4E2B4CC6F800E0F6
:10E7700044EA804E3036800434681494149CE407D4
:10E78000FAD547EA8347DFF88CA0214CCAF800E0AD
:10E790004BEA070646F0484646F003064FEA834A2E
:10E7A00023681593159BDB07FAD5DFF868E0184C52
:10E7B000CEF80060029B43F0045646F480162368AE
:10E7C0001693169BDB07FAD5124CDFF844E026605F
:10E7D000DEF800301793179BDC07F9D50D4CDFF8F6
:10E7E00030E0266040F0045040F48240DEF8003013
:10E7F0001893189BDB07F9D5009B054C4AEA0101E9
:10E800001943044B41F04841186041F480410BE04A
:10E81000B0B0025080B002500041009000310C9026
:10E82000C0400C90C030202923681993199BDE0743
:10E83000FAD5194B1948196003681A931A9BDC071B
:10E84000FAD5154B1549C3F8008049EA02322A432C
:10E8500042F010420B681B931B9BD807FAD50E4B56
:10E860000E491A602F4347F010470B681C931C9BFE
:10E87000DA07FAD5084B094A1F604CF0104141F401
:10E88000301113681D931D9BDB07FAD5024B1960ED
:10E890001FB0BDE8F08F00BF80B00250B0B0025092
:10E8A0002DE9F04F99B0DFF870C2269C239D270315
:10E8B00047EA844949F0104646F0800699464FEAF7
:10E8C000844EDCF800300193019BDC07F9D5914BB5
:10E8D000914C1E604FEA894949EA801949F0104677
:10E8E00046F400564FEA801A23680293029BDB0726
:10E8F000FAD5884B884C1E604AEA003C4CF02456FE
:10E9000046F4001623680393039BDB07FAD5814B7B
:10E91000814C1E604EF0104646F402562368049364
:10E92000049BDB07FAD5229B7B4C4FEA834E4EEAD1
:10E93000811E784B4EF0104E1E604EF4005E8E012C
:10E9400023680593059BDB07FAD5724B724CC3F81D
:10E9500000E046EA013949F0245B4BF4001B2368D0
:10E960000693069BDB07FAD54FEA053E694B6A4CD6
:10E97000C3F800B04EEA854E4EF0104E4EF0800EB9
:10E980004FEA854823680793079BDD07FAD5249B48
:10E99000604C40EA834545F048455F4BC4F800E0D1
:10E9A00045F403551C680894089CE407FAD5594BB4
:10E9B000594C1D6048F0104545F4025523680993F1
:10E9C000099BDB07FAD5259BDFF848E1524CCEF8CE
:10E9D000005041EA834343F0484545F4025523681B
:10E9E0000A930A9BDB07FAD547EA8217494B4A4C40
:10E9F0001D6047EA080848F01047950123680B930B
:10EA00000B9BDB07FAD5434B434C1F6045EA824220
:10EA100042F0104242F4405223680C930C9BDD07F5
:10EA2000FAD53C4B3C4C1A6023680D930D9BDA07DA
:10EA3000FAD5384B394C384A1C6013680E930E9B3C
:10EA4000DB07FAD5334B364C334A1C6013680F93FF
:10EA50000F9BDF07FAD52F4B324C1C602E4A49F032
:10EA6000104444F4402413681093109BDD07FAD53A
:10EA7000284B2D4D284A1C6045EA804580041368C8
:10EA80001193119BDC07FAD5224B284C224A1D60BA
:10EA90004AEA040413681293129BDB07FAD51D4B54
:10EAA0001D4A1C604CF0045444F480141368139302
:10EAB000139BDF07FAD5174B174A1C601368149392
:10EAC000149BDD07FAD5134B134A1C6040F0045029
:10EAD00040F4824013681593159BDC07FAD50D4B63
:10EAE0000D4A18600E4346F0484646F40426136863
:10EAF0001693169BD907FAD5064B074A1E60136872
:10EB00001793179BDB07FAD5024BC3F800B019B077
:10EB1000BDE8F08F80B00250B0B0025000310C90D0
:10EB2000C0400C90C030202900410090032008C84C
:10EB30002DE9F043974AABB013680993099BDF07AF
:10EB4000FAD5954B9549934A196013680A930A9B25
:10EB5000DE07FAD5904B92498E4A196013680B93E1
:10EB60000B9BDD07FAD58C4B8E498A4A19601368D6
:10EB70000C930C9BDC07FAD5874B8B49854A1960AF
:10EB800013680D930D9BD807FAD5834B8749814AAB
:10EB9000196013680E930E9BD907FAD57E4B844AF1
:10EBA0001A601B2000F030FD0446182000F02CFDF8
:10EBB0008442784A09D913680F930F9E16F0010614
:10EBC000F9D0754B7B4A1A6009E013681093109BCB
:10EBD000DB07FAD5704B784A1A60044600266D4A66
:10EBE00013681193119BDF07FAD56B4B7349694A80
:10EBF000196013681293129BDD07FAD5664B704AB1
:10EC00001A601C201D2118220B238DE80F000F23F2
:10EC10000E220D210C20FFF747FB01340C200D21A3
:10EC20000E220F238DE80F0024F00104132312227B
:10EC300011211020FFF738FB0125A11E08AB07AA00
:10EC40001B20089500F02CFD022800F06A810328A3
:10EC500000F04081012800F0168100274D4A13681A
:10EC60001F931F9BDB07FAD54B4B5649494A196046
:10EC700013682093209BDD07FAD5474B5249454A3C
:10EC8000196013682193219BD807FAD5424B4F4A4C
:10EC90001A60043C39D44FF0170916254FF01A08B2
:10ECA00015211420CDE900011A231622CDE90259BD
:10ECB000FFF7FAFA142003468DE82201162201F02C
:10ECC0007BFB08AB07AA21461B2000F0E9FC00EB08
:10ECD00087000430072816D8DFE800F0A1A8A59D1A
:10ECE0009995840412271122102315211420CDE9AF
:10ECF00004270393CDE90001029517231622FFF79D
:10ED000025FC4FF0FF37023CCAD519201C211622E2
:10ED100015231824CDE90121CDE9030400930E2227
:10ED200014230D210C20FFF7BBFD1A4A002F40F0E1
:10ED3000818013682693269BDC07FAD5164B24495D
:10ED4000144A196013682793279BD807FAD51248ED
:10ED5000204B2149214C0F4A0460002E14BF1E464F
:10ED60000E4613682893289BD907FAD50A4B094AFF
:10ED70001E6013682993299BDB07FAD5064B184AB6
:10ED80001A6018231D221C21012001F029FC2BB040
:10ED9000BDE8F083B0B0025080B002500002002104
:10EDA00000822021408220218082242140066E4959
:10EDB00000966929C0066649C0066249000662419C
:10EDC0000016624940D62129C0D32029C014212928
:10EDD000C05521294007564940075E49000752495E
:10EDE00000065A490E270D220C2315211420CDE9C7
:10EDF00004270393CDE90001029517231622FFF79C
:10EE0000A5FB00277FE718271D221C23EDE7182705
:10EE10001D221C2369E7182719221C23E5E7122766
:10EE200013221023E1E70E270F22DDE70E270F2222
:10EE30000C235AE713682293229BD907FAD54C4B2F
:10EE40004C494D4A196013682393239BDB07FAD57D
:10EE500047484A4B4A494B4C474A0460002E14BF6E
:10EE60001E460E4613682493249BDF07FAD5404BB9
:10EE7000414A1E6013682593259BDD07FAD53C4B5C
:10EE8000414A1A607DE73C4A13681393139BD807E5
:10EE9000FAD5374B3D49384A196013681493149BCF
:10EEA000D907FAD5324B3A49334A1960136815939A
:10EEB000159BDB07FAD52E4B36492F4A196013688C
:10EEC0001693169BDF07FAD5294B334A1A604FF089
:10EED000FF37C3E6284A13681B931B9BDF07FAD54D
:10EEE000234B2E49244A196013681C931C9BDD0791
:10EEF000FAD51F4B2A49204A196013681D931D9BA0
:10EF0000D807FAD51A4B27491B4A196013681E9374
:10EF10001E9BD907FAD5164B234A1A604FF0FF37CC
:10EF20009CE6154A13681793179BDD07FAD5104B1B
:10EF30001649114A196013681893189BD807FAD517
:10EF40000B4B13490C4A196013681993199BD90785
:10EF5000FAD5074B0F49084A196013681A931A9B90
:10EF6000DB07FAD5024B0C4A1A60002776E600BF91
:10EF700080B00250C0D32029B0B0025040073649BB
:10EF800040073E490007324900063A490005324928
:10EF90004005364980053A49C0053E4900054249C9
:10EFA0004005464980054A49C0054E492DE9F04FC4
:10EFB0000D4687B004461146284600929846FEF753
:10EFC0001BFAD4F8BC32009904F1D80A1F33064664
:10EFD0005B0952462846FEF757F9002E70D00128EB
:10EFE0006ED0D4E9AEB0394B584593F91A2093F955
:10EFF0001CC000924FF0200793F91B2093F91D309D
:10F00000059738BF584605A90192CDF808C003936B
:10F0100000F002FC074618B1384607B0BDE8F08F93
:10F020002B490BF11F094FEA59194B46C1F800B0A3
:10F030002246012100F030FD0121084604F5DC7272
:10F04000052300F029FD4B4604F1480201210B2065
:10F0500000F022FDD4F8BC329DF808409DF8000075
:10F060001F3352465B099DF80CA0012100F014FDEE
:10F0700042464B462046012100F00EFD109A4B46B9
:10F080005046012100F008FD06F11F035B099DF8C1
:10F0900004002A46012100F0FFFCFFF749FD11980A
:10F0A0002246494600F0CCFC12985246494600F0F0
:10F0B000C7FC059800F09AFC384607B0BDE8F08F11
:10F0C000044F384607B0BDE8F08F00BFA0520400DF
:10F0D00090B002503008F10038B5224B224A01218D
:10F0E000054619601368002BFCD1204A1368002BD9
:10F0F000FCD11F4A1368002BFCD11E4A1368002B59
:10F10000FCD11D4B1C68002CFCD14FF0FF30FEF7EA
:10F1100093FE2B6A23F00403032B184B18680CBFD3
:10F1200020F0400020F08000FEF78CFE144B0022FF
:10F130001A602B6A23F00402032A18BF6C6A114A72
:10F140004FEA830318BF04F0010403F01C031C43BF
:10F1500014602B6A072B02D10B4B01221A6000208E
:10F1600038BD00BF00B9025070B4025020BD02503B
:10F1700020BC025038BD025038BC025004BA0250C4
:10F18000BCB40250C0B402507CB40250002800F05D
:10F19000BF80F8B51D46436B0E4617460446002B4C
:10F1A00035D0012B02D1B5F5803F33D265484FF001
:10F1B000FF31FEF711FE002857D10020FEF75CFE5C
:10F1C00000284ED1604B01221A60236A032B28DCF1
:10F1D000002B28DA5D4A1368002BFCD15A4A1360D1
:10F1E000236A23F00403032B594B18680CBF40F02B
:10F1F000400040F08000FEF725FE0120FEF73CFEB7
:10F20000002836D14F48FEF701FE28B9F8BDB5F504
:10F21000805FCBD34F48F8BD4F48FEF78BFD0020F1
:10F22000F8BD072BD6D1636A012BD3D8636B012BB2
:10F23000D0D8A36B012BCDD82046FFF74DFF002877
:10F24000C8D1A36A012B6CD033F0020263D0236AC9
:10F250005A1E062A1BD8DFE802F0104B101A1A1AA1
:10F2600010003E48FEF766FDACE73D48FEF762FD44
:10F27000A3E73C48FEF75EFDC4E73B4B22681A60FB
:10F2800062685A60A2689A60E268DA60236A23F0D2
:10F290000403032B31D0A36B012B4CD0334A344BE6
:10F2A000176020201D60636B012B2CD0314A324B3C
:10F2B00016601D60FEF7CCFD244A1368002BFCD1BC
:10F2C000236A013B062B10D8DFE803F00414040F77
:10F2D0000F0F0400244A294B126822601A686260EA
:10F2E0005A68A26008331B68E3600123236371E757
:10F2F000234BC3E7224A234BEEE7636B012B01D07C
:10F300001020D3E74020204A204B16601D60D1E733
:10F310004FF4710070471E491E4A0B6001231360B1
:10F3200095E71D4B22691A6062695A60A2699A606A
:10F33000E269DA608BE7194A194B176080201D607B
:10F34000B1E700BF64BC002010B8025010B90250F1
:10F3500004BA02500500F100845004009C500400DF
:10F360006C500400BC50040040B4025030BD025048
:10F3700034BD025030BC025034BC025044B4025080
:10F3800060B4025064B4025028BC02502CBC02503D
:10F3900038BA025078B4025000B4025028BD02506E
:10F3A0002CBD02502DE9F041002800F081801D465F
:10F3B000036A072B0F46044616D055B9032B0FD10D
:10F3C000036B6BB9C0E90F55C0E9115500F13C075B
:10F3D00010252B4639462046BDE8F041FFF7D6BE42
:10F3E0002E463046BDE8F081436B002B37D1B5F592
:10F3F000805F39D215B9236B002B35D167484FF0A8
:10F40000FF31FEF7E9FC002840F097800020FEF76E
:10F4100033FD002840F09980614B01221A60236A75
:10F42000032B23DC002B23DA5E4E5F4A1368002B8C
:10F43000FCD15B495D4A0B60106840F04000FEF76C
:10F4400001FD0120FEF718FD00287AD15348FEF790
:10F45000DDFC0028C5D05648FEF76CFCC1E7012B47
:10F46000C8D1B5F5803FC5D3524EBAE7072BDBD1E3
:10F47000636A012B78D8636B012B57D8A36B012BE0
:10F4800000F284802046FFF727FE06460028CCD1F4
:10F49000A36A012B6AD033F0020271D0236A013BC8
:10F4A000062B13D8DFE803F00944091212120900F1
:10F4B0004FF471063046BDE8F0813F4B22681A6078
:10F4C00062685A60A2689A60E268DA603B493C4A26
:10F4D00001230B601560002D3BD1226B0AB9394A1C
:10F4E0001360314B1E68002EFCD1236A013B062BB2
:10F4F0009BD801A252F823F015F5030035F503005F
:10F5000015F503002BF403002BF403002BF4030088
:10F5100015F50300284A2C4B126822601A686260B5
:10F520005A68A26008331B68E3607EE7274E7CE7D9
:10F53000274BC3E7264A274BEEE72748FEF7FAFB9F
:10F5400064E72648FEF7F6FB80E72548FEF7F2FB66
:10F5500062E7636B012B1BD0224A234B17601020FC
:10F560001D60FEF775FCBCE7204E5EE7204B22696C
:10F570001A6062695A60A2699A60E269DA608DE78E
:10F580001C491D4A0B600123136087E71B4E4CE7A3
:10F590001B4A1C4B176040201D60E2E764BC002042
:10F5A00010B802500100F10010B9025004BA025024
:10F5B000845004000500F10040B402507CB40250B5
:10F5C000BCB4025024B5025044B402500300F10010
:10F5D00060B4025064B402506C500400BC5004008B
:10F5E0009C50040030BC025034BC02500200F100B8
:10F5F00000B4025038BA025078B402500400F1004E
:10F6000028BC02502CBC025030B4214A84B013688C
:10F610000093009BDC07FAD500F1A05303F52C43BF
:10F620009B001B4A186813680193019BD907FAD500
:10F63000184B1A6812F11F0348BF02F13E035B1119
:10F64000591E0FD4124A144D144C13680393039B94
:10F65000DB07FAD50B182B6023680293029B2BB9AA
:10F660000139F2D2580104B030BC70470131480171
:10F67000A0F120014FF0004202E001388142F2D0B7
:10F6800013424FEA5202F8D004B030BC704700BFBA
:10F69000B4B00250ACB00250E4B00250DCB0025042
:10F6A00070B41C6885B001F01F0644B91E2E06D048
:10F6B0001068F04000F0030005B070BC70470F4DBB
:10F6C0002C680194019CE407FAD500F1A05404F5DC
:10F6D0002C44A400094D20682C680394039CE40783
:10F6E000FAD5074C00EB61110648216001680291D0
:10F6F0000299116000211960DAE700BFB4B002502E
:10F70000E4B00250DCB00250A0F12003B3F5426F28
:10F7100061D8F0B48F2882B053D900F11F035B0980
:10F720005B013F339B09013311B18B4255D80B4626
:10F73000DC004FF48051B1FBF4F1202928BF2021D7
:10F7400002B11160264C274D0126002226600239A5
:10F75000144603FA06F640F6FC778C4204F10104E5
:10F76000B6BF2A602F6092191E2C05F10405F4D152
:10F770001D4C1E4D226032442A6000F13F011C4A9C
:10F780001C4DDFF890C0E56021F03F011060403172
:10F79000194F1A4E1A4D1B48CCF800109B011A49FC
:10F7A0003B6033602B60E3620360D3610A680192BF
:10F7B000019AD207FAD5154A0020136002B0F0BCB6
:10F7C000704700F1470400F16603E4064FEA531363
:10F7D000A6D00133A4E70E4870470D48EEE700BFFE
:10F7E0001CB8025000B0025078B002507CB00250F9
:10F7F00090B0025020F80F0098B002509CB0025018
:10F80000A0B00250A8B00250B4B00250ACB0025048
:10F810002221F00094B0025038B504460D46194834
:10F820004FF0FF31FEF7D8FA60B90020FEF724FB55
:10F8300080B920462A460021FFF766FF0446A0B99A
:10F84000204638BD1048FEF775FA0020FEF714FB7D
:10F850000028EED00D48FEF76DFA20462A4600211A
:10F86000FFF752FF04460028EAD00120FEF704FB10
:10F8700020B90448FEF7CAFA204638BD0448FEF70E
:10F8800059FAF6E754BC00206C5004009C50040068
:10F89000BC5004002DE9F0434E4C89B0236801931D
:10F8A000019BDD07FAD54C4B13449B000A181D68D9
:10F8B0001E2A05F11F0588BF1E224FEA551502FBBF
:10F8C00005F288BFC0F11E01B2F5806F04D94FF474
:10F8D0008061B1FBF5F1091A002976DD00F1A05035
:10F8E00000F52C4005F1010E4FF0000C394ADFF80D
:10F8F000F4803A4C87002EF00106604613680293AC
:10F90000029BDB07FAD5D7F8009013680393039B9B
:10F91000DB07FAD5C8F80090002355B101339D42AA
:10F920002060FBD1AE4204D92B4601339E422060B9
:10F93000FBD10CF1010C614507F10407DED1254A2A
:10F9400013680493049BDC07FAD5254B214A1968F8
:10F9500013680593059BD807FAD5224B19607DB132
:10F9600000231E491A4601339D420A60FBD1AE4274
:10F9700006D91A492B46002201339E420A60FBD168
:10F98000144A13680693069BD907FAD5164B114AF9
:10F99000196813680793079BDB07FAD5114B1960A9
:10F9A00035B100230D491A4601339D420A60FBD14F
:10F9B000AE4207D9094A002301E00EF1010E764557
:10F9C0001360FAD109B0BDE8F08305F1010E2EF005
:10F9D0000106B4E7B4B0025024AC0014D8B0025011
:10F9E0007CB00250D4B0025078B0025008B558B97B
:10F9F0000F4B00221A600120FEF73EFA98B90D481D
:10FA0000FEF704FA50B908BD202801464FF007025E
:10FA100028BF20210020FFF73DFFE9E7BDE80840AF
:10FA20000548FEF787B90548FEF784F9E7E700BF08
:10FA30001CB8025054BC002084500400BC50040088
:10FA400010B4124C85B023680193019BDB07FAD5F3
:10FA500002F1A05202F52C4293000C4A1C68136874
:10FA60000393039BDB07FAD5094B1C6051B10438A3
:10FA7000084A00EB810113680293029B40F8043F9F
:10FA80008842F8D105B05DF8044B7047B4B002501D
:10FA9000E4B00250DCB0025070B42F4D85B02C6839
:10FAA0000094009CE407FAD500F1A05000F52C402A
:10FAB0008000294C0568206801900198C607FAD596
:10FAC0002648012605609BB1043A254E02EB8304CB
:10FAD00052F8040F3060A242FAD15E1C26F00102F7
:10FAE000934205D21E4C0020013393422060FBD18B
:10FAF000194A26F0010013680293029BDC07FAD52D
:10FB0000184B0B449B001B681F33B0EB531F4FEA8D
:10FB100053121DD210490B680393039BDB07FAD5E0
:10FB20000E4B0544121A1D6012D000230C481946D2
:10FB3000013393420160FBD15A1C22F0010199422A
:10FB400006D90748002300E001328A420360FBD156
:10FB500005B070BC704700BFB4B00250D4B00250C2
:10FB6000D8B0025024AC0014F8B5069E002E33D055
:10FB700001292FD8012B31D81C4C074600251C48E1
:10FB800025600468002CFCD11A4D2C68002CFCD197
:10FB9000194D2C68002CFCD1184D2C68002CFCD180
:10FBA000174D2C68002CFCD1012B19D01548164B91
:10FBB000026020201E6001290BBF144B144B154A14
:10FBC000154A17601E60FEF743F9144B18680028A9
:10FBD000FCD1F8BD1248F8BD1248F8BD1248F8BD76
:10FBE0001248134B026080201E60E4E700B9025007
:10FBF00070B4025020BD025020BC025038BD0250EB
:10FC000038BC025030BD025034BD02502CBC0250F2
:10FC100034BC025028BC025030BC025010B9025013
:10FC20000200F4000100F4000300F40028BD0250BB
:10FC30002CBD02502DE9F043644A93B01368009341
:10FC4000009BD907FAD5624B6249634A1960136871
:10FC50000193019BDB07FAD5604B1B68DF0400F1C1
:10FC6000AF805A4A13680293029BDE07FAD5584BBD
:10FC70005B49594A196013680393039BDD07FAD562
:10FC8000564B1B68DC0400F18580534B554E4F49A1
:10FC90004F4FDFF86CC14FF00109DFF868E1524DBA
:10FCA00000241A680492049AD007FAD530681A68BA
:10FCB0000692069AD207FAD5CEF800002A68059275
:10FCC000059A12B95DE052080134D007FBD514F053
:10FCD0001F0568D11D680995099DE807FAD5434DB0
:10FCE000D5F800801D680B950B9DED07FAD5DFF860
:10FCF00014E13D4DCEF800802D680A95E0070A9D7D
:10FD000005D505F00704032C4AD0052C48D002F095
:10FD10000302032A05D105F00305032D08BFC9F12D
:10FD200000090A680C920C9AD407FAD5304A3A6056
:10FD30000A680D920D9AD007FAD52E4A3A600A68E1
:10FD40000E920E9AD207FAD52B4A3A600A680F92A1
:10FD50000F9AD507FAD5294A3A600A681092109A84
:10FD6000D407FAD51B4A3A601A681192119AD00743
:10FD7000FAD51A4A1268D2048FD5484613B0BDE8A6
:10FD8000F0830A680792079AD207FAD5C7F800C02D
:10FD9000203486E74FF00109484613B0BDE8F083F0
:10FDA000C9F10009B3E7DFF860E0013D4EEA053E26
:10FDB0000D680895089DED07FAD5C7F800E089E7BA
:10FDC0004FF00009484613B0BDE8F083B0B00250D0
:10FDD00080B0025000082A51B4B0025088B00250DE
:10FDE00000182A5128B00250DCB002502CB002504A
:10FDF00000032A4980022E49C0C228A1C00232490C
:10FE000080F22961E4B00250800228612DE9F047B8
:10FE1000894ABAB013680093009BD807FAD5874B7C
:10FE20008749884A196013680193019BD907FAD55D
:10FE3000854B1B68DB0400F19181824A13680393B0
:10FE4000039BDE07FAD5814B7E4A19681368059338
:10FE5000059BDD07FAD57E4A7E4B11601B68049333
:10FE6000049F07F00303032B00F0748207F00703DD
:10FE7000052B714A00F0278113681993199BDC0741
:10FE8000FAD56E4B74496C4A196013681A931A9B21
:10FE9000D807FAD5694B714A1A60FFF7CBFE0130DB
:10FEA00000F01D82644A13681B931B9BD907FAD587
:10FEB00062486B4B0360013F40F071825E49DFF89E
:10FEC000D0C1604B674E624D624CB8460A681C92C6
:10FED0001C9AD207FAD5C0F800C008F120081A68A9
:10FEE0001D921D9AD707FAD537681A681F921F9A74
:10FEF000D207FAD52F6022681E921E9F002FE5D0F0
:10FF000017F0010311D17F08FE07194603F1010321
:10FF1000F9D5494802682092209AD507FAD5524A65
:10FF2000464842EA013198440160434A13682193EC
:10FF3000219BDC07FAD5414B4C493F4A19601368B5
:10FF40002293229BD807FAD53C4B494A3A4CDFF81A
:10FF50004491484E414D1A609A4623682393239B4F
:10FF6000D907FAD5CAF8009023682493249BDA07AE
:10FF7000FAD5CAF8006023682593259BDB07FAD5DC
:10FF8000CAF80050FFF756FE0130E6D12A4A13683E
:10FF90002693269BDC07FAD5284B3749264A196059
:10FFA00013682793279BD807FAD5244B3349224A55
:10FFB000196013682893289BD907FAD51F4B2A4943
:10FFC0001D4A196013682993299BDB07FAD51B4B3F
:10FFD0002B49194A196013682A932A9BDE07FAD520
:10FFE000164B2849144A196013682B932B9BDD0785
:10FFF000FAD51248244A104BDFF89C90DFF89CE0B9
:020000024000BC
:10000000224EDFF89CC002601A682C922C9AD4070A
:10001000FAD5C0F800901A682D922D9AD107FAD51A
:100020000849094DC0F800E000241A682E922E9A63
:10003000D207FAD5066035E0B0B0025080B0025069
:1000400000081251B4B0025088B0025000B0025003
:10005000E4B00250DCB0025080021249C0020249F2
:10006000C01002290CB00250C0000C61C0011E413A
:10007000C0111E4980021E49C0311C98C0100E21BB
:10008000C030109840021249809184A8001826516F
:10009000C0F00D61C0111E2140320C8840622488DE
:1000A000409224880A682F922F9AD207FAD52A689C
:1000B000D20460D401341A683092309AD207FAD54B
:1000C000C0F800C0B1E713680993099BDB07FAD5B4
:1000D000854B8649864A196013680A930A9BDF0795
:1000E000FAD5814B8349824A196013680B930B9BA5
:1000F000DE07FAD57C4B80497D4A196013680C9362
:100100000C9BDD07FAD5784B7C497D4A1960136852
:100110000D930D9BDC07FAD57A4B754A1B68D80402
:1001200040F1928013680E930E9BD907FAD56E4B5F
:1001300075496F4A196013680F930F9BDB07FAD557
:10014000694B72496A4A196013681093109BDF0764
:10015000FAD5654B6E4A1A60002054E0644A136871
:100160000293029BDF07FAD55F4B6A4A1A600120AF
:100170003AB0BDE8F087002C3FD0A8EB0404012C76
:1001800033D0621E02F01F01002A4FF00107B8BFF2
:1001900004F11E028F4051111A683292329AD2072E
:1001A000FAD55D4A564C026022683392339AD507DD
:1001B000FAD55A4A524C156822683492349AD207BA
:1001C000FAD5574C574A2944216017601A6835926E
:1001D000359AD207FAD5544A02601A683692369A8E
:1001E000D507FAD5514A02600EE71A683192319A62
:1001F000D107FAD54E4A026006E707F00303032B46
:1002000040F0C58001203A4A13683793379BDC07DA
:10021000FAD5354B4749364A196013683893389BED
:10022000D907FAD5304B4449354A196013683993D8
:10023000399BDB07FAD5334B1B6813F4805F18BF7B
:1002400001203AB0BDE8F08713681193119BDE07D7
:10025000FAD5254B39492A4A196013681293129B23
:10026000DD07FAD5274B1B68DC04C3F30030CAD581
:100270001F4B1A681392139AD107FAD51A4B304ABA
:100280001B491A600B681493149BDA07FAD5164BB6
:100290001E4A17491A600B681593159BDB07FAD5A0
:1002A000114B284A12491A600B681693169BDF07F8
:1002B000FAD50D4B244A0E491A600B681793179B09
:1002C000DE07FAD5084B214A09491A600B681893D2
:1002D000189BDD07FAD5044B1D4A1A603CE7002045
:1002E0003AB0BDE8F08700BF80B00250401202294A
:1002F000B0B00250C01124618071109800181A51DA
:10030000B4B0025088B002508031022180211861BF
:10031000C0601098C0000E410002224120B002507F
:10032000D4B00250D8B0025040821C98C0900C88C3
:10033000C0700C8880310C88004818510098185102
:100340008051022940121071C0612498400210713E
:10035000C0901C88343A13680693069BDC07FAD5D4
:10036000104B1149114A196013680793079BD8076E
:10037000FAD50C4B0E490D4A196013680893089B77
:10038000D907FAD5074B0B4A1A6000203BE707F064
:100390000707052F4FF001003FF435AFE8E64FF0B7
:1003A0000008ADE580B00250C0100221B0B002508C
:1003B00080110C61C0601098F0B595B07D4C1A9E0C
:1003C000370347EA864747F0045545F0800526681D
:1003D0000096009EF607FAD51B9C764E920142EAE3
:1003E0000434754A44F01044156044F40024326823
:1003F0000192019AD507FAD56F4A6E4E146047EA0A
:10040000811747F010478A0134680294029CE40780
:10041000FAD54FEA033C4CEA834C674B654C1F60AE
:100420004CF0045646F0800623680393039BDF07D5
:10043000FAD5614B5F4C1E6023680493049BDD0773
:10044000FAD55D4B5D4F5E4C5A4E1C6047EA8147C2
:100450008C0433680593059BDB07FAD5564B554E44
:100460001F604CF0104C4CF4807C33680693069B64
:10047000DD07FAD5504E534D4E4FC6F800C045EA41
:10048000801586013B680793079BDB07FAD54A4F27
:100490004D4BDFF820C13D6043EA003E0703DCF826
:1004A00000300893089BDD07F9D5434DDFF828C1DC
:1004B000C5F800E01C9B30354CEA834E2B6809934D
:1004C000099BDB07FAD53C4B3A4DC3F800E02B689B
:1004D0000A930A9BDB07FAD5374B3C4DDFF8FCC08B
:1004E0001D60344D46EA0C0C2B680B930B9BDB070D
:1004F000FAD5314B2F4DC3F800C03E4346F00456A9
:1005000046F400262B680C930C9BDF07FAD52A4D86
:100510002F4B2E6043EA804030352B680D930D9BA6
:10052000DE07FAD5244B234D18602B680E930E9BE3
:10053000DB07FAD5204B274D1E481D60144344EAC3
:10054000013444F004550E0303680F930F9BDF073B
:10055000FAD5194B17481D6044F0104403681093F6
:10056000109BDB07FAD5144B12481C6003681193EB
:10057000119BDF07FAD5104B0E481D60164346F05D
:10058000245646F4101603681293129BDC07FAD522
:10059000094B08481E600A4342F0484242F4A21246
:1005A00003681393139BDB07FAD5034B1A6015B04E
:1005B000F0BD00BFB0B0025080B00250802000906B
:1005C00080200821004010210001102180202029D6
:1005D000802000214021282900410021024010C82C
:1005E00030B42D4C88B0206800900098C507FAD52B
:1005F0002A4C2B482B4D2560303440EA8345236834
:100600000193019BD807FAD5900140EA8240234B21
:10061000214A1D6040F0104444F4C0441368029322
:10062000029BDB07FAD51D4B1B4A1C601368039322
:10063000039BDD07FAD58B0143EA8141174B1A4D25
:100640001D60154A41F0104545F4C04513680493F8
:10065000049BDB07FAD5114B0F4A1D601368059305
:10066000059BDD07FAD50D4B0B4A1C6041F0584144
:1006700013680693069BDC07FAD5084B064A1960F7
:1006800040F0584013680793079BDB07FAD5034BEC
:10069000186008B030BC7047B0B0025080B0025053
:1006A00080710098C0210229806118902DE9F043E3
:1006B00085B000284CD00E4600294ED01546002AA1
:1006C0004DD0002B3FD0D0F8BC22039305F14C074E
:1006D00000F5B6731F3201F1040905F10408CDE9F4
:1006E000018700935209494600F592730446FEF7CC
:1006F0005DFC0746A8B94FF43772214606F1500059
:10070000FDF744FB174B336021464FF4377205F178
:100710009400FDF73BFB144B2B60384605B0BDE859
:10072000F08300244846346021462C604C22FDF7BB
:1007300031FB404621469022FDF72CFB0B4F3846FB
:1007400005B0BDE8F0830A4F384605B0BDE8F08338
:10075000084F384605B0BDE8F083074FDDE7074F87
:10076000DBE700BF020000EC010000EC3008F00005
:100770000508F0000208F0000308F0000408F0008B
:1007800000487047F052040000487047CC55040000
:1007900000487047A858040000487047845B040074
:1007A00000487047605E0400004870473C610400E8
:1007B000004870471864040000487047F46604005D
:1007C00000487047D069040000487047AC6C0400D2
:1007D00000487047886F04000B460146184600F039
:1007E000C9BF000081F0004102E000BF83F0004378
:1007F00030B54FEA41044FEA430594EA050F08BFBC
:1008000090EA020F1FBF54EA000C55EA020C7FEA7F
:10081000645C7FEA655C00F0E2804FEA5454D4EBFC
:100820005555B8BF6D420CDD2C4480EA020281EAC6
:10083000030382EA000083EA010180EA020281EAFE
:100840000303362D88BF30BD11F0004F4FEA013150
:100850004FF4801C4CEA113102D0404261EB41015F
:1008600013F0004F4FEA03334CEA133302D05242E5
:1008700063EB430394EA050F00F0A780A4F10104A1
:10088000D5F1200E0DDB02FA0EFC22FA05F28018DB
:1008900041F1000103FA0EF2801843FA05F35941C1
:1008A0000EE0A5F120050EF1200E012A03FA0EFC40
:1008B00028BF4CF0020C43FA05F3C01851EBE3716A
:1008C00001F0004507D54FF0000EDCF1000C7EEB87
:1008D00000006EEB0101B1F5801F1BD3B1F5001FC5
:1008E0000CD349085FEA30004FEA3C0C04F10104E4
:1008F0004FEA445212F5800F80F09A80BCF1004F0D
:1009000008BF5FEA500C50F1000041EB045141EA8E
:10091000050130BD5FEA4C0C404141EB0101013C57
:1009200028BFB1F5801FE9D291F0000F04BF014646
:100930000020B1FA81F308BF2033A3F10B03B3F118
:1009400020020CDA0C3208DD02F1140CC2F10C02A8
:1009500001FA0CF021FA02F10CE002F11402D8BF06
:10096000C2F1200C01FA02F120FA0CFCDCBF41EAD2
:100970000C019040E41AA2BF01EB0451294330BDA1
:100980006FEA04041F3C1CDA0C340EDC04F114047E
:10099000C4F1200220FA04F001FA02F340EA030055
:1009A00021FA04F345EA030130BDC4F10C04C4F19B
:1009B000200220FA02F001FA04F340EA030029467B
:1009C00030BD21FA04F0294630BD94F0000F83F4C5
:1009D000801306BF81F480110134013D4EE77FEAA8
:1009E000645C18BF7FEA655C29D094EA050F08BFF4
:1009F00090EA020F05D054EA000C04BF19461046D5
:100A000030BD91EA030F1EBF0021002030BD5FEA18
:100A1000545C05D14000494128BF41F0004130BD40
:100A200014F580043CBF01F5801130BD01F0004594
:100A300045F0FE4141F470014FF0000030BD7FEA07
:100A4000645C1ABF194610467FEA655C1CBF0B4602
:100A5000024650EA013406BF52EA033591EA030F19
:100A600041F4002130BD00BF90F0000F04BF002111
:100A7000704730B54FF4806404F132044FF0000544
:100A80004FF0000150E700BF90F0000F04BF0021BD
:100A9000704730B54FF4806404F1320410F0004523
:100AA00048BF40424FF000013EE700BF42004FEA1E
:100AB000E2014FEA31014FEA02701FBF12F07F439B
:100AC00093F07F4F81F06051704732F07F4208BF52
:100AD000704793F07F4F04BF41F40021704730B559
:100AE0004FF4607401F0004521F000411CE700BFA5
:100AF00050EA010208BF704730B54FF000050AE028
:100B000050EA010208BF704730B511F0004502D528
:100B1000404261EB41014FF4806404F132045FEA2A
:100B2000915C3FF4D8AE4FF003025FEADC0C18BFD3
:100B300003325FEADC0C18BF033202EBDC02C2F1C5
:100B4000200300FA03FC20FA02F001FA03FE40EA57
:100B50000E0021FA02F11444BDE600BF70B54FF05B
:100B6000FF0C4CF4E06C1CEA11541DBF1CEA135539
:100B700094EA0C0F95EA0C0F00F0DEF82C4481EAA1
:100B8000030621EA4C5123EA4C5350EA013518BFC1
:100B900052EA033541F4801143F4801338D0A0FBAE
:100BA00002CE4FF00005E1FB02E506F00042E0FB5B
:100BB00003E54FF00006E1FB03569CF0000F18BF61
:100BC0004EF0010EA4F1FF04B6F5007F64F5407409
:100BD00004D25FEA4E0E6D4146EB060642EAC6219C
:100BE00041EA55514FEAC52040EA5E504FEACE2E09
:100BF000B4F1FD0C88BFBCF5E06F1ED8BEF1004F0C
:100C000008BF5FEA500E50F1000041EB045170BD87
:100C100006F0004646EA010140EA020081EA0301CB
:100C2000B4EB5C04C2BFD4EB0C0541EA045170BDC7
:100C300041F480114FF0000E013C00F3AB8014F141
:100C4000360FDEBF002001F0004170BDC4F100048A
:100C5000203C35DA0C341BDC04F11404C4F120050B
:100C600000FA05F320FA04F001FA05F240EA020066
:100C700001F0004221F0004110EBD37021FA04F69C
:100C800042EB06015EEA430E08BF20EAD37070BD56
:100C9000C4F10C04C4F1200500FA04F320FA05F0B5
:100CA00001FA04F240EA020001F0004110EBD370B7
:100CB00041F100015EEA430E08BF20EAD37070BD27
:100CC000C4F1200500FA05F24EEA020E20FA04F300
:100CD00001FA05F243EA020321FA04F001F00041AF
:100CE00021FA04F220EA020000EBD3705EEA430E20
:100CF00008BF20EAD37070BD94F0000F0FD101F04F
:100D00000046400041EB010111F4801F08BF013C87
:100D1000F7D041EA060195F0000F18BF704703F0C5
:100D20000046520043EB030313F4801F08BF013D4C
:100D3000F7D043EA0603704794EA0C0F0CEA135508
:100D400018BF95EA0C0F0CD050EA410618BF52EAC2
:100D50004306D1D181EA030101F000414FF00000C8
:100D600070BD50EA410606BF1046194652EA4306D6
:100D700019D094EA0C0F02D150EA013613D195EA4A
:100D80000C0F05D152EA03361CBF104619460AD192
:100D900081EA030101F0004141F0FE4141F470019C
:100DA0004FF0000070BD41F0FE4141F4780170BD8C
:100DB00070B54FF0FF0C4CF4E06C1CEA11541DBFF1
:100DC0001CEA135594EA0C0F95EA0C0F00F0A7F8F3
:100DD000A4EB050481EA030E52EA03354FEA013120
:100DE00000F088804FEA03334FF0805545EA131333
:100DF00043EA12634FEA022245EA111545EA1065FB
:100E00004FEA00260EF000419D4208BF964244F191
:100E1000FD0404F5407402D25B084FEA3202B61AB0
:100E200065EB03055B084FEA32024FF480104FF484
:100E3000002CB6EB020E75EB030E22BFB61A7546F8
:100E400040EA0C005B084FEA3202B6EB020E75EB8B
:100E5000030E22BFB61A754640EA5C005B084FEAF3
:100E60003202B6EB020E75EB030E22BFB61A7546C0
:100E700040EA9C005B084FEA3202B6EB020E75EBCB
:100E8000030E22BFB61A754640EADC0055EA060E8C
:100E900018D04FEA051545EA16754FEA06164FEACF
:100EA000C30343EA52734FEAC2025FEA1C1CC0D17B
:100EB00011F4801F0BD141EA00014FF000004FF008
:100EC000004CB6E711F4801F04BF01430020B4F1C9
:100ED000FD0C88BFBCF5E06F3FF6AFAEB5EB030C81
:100EE00004BFB6EB020C5FEA500C50F1000041EB7E
:100EF000045170BD0EF0004E4EEA113114EB5C044B
:100F0000C2BFD4EB0C0541EA045170BD41F480111D
:100F10004FF0000E013C90E645EA060E8DE60CEA25
:100F2000135594EA0C0F08BF95EA0C0F3FF43BAF42
:100F300094EA0C0F0AD150EA01347FF434AF95EAF9
:100F40000C0F7FF425AF104619462CE795EA0C0FDD
:100F500006D152EA03353FF4FDAE1046194622E7AA
:100F600050EA410618BF52EA43067FF4C5AE50EA84
:100F700041047FF40DAF52EA43057FF4EBAE12E774
:100F80004FF0FF3C06E000BF4FF0010C02E000BF55
:100F90004FF0010C4DF804CD4FEA410C7FEA6C5C38
:100FA0004FEA430C18BF7FEA6C5C1BD001B050EADB
:100FB000410C0CBF52EA430C91EA030F02BF90EAC6
:100FC000020F0020704710F1000F91EA030F58BF85
:100FD000994208BF90422CBFD8176FEAE37040F0E7
:100FE000010070474FEA410C7FEA6C5C02D150EA85
:100FF000013C07D14FEA430C7FEA6C5CD6D152EA40
:10100000033CD3D05DF8040B704700BF8446104604
:1010100062468C461946634600E000BF01B5FFF703
:10102000B7FF002848BF10F1000F01BD4DF808EDD3
:10103000FFF7F4FF0CBF012000205DF808FB00BFA4
:101040004DF808EDFFF7EAFF34BF012000205DF8FE
:1010500008FB00BF4DF808EDFFF7E0FF94BF01204B
:1010600000205DF808FB00BF4DF808EDFFF7CEFF4C
:1010700094BF012000205DF808FB00BF4DF808ED8B
:10108000FFF7C4FF34BF012000205DF808FB00BF5C
:101090004FEA410C7FEA6C5C02D150EA013C0AD174
:1010A0004FEA430C7FEA6C5C02D152EA033C02D166
:1010B0004FF0000070474FF0010070474FEA4102C7
:1010C000B2F1E04324BFB3F5001CDCF1FE5C0DD9A6
:1010D00001F0004C4FEAC0024CEA5070B2F1004FF0
:1010E00040EB830008BF20F00100704711F0804FF3
:1010F00021D113F13872BCBF01F00040704741F4B8
:1011000080114FEA5252C2F11802C2F1200C10FABB
:101110000CF320FA02F018BF40F001004FEAC1239F
:101120004FEAD32303FA0CFC40EA0C0023FA02F343
:101130004FEA4303CCE77FEA625307D150EA013319
:101140001EBF4FF0FE4040F44000704701F00040E9
:1011500040F0FE4040F40000704700BF80F00040C7
:1011600002E000BF81F0004142001FBF5FEA41037F
:1011700092EA030F7FEA226C7FEA236C6AD04FEA7F
:101180001262D2EB1363C1BFD218414048404140C4
:10119000B8BF5B42192B88BF704710F0004F40F476
:1011A000000020F07F4018BF404211F0004F41F492
:1011B000000121F07F4118BF494292EA030F3FD05E
:1011C000A2F1010241FA03FC10EB0C00C3F1200371
:1011D00001FA03F100F0004302D5494260EB400000
:1011E000B0F5000F13D3B0F1807F06D340084FEA6B
:1011F000310102F10102FE2A51D2B1F1004F40EB60
:10120000C25008BF20F0010040EA030070474900C7
:1012100040EB0000013A28BFB0F5000FEDD2B0FA64
:1012200080FCACF1080CB2EB0C0200FA0CF0AABF87
:1012300000EBC25052421843BCBFD0401843704725
:1012400092F0000F81F4000106BF80F4000001322B
:10125000013BB5E74FEA41037FEA226C18BF7FEA02
:10126000236C21D092EA030F04D092F0000F08BF44
:101270000846704790EA010F1CBF0020704712F02B
:101280007F4F04D1400028BF40F00040704712F16A
:1012900000723CBF00F50000704700F0004343F0CF
:1012A000FE4040F4000070477FEA226216BF084605
:1012B0007FEA23630146420206BF5FEA412390EAC8
:1012C000010F40F4800070474FF0000304E000BFBE
:1012D00010F0004348BF40425FEA000C08BF70476F
:1012E00043F0964301464FF000001CE050EA010233
:1012F00008BF70474FF000030AE000BF50EA010248
:1013000008BF704711F0004302D5404261EB410134
:101310005FEA010C02BF84460146002043F0B64359
:1013200008BFA3F18053A3F50003BCFA8CF2083A7E
:10133000A3EBC25310DB01FA02FC634400FA02FC87
:10134000C2F12002BCF1004F20FA02F243EB02008E
:1013500008BF20F00100704702F1200201FA02FCF0
:10136000C2F1200250EA4C0021FA02F243EB0200E3
:1013700008BF20EADC7070477BB972B90029BEBF94
:1013800000204FF0004106E008BF00281CBF6FF0AE
:1013900000414FF0FF3000F0CDB9ADF1080C6DE920
:1013A00004CE002909DB002B1ADB00F061F8DDF820
:1013B00004E0DDE9022304B07047404261EB4101E3
:1013C000002B1BDB00F054F8DDF804E0DDE902231C
:1013D00004B0404261EB4101524263EB430370476A
:1013E000524263EB430300F043F8DDF804E0DDE92B
:1013F000022304B0404261EB41017047524263EB6B
:10140000430300F035F8DDF804E0DDE9022304B021
:10141000524263EB4303704753B94AB9002908BFEE
:1014200000281CBF4FF0FF314FF0FF3000F082B9B1
:10143000ADF1080C6DE904CE00F01AF8DDF804E017
:10144000DDE9022304B07047430803F05533C01AA6
:10145000830803F0333300F03330184400EB1010EE
:1014600000F00F3000EB002000EB0040000E704752
:101470002DE9F047089D04468C46002B40F0838000
:101480008A42174647D9B2FA82F242B1C2F120002D
:1014900024FA00F09140974040EA010C94404FEA52
:1014A0001748230CBCFBF8F61FFA87FE08FB16C191
:1014B00043EA014306FB0EF1994209D9FB1806F1F4
:1014C000FF3080F01981994240F21681023E3B4480
:1014D0005B1AA4B2B3FBF8F008FB103344EA0344F0
:1014E00000FB0EFEA64509D93C1900F1FF3380F040
:1014F0000581A64540F2028102383C4440EA06409C
:10150000A4EB0E0400261DB1D4400023C5E900431E
:101510003146BDE8F08702B9FFDEB2FA82F2002A56
:1015200050D1CB1B4FEA174E1FFA87F80126B3FBA9
:10153000FEFC210C0EFB1C3341EA034108FB0CF3BB
:101540008B4207D979180CF1FF3002D28B4200F29E
:10155000E9808446C91AA3B2B1FBFEF00EFB10115C
:1015600043EA014408FB00F8A04507D93C1900F103
:10157000FF3302D2A04500F2D9801846A4EB08043C
:1015800040EA0C40BFE78B4209D9002D00F0B18042
:101590000026C5E9000130463146BDE8F087B3FAC0
:1015A00083F6002E4AD18B4202D3824200F2B880E9
:1015B000841A61EB030101208C46002DA8D0C5E9F7
:1015C000004CA5E7C2F1200320FA03F6974001FA88
:1015D00002F04FEA174ED9403043030CB1FBFEF640
:1015E0001FFA87F80EFB161143EA014306FB08F1C8
:1015F000994204FA02F409D9FB1806F1FF3C80F085
:101600008D80994240F28A80023E3B445B1A81B24F
:10161000B3FBFEF00EFB103341EA034100FB08F37D
:101620008B4207D9791800F1FF3C73D28B4271D9F4
:1016300002383944CB1A40EA064678E7C6F1200C56
:1016400003FA06F422FA0CF31C4320FA0CF701FA11
:1016500006F34FEA144E21FA0CF11F433B0CB1FB89
:10166000FEF91FFA84F80EFB191143EA014109FB48
:1016700008FA8A4502FA06F200FA06F308D9611858
:1016800009F1FF3048D28A4546D9A9F1020921441F
:10169000A1EB0A01BFB2B1FBFEF00EFB101147EA4D
:1016A000014700FB08F8B84507D9E71900F1FF31F9
:1016B0002ED2B8452CD90238274440EA0940A7EB7E
:1016C0000807A0FB02894F45C64649461AD317D0E2
:1016D0005DB1B3EB0E0267EB010707FA0CFCF240B9
:1016E0004CEA0202F740C5E9002700263146BDE872
:1016F000F0872E4628460BE70646E9E61846FDE643
:101700004345E5D2B8EB020E69EB04010138DFE78F
:101710000846D2E760468DE78146B9E7664675E739
:1017200030464AE7ACF1020C394413E702383C4436
:1017300024E700BF704700BF1FB514461A46094B87
:101740001B680546D8684CB1074B0091CDE90134C0
:1017500006492B4600F036F801F010F9044B1C4600
:10176000F3E700BFD06100206472040071720400CE
:101770009F72040010B5054C13462CB10A46014671
:101780000220AFF3008010BD2046FCE700000000FF
:10179000014B1868704700BFD061002008B5074BA7
:1017A000044613B10021AFF30080054B1868836A2B
:1017B00003B19847204602F0E9FF00BF0000000097
:1017C000A07204000EB403B5014603AB054853F8FC
:1017D000042B0068019300F04DF902B05DF804EBB2
:1017E00003B07047D061002070B50D4D0D4C641BE7
:1017F000A4100026A64209D10B4D0C4C02F0C8FFE4
:10180000641BA4100026A64205D170BD55F8043B08
:1018100098470136EEE755F8043B98470136F2E762
:10182000A0630020A0630020A0630020C863002004
:10183000024B0146186800F099B800BFD061002043
:10184000024B0146186800F041B800BFD06100208B
:1018500030B501390024A24201D1002005E0035D2A
:1018600001340D5DAB42F6D0581B30BD0A449142A5
:1018700000F1FF3300D1704710B511F8014B03F8A8
:10188000014F9142F9D110BD884210B501EB02041D
:1018900002D98442234607D8431EA14208D011F83A
:1018A000012B03F8012FF8E7024401468A4200D1D8
:1018B00010BD13F8014D02F8014DF7E7024403464D
:1018C000934200D1704703F8011BF9E737B50029AF
:1018D00048D051F8043C0190002BA1F10404B8BF9A
:1018E000E41802F045F9204A01981368154633B907
:1018F0006360146003B0BDE8304002F03FB9A3421A
:101900000BD921686218934204BF1A685B68636050
:1019100004BF521822602C60ECE71A465B680BB1DA
:10192000A342FAD911685518A5420BD12468214465
:101930005418A3421160DDD11C685B6853602144D8
:101940001160D7E702D90C230360D3E7256861193A
:101950008B4204BF19685B68636004BF491921604A
:101960005460C7E703B030BDBCB90020F8B5CD1C4A
:1019700025F0030508350C2D38BF0C25002D064633
:1019800001DBA94203D90C2333600020F8BD02F02B
:10199000EFF821490A6814469CB9204F3B6823B9E7
:1019A0002146304600F000FE38602946304600F0FF
:1019B000FBFD431C23D10C233360304602F0DEF8DC
:1019C000E3E723685B1B17D40B2B03D923601C446C
:1019D000256004E06368A2420CBF0B605360304690
:1019E00002F0CCF804F10B00231D20F00700C21A0E
:1019F000CCD01B1AA350C9E722466468CCE7C41CAC
:101A000024F00304A042E3D0211A304600F0CCFDBC
:101A10000130DDD1CFE700BFBCB90020C0B9002044
:101A20009368013B002B10B4936008DA9469A342D9
:101A300001DB0A2903D15DF8044B00F0DFBE136817
:101A4000581C1060197008465DF8044B7047F8B5D3
:101A500006460F461446D518AC4201D1002007E0D7
:101A600014F8011B3A463046FFF7DAFF431CF3D166
:101A7000F8BD00002DE9F04F0D469DB01446984684
:101A8000064618B183690BB901F002FF894B9D42EC
:101A90001BD175686B6ED90705D4AB899A0502D442
:101AA000A86D01F098FFAB891B0701D52B69EBB935
:101AB0002946304600F0F4FEC0B16B6EDC070ED54F
:101AC0004FF0FF301DB0BDE8F08F7B4B9D4201D140
:101AD000B568DFE7794B9D4208BFF568DAE7AB8967
:101AE0009805EDD4A86D01F077FFE9E7002309938D
:101AF00020238DF82930CDF80C803023DFF8C08109
:101B00008DF82A304FF0010923469A4613F8012B2D
:101B10000AB1252AF9D1BAEB040B0BD05B46224659
:101B200029463046FFF793FF013000F0AA80099A5A
:101B30005A4409929AF80030002B00F0A28000234A
:101B40004FF0FF32CDE905230AF1010A0493079310
:101B50008DF853301A935446052214F8011B584847
:101B600001F0B6FF049AD8B9D10644BF20238DF8FE
:101B70005330130744BF2B238DF853309AF80030AD
:101B80002A2B15D0079A544600204FF00A0C214604
:101B900011F8013B303B092B4ED9B0B1079214E04C
:101BA000A0EB080309FA03F313430493A246D2E718
:101BB000039B191D1B680391002BBBBF5B4242F0C6
:101BC000020207930793B8BF049223782E2B0CD1FF
:101BD00063782A2B35D1039B1A1D1B680392002BB7
:101BE000B8BF4FF0FF3302340593DFF8E4A021784B
:101BF0000322504601F06CFF40B14023A0EB0A00E5
:101C000003FA00F0049B03430134049314F8011B0E
:101C10002C488DF82810062201F05AFF00283FD0EA
:101C2000294B1BBB039B073323F0070308330393A4
:101C3000099B3B44099367E70CFB02320C460120E9
:101C4000A5E700230134059319464FF00A0C2046FE
:101C500010F8012B303A092A03D9002BC5D0059181
:101C6000C3E70CFB012104460123F0E703AB00931B
:101C70002A46164B04A9304600F0CCF80746781CDB
:101C8000D6D16B6ED90705D4AB899A0502D4A86D5D
:101C900001F0A2FEAB895B063FF512AF099811E790
:101CA00003AB00932A46094B04A9304600F056FBCB
:101CB000E4E700BF1874040038740400F8730400EB
:101CC000A4720400AE720400151E04004F1A040032
:101CD000AA7204002DE9FF4755EC104B002D0E466B
:101CE00019462B46BBBF05F100431D4600232D239B
:101CF0000B700D9BDDF830A0914623F02008BCBF8F
:101D000022461446B8F1460F05D0B8F1450F00D170
:101D10000136022100E0032103AB019302AB0093E3
:101D200045EC104B5346324600F0BAFEB8F1470F6F
:101D3000074602D119F0010F22D0B8F1460F07EB88
:101D4000060910D13B78302B0AD10022002320460F
:101D50002946FFF76BF918B9C6F10106CAF8006009
:101D6000DAF8003099440022002320462946FFF784
:101D70005DF908B1CDF80C903022039B4B4507D399
:101D8000039B0E9ADB1B3846136004B0BDE8F08756
:101D9000591C03911A70F0E7F7B503460029B8BF44
:101DA000494203F8022BB4BF2D222B22092942708D
:101DB0002ADD0DF10704A4460A27A6460A4691FB30
:101DC000F7F607FB16153035632A04F1FF340EF8D9
:101DD000015C3146F1DC3031AEF1020504F8011C42
:101DE000441C294661450AD30DF10902A2EB0E02FB
:101DF000654588BF00221344181A03B0F0BD11F8DE
:101E0000012B04F8012FEDE7302330318370C170CE
:101E1000031DF1E72DE9F04F2DED028B8DB00C463F
:101E2000DDF8608016461F46054601F0CFFDD0F86C
:101E300000A0504600F01DFC00230A932368059380
:101E4000D8F8003094F818B0073323F0070303F1F3
:101E50000802C8F80020D3E90023C4E91223D4E91A
:101E6000128929F000430793CDF8188008EE100A74
:101E70009F4BDDE906014FF0FF32FFF709F988BB00
:101E8000DDE906019A4B4FF0FF32FFF7E3F848BB5C
:101E90000022002340464946FFF7D2F810B12D2317
:101EA00084F84330934B9448BBF1470F94BF984656
:101EB000804603232361059B23F0040222604FF038
:101EC0000009009733460BAA2146284600F0D8F9AE
:101ED000013040F090804FF0FF300DB0BDEC028B30
:101EE000BDE8F08F42464B4640464946FFF7D0F8E2
:101EF00040B14B46002BBCBF2D2384F843307F48B4
:101F00007F4BD1E763680BF0DF0206925A1C3FD18A
:101F100006236360059B616843F48062002303939A
:101F20000AABCDE901B309AB49EC108B00932260F9
:101F30000DF123032846FFF7CDFE069B0999472B99
:101F4000804608D1C81C02DB6368994241DDABF1D1
:101F5000020B5FFA8BFBBBF1650F20D801395A46A3
:101F600004F150000991FFF717FF0A9A1318012A8C
:101F70008146236102DC2268D20701D50133236147
:101F80009DF82330002B9CD02D2384F8433098E714
:101F9000069A472ABED1002BBCD10123B9E7BBF179
:101FA000660F18D1002963680BDD216113B922681F
:101FB000D00702D501330B442361A1654FF000091E
:101FC000DEE713B92268D20701D50233F4E7012313
:101FD000F2E74FF0670B0A9B994205DB236821610A
:101FE000D807EAD54B1CE7E70029D4BFC1F10202AC
:101FF00001221344E0E723685A0507D423694246C7
:1020000031462846B84701302CD164E7BBF1650F53
:1020100040F2E080D4E9120100220023FFF706F825
:10202000002834D0374A012331462846B8470130CA
:102030003FF451AFDDE909239A4202DB2368D80758
:1020400010D518EE103A524631462846B8470130AE
:102050003FF441AF4FF0000804F11A090A9B013B1D
:10206000434509DC23689B0700F10581E0680B9B71
:102070009842B8BF184630E701234A463146284601
:10208000B84701303FF427AF08F10108E6E7099BA4
:10209000002B39DC1B4A012331462846B847013062
:1020A0003FF419AFDDE90923134302D12368D907AF
:1020B000D8D518EE103A524631462846B847013076
:1020C0003FF409AF4FF0000904F11A0A099B5B4283
:1020D0004B4501DC0A9B92E70123524631462846D4
:1020E000B84701303FF4F7AE09F10109EEE700BF50
:1020F000FFFFEF7FB5720400B9720400C1720400E3
:10210000BD720400C57204000A9AA36D9A42A8BF6A
:102110001A46002A914637DC4FF0000B29EAE9798C
:1021200004F11A02A36D0593A3EB09035B4533DCAD
:10213000DDE909239A423BDB2368DA0738D40A9A9F
:10214000059B0999D31AA2EB01099945A8BF9946A5
:10215000B9F1000F35DC4FF0000829EAE97904F104
:102160001A0ADDE909239B1AA3EB090343457FF70C
:1021700079AF0123524631462846B84701303FF433
:10218000AAAE08F10108ECE713463146424628465C
:10219000B8470130C0D19EE601233146284605925A
:1021A000B84701303FF497AE059A0BF1010BB9E740
:1021B00018EE103A524631462846B8470130BED193
:1021C00089E6059A4B46424431462846B8470130D5
:1021D000C1D180E60A9A012A01DCDB0738D5012348
:1021E000424631462846B84701303FF474AE18EEF7
:1021F000103A524631462846B84701303FF46BAE9C
:10220000D4E9120100220023FEF710FFD8B90A9B7F
:1022100008F10102013B31462846B84701300ED192
:1022200059E60123524631462846B84701303FF46B
:1022300052AE08F101080A9B013B4345F1DC4B46D5
:1022400004F15002DCE64FF0000804F11A0AF2E74C
:1022500001234246DFE701234A4631462846B84774
:1022600001303FF438AE08F10108E3680B995B1ABE
:102270004345F0DCFAE64FF0000804F11909F4E7F1
:102280002DE9F047164699468A680B69DDF82080EB
:102290009342B8BF1346336091F8432007460C467B
:1022A0000AB1013333602368990642BF33680233B1
:1022B0003360256815F0060506D104F1190AE368B4
:1022C00032689B1AAB4226DC94F84320131E226826
:1022D00018BF012392062BD404F143024946384625
:1022E000C04701301ED02368E568326803F006035A
:1022F000042B08BFAD1AA36822690CBF25EAE57557
:1023000000259342C4BF9B1AED1800261A34B5422B
:102310001AD1002008E00123524649463846C047FA
:10232000013003D14FF0FF30BDE8F0870135C6E73B
:10233000E1185A1C302081F84300224494F84510DB
:1023400082F843100233C7E7012322464946384644
:10235000C0470130E6D00136D9E700002DE9FF473C
:102360000C469146277E0C99782F80469A4604F1B8
:10237000430207D8622F0AD8002F00F0D880582FC8
:1023800000F0A38004F1420684F842703AE0A7F11D
:102390006303152BF6D801A050F823F0F5230400B1
:1023A00009240400852304008523040085230400F8
:1023B00085230400092404008523040085230400E8
:1023C0008523040085230400152504003924040016
:1023D000F724040085230400852304003725040026
:1023E0008523040039240400852304008523040088
:1023F000FF2404000B681A1D1B680A6004F14206E2
:1024000084F842300123A3E0256808682E0600F115
:1024100004030AD505680B60002D03DA2D236D42F5
:1024200084F843305E480A2319E015F0400F056830
:102430000B6018BF2DB2EFE70B682568181D086008
:10244000280601D51D6802E06906FBD51D885448A1
:102450006F2F0CBF08230A23002184F843106668FD
:10246000A660002EA2BF216821F0040121600DB9F1
:10247000002E4DD01646B5FBF3F103FB1157C75D97
:1024800006F8017D2F46BB420D46F4D9082B0BD12F
:102490002368DF0708D5236961689942DEBF3023CE
:1024A00006F8013C06F1FF36921B2261CDF800A030
:1024B0004B4603AA21464046FFF7E2FE01304CD1CD
:1024C0004FF0FF3004B0BDE8F087354884F8457020
:1024D00023680E681F0656F8045B0E6014D5D907F2
:1024E00044BF43F0200323601DB9236823F0200379
:1024F00023601023B0E7236843F020032360782390
:10250000284884F84530E3E75E0648BFADB2E6E709
:102510001646BBE70B68266860691D1D0D60350611
:102520001B6801D5186002E07106FBD518800023F6
:1025300023611646BAE70B681A1D0A601E686268B6
:102540000021304601F0C4FA08B1801B6060636866
:102550002361002384F84330A8E7236932464946C3
:102560004046D0470130ABD023689B0713D4E068C6
:10257000039B9842B8BF1846A4E701233246494658
:102580004046D04701309BD00135E36803995B1A80
:10259000AB42F2DCEBE7002504F11906F5E700BFDA
:1025A000C7720400D872040038B5064D00230446F3
:1025B00008462B60F8F754FD431C02D12B6803B189
:1025C000236038BD74BC00200EB400B59CB01DABB8
:1025D000029006906FF00041094807910491094963
:1025E00053F8042B05910068019302A901F06AFEDB
:1025F000029B00221A701CB05DF804EB03B0704718
:10260000D06100200802FFFF10B50246147813467F
:102610000132002CFAD1013B11F8012B03F8012FF4
:10262000002AF9D110BDC9B2034610F8012B1AB126
:102630008A42F9D118467047002918BF0023F9E7EC
:10264000034611F8012B03F8012B002AF9D170473A
:1026500070B503461E4613F8014B44B14A1E01E013
:10266000A54204D012F8015F002DF9D1F2E7301A2B
:1026700070BD034613F8012B002AFBD1181A01384C
:10268000704710B50139034632B111F8014F03F814
:10269000014B013A002CF7D11A440021934200D19A
:1026A00010BD03F8011BF9E738B503460C4669B9BC
:1026B000BDE83840FFF7B7BF431C05462146184622
:1026C000FFF7B1FF0028F7D1284638BD0025F5E710
:1026D00070B503461E4613F8014B3CB14A1E01E09B
:1026E000A542F7D012F8015F002DF9D1301A70BD64
:1026F0002DE9F0433B4E86468C4660461CF8014B64
:10270000A55D15F00805F8D12D2C34D19CF80040BA
:102710004FF0010800F1020C002B5ED0102B0CD101
:10272000302C0AD19CF8000000F0DF0058284FD16F
:102730009CF8014010230CF1020C4FF0FF370025EC
:10274000B7FBF3F703FB07F96FEA09092846A4F181
:102750003006092E18D83446A34224DD002D1FDB95
:1027600087421DD301D1A1451ADB00FB034001259F
:102770001CF8014BEBE72B2C08BF9CF80040A84647
:1027800008BF00F1020CC7E7A4F14106192E01D8D9
:10279000373CE1E7A4F16106192E04D8573CDBE78A
:1027A0004FF0FF35E4E7002D07DA2223CEF80030A2
:1027B0004FF0FF3042B9BDE8F083B8F1000F00D010
:1027C0004042002AF7D00DB10CF1FF311160F2E761
:1027D0003024002BB1D10823AFE7302CA2D00A233C
:1027E000ABE700BFEA72040013460A4601460248FE
:1027F0000068FFF77DBF00BFD0610020F8B50E462E
:102800001446054618B183690BB901F041F8214B14
:102810009C422BD16C68A369A360A3891A072FD5AA
:1028200023696BB323692068C01A6369F6B28342D7
:10283000374604DC2146284600F096FF30BBA368EB
:10284000013BA36023685A1C22601E70636901303B
:10285000834204D0A389DB0706D50A2E04D1214682
:10286000284600F081FF88B93846F8BD0A4B9C42E3
:1028700001D1AC68CFE7094B9C4208BFEC68CAE7BE
:102880002146284600F00CF80028CBD04FF0FF3747
:10289000EAE700BF1874040038740400F8730400F9
:1028A000324B70B51D6806460C4625B1AB6913B9AD
:1028B000284600F0EDFF2E4B9C420FD16C68A38997
:1028C000B4F90C2019072CD4DD0611D40923336088
:1028D00042F04003A3814FF0FF303EE0254B9C4285
:1028E00001D1AC68EBE7244B9C4208BFEC68E6E7FB
:1028F000580712D5616B41B104F14403994202D0EB
:102900003046FEF7E3FF00236363A38923F024032B
:10291000A3810023636023692360A38943F0080334
:10292000A38123694BB9A38903F42073B3F5007F16
:1029300003D02146304601F075F8A089B4F90C2087
:1029400010F001030AD00023A36063695B42A36116
:10295000236943B910F08000BAD170BD810758BF18
:102960006369A360F4E70020F7E700BFD0610020AF
:102970001874040038740400F873040008B50620C5
:1029800001F0C8FD012001F001FF2DE9F74F0369B7
:102990000C69A3420746C0F28180013C01F1140892
:1029A00000F1140505EB8403019358F8243055F821
:1029B000242001339A424FEA840B08EB8409B2FBCE
:1029C000F3F631D34FF0000E4046AC46F24650F8D5
:1029D000042B93B206FB03E34FEA134E9BB2AAEB20
:1029E0000303120CDCF800A006FB02E213FA8AF3E0
:1029F0004FEA124E1FFA82FADCF80020CAEB1242AC
:102A000002EB23429BB243EA024381454CF8043B6C
:102A10004FEA224ADBD255F80B302BB9019B043B1D
:102A20009D421A462ED33C61384601F0D8FA002860
:102A300024DB013628464FF0000C58F8042BD0F860
:102A400000E093B2ACEB0303120C13FA8EF3C2EB6B
:102A50001E4202EB23429BB243EA0243C14540F8C7
:102A6000043B4FEA224CE8D255F8242005EB8403BE
:102A700022B9043B9D421A460AD33C61304603B05A
:102A8000BDE8F08F1268043B002ACCD1013CC7E7B7
:102A90001268043B002AF0D1013CEBE70020EEE78E
:102AA0002DE9F04F2DED028B57EC106B95B0456A78
:102AB000DDF880800591CDE90267044609920F9305
:102AC0003DB91020F5F7A2FFC0E90155606205602D
:102AD000C560636A196851B15A684A60012393401E
:102AE0008B60204601F084F8636A00221A603B1E66
:102AF000B9BF23F0004303930023C8F80030DDF88A
:102B00000C90B74BBCBF0122C8F8002033EA090380
:102B10001BD10F9A42F20F731360C9F313033343AF
:102B200000F07585219B63B9AE4B25E0AE4B009359
:102B30000833219A1360009815B0BDEC028BBDE8F4
:102B4000F08FA84B00930333F3E79DED027B002247
:102B500051EC170B00238DED0A7BFEF767FA8046D8
:102B600060B10F9A01231360219B002B00F04C856C
:102B70009E4B219A1360013B0093DCE79DED0A0B0D
:102B800012AA13A9204601F0BCFAC9F30A558246DD
:102B9000002D7ED00B9BCDF84080C3F31303DDE9FD
:102BA0000A6743F07F5747F44017A5F2FF35904B73
:102BB000002230463946FDF719FE83A3D3E90023EE
:102BC000FDF7CCFF82A3D3E90023FDF711FE0646F3
:102BD00028460F46FDF758FF7FA3D3E90023FDF7F2
:102BE000BDFF02460B4630463946FDF701FE06465C
:102BF0000F4601F06BFD0022814600233046394626
:102C0000FEF71EFA48B14846FDF73EFF32463B4606
:102C1000FEF70CFA08B909F1FF39B9F1160F56D8C9
:102C2000744B03EBC903D3E90023DDE90A01FEF786
:102C300007FA00284DD009F1FF3900230E93129BAB
:102C40005D1B6B1E049343BF0023C5F10108049371
:102C50004FF00008B9F1000F3DDB049BCDF8349034
:102C60004B44049300230693059B092B00F29A80A2
:102C7000052BC4BF043B0593059BA3F10203CCBF06
:102C800000250125032B00F29980DFE803F02C7D5D
:102C90007B89DDE912531D4405F23243202BC1BF6D
:102CA000C3F1400305F2124009FA03F326FA00F0DB
:102CB000DABFC3F1200306FA03F01843FDF7D4FE90
:102CC00001230646A1F1F877013D10936FE7012338
:102CD000B4E70E90B3E7C9F1000306930023A8EB15
:102CE00009080D93C0E700230893099B002B00F30C
:102CF00085804FF0010BCDF804B05B46CDF824B0D1
:102D0000666A00227260042202F11400984271681F
:102D10007AD9204600F038FF636A30601B68009360
:102D2000019B0E2B00F2F580002D00F0F280B9F12E
:102D3000000F7DDD2F4A09F00F0302EBC30393ED73
:102D4000007B19F4807F4FEA2917B0EE478AF0EE36
:102D5000678A5DD0284BDDE90A01D3E90823FEF735
:102D600027F8CDE9020107F00F070325224E002FB7
:102D700050D1DDE9020153EC182BFEF719F8CDE92B
:102D800002016FE00123AFE700230893099B09EBE1
:102D9000030B0BF10103012B0193B8BF0123AFE734
:102DA0000123F2E701250023059308954FF0FF3B2F
:102DB0000022CDF804B012230992A1E70123089361
:102DC000F4E700BFAFF3008061436F63A787D23F92
:102DD000B3C8608B288AC63FFB799F501344D33F0A
:102DE0000000F07FF3730400EA730400C67204006D
:102DF0000000F83F9074040068740400DDF824B00B
:102E0000CDF804B05B467BE70131716052007BE78F
:102E10000225ABE7F90708D551EC180BD6E90023DA
:102E2000FDF79CFE41EC180B01357F1008369EE73C
:102E300000F0AB80C9F10006AA4BAB4F06F00F02C1
:102E400003EBC203D3E90023DDE90A01FDF786FEA7
:102E5000CDE90201361100230225002E40F08A80C0
:102E6000002B8CD10E9B002B00F09180DDE90267D6
:102E70009E4B002230463946FEF7E2F8002800F06B
:102E80008680019B002B00F08280BBF1000F3CDDAF
:102E900009F1FF3307930022954B30463946FDF781
:102EA0005DFECDE902010135CDF830B0DDE9026704
:102EB0002846FDF7E9FD32463B46FDF74FFE8D4BB8
:102EC0000022FDF795FCA1F15073CDE902010393B7
:102ED0000C9B002B60D1884B002230463946FDF711
:102EE00085FCDDE9022306460F46FEF7C7F80028F9
:102EF00040F09982DDE90221304601F10043394674
:102F0000FEF79EF8002840F08B82DDE90A23CDE928
:102F10000223139B002BC0F25B81B9F10E0F00F36B
:102F20005781704B03EBC90393ED007B099BB0EE17
:102F3000478AF0EE678A002B80F2E280019B002B2B
:102F400000F3DE8040F06C826B4B51EC170B0022DB
:102F5000FDF704FEDDE90223FEF786F8019E374601
:102F6000002840F04282009D312305F8013B09F121
:102F700001093EE2F20705D5D7E90023FDF7EEFD92
:102F8000013501237610083767E702256AE7019BC0
:102F9000CDF81C900C9389E700990C980C9A514B32
:102FA0009DED027B014402910899B0EE478AF0EE54
:102FB000678A03EBC20353E90223002945D04F4936
:102FC0000020FDF7F5FE53EC182BFDF70FFC009DDC
:102FD00041EC180B3946304601F078FB0C90FDF7B8
:102FE00053FD02460B4630463946FDF7FFFB0C9B6E
:102FF000303305F8013B53EC182B06460F46FEF71D
:103000001FF8002865D132463B4638490020FDF7BD
:10301000EDFB53EC182BFEF713F8002840F0B880B6
:10302000029B9D423FF471AF314B51EC180B0022D3
:10303000FDF794FD2E4B41EC180B0022304639462B
:10304000FDF78CFD06460F46C4E751EC170BFDF764
:1030500085FD029B009D0C9341EC180B39463046D0
:1030600001F034FB1190FDF70FFD02460B46304690
:103070003946FDF7BBFB119B303305F8013B029B42
:103080009D4206460F464FF0000225D11B4B51ECE6
:10309000180BFDF7ADFB02460B4630463946FDF7EF
:1030A000EDFF002874D153EC182B14490020FDF7D4
:1030B0009DFB02460B4630463946FDF7C1FF00280E
:1030C0003FF423AF0C9D6B1E0C9315F8013C302B85
:1030D000F8D0DDF81C9049E0054BFDF73FFD0646B2
:1030E0000F46BBE790740400687404000000F03FD2
:1030F0000000244000001C40000014400000E03F9D
:10310000DDE90267009D53EC182B30463946FDF788
:103110004FFE01F0DBFA8046FDF7B6FC53EC182BAE
:10312000FDF71CFD02460B463046394608F13006D5
:10313000FDF75CFB05F8016B009E019FAE1BB742DB
:1031400002460B4637D1FDF753FB53EC182B0646CE
:103150000F46FDF793FFC8B953EC182B304639469C
:10316000FDF764FF10B118F0010F0FD12046514652
:1031700000F03EFD00232B700F9B09F10100186049
:10318000219B002B3FF4D7AC1D60D4E4CDF81C90FC
:103190002B461D4613F8012D392A08D1009A9A4270
:1031A000F7D1079A00990132079230220A701A78F3
:1031B00001321A708DE79E4B0022FDF7CFFC0022F2
:1031C000002306460F46FDF731FF00289BD0CDE7D0
:1031D000089A002A00F0C680059A012A00F3AA8006
:1031E000109A002A00F0A28003F23343069E45465F
:1031F000049A01211A4420469844049200F09DFD4F
:103200000746002D0BDD049B002B08DDAB42049A22
:10321000A8BF2B46A8EB0308ED1AD31A0493069B0C
:10322000FBB1089B002B00F0A180002E11DD394678
:103230003246204600F026FE52460146074620460A
:1032400000F084FD51460790204600F0D1FC079B1A
:103250009A46069B9A1B04D05146204600F012FE67
:1032600082460121204600F068FD0D9B002B06469A
:103270007EDD1A460146204600F004FE059B012B28
:10328000064678DD00230693336906EB830318694D
:1032900000F003FDC0F12000049B184410F01F0053
:1032A00000F08880C0F12003042B40F38180C0F13E
:1032B0001C00049B0344804405440493B8F1000FB0
:1032C00005DD51464246204600F02AFE8246049B18
:1032D000002B05DD31461A46204600F021FE064649
:1032E0000E9B002B68D03146504600F078FE002837
:1032F00062DA002351460A22204600F090FC089B27
:1033000009F1FF398246002B00F0888139460023FD
:103310000A22204600F083FCBBF1000F074600F3B1
:103320008F80059B022B40F38B804DE0129BC3F1F5
:1033300036035BE7019B5E1E069BB342BFBF069B45
:103340000696F21A0D9BB6BF9B189E1B0D93019B10
:10335000B8BF0026002BB5BFA8EB0305019B0023D7
:10336000454645E7069E089F45464AE7069A73E7A5
:10337000059B012B18DC029BB3B9039BC3F313031A
:10338000A3B9039B23F000431B0D1B052BB1049B2A
:103390000133049308F10108012306930D9B002BD0
:1033A0007FF472AF012077E70023F6E7029BF4E792
:1033B00084D018461C307CE7019B002B3ADC059B2F
:1033C000022B37DDDDF804B0BBF1000F0DD1314623
:1033D0005B460522204600F022FC01460646504688
:1033E00000F0FDFD00283FF7BEAD099B009D6FEA90
:1033F00003094FF000083146204600F0F9FB002F8A
:103400003FF4B4AEB8F1000F05D0B84503D0414643
:10341000204600F0EDFB3946204600F0E9FBA5E62A
:1034200000263746E1E70C9EDDF81C9037469AE50A
:1034300000002440089BDDF804B0002B00F0F5806C
:10344000002D05DD39462A46204600F069FD074675
:10345000069B002B55D07968204600F095FB3A6911
:1034600002320546920007F10C010C30FEF7FEF91E
:1034700001222946204600F053FD009B01330193B1
:10348000009B5B440793029B03F00103B84606933D
:103490000746019B3146504603F1FF3BFFF775FAA3
:1034A00003463033029041465046089300F097FDA2
:1034B0003A4604903146204600F0ADFDC268089BB4
:1034C000054602BB0146504600F089FD089B0246B6
:1034D00029462046CDE9083200F08AFB059B099A6F
:1034E000019D43EA0201069B0B43089B0DD1392B3A
:1034F00027D0049A002A01DD029B31338BF800307B
:1035000079E73846B9E70122E2E70499002904DBAC
:10351000059801430698014320D1002AEEDD51466B
:1035200001222046019300F0FBFC3146824600F068
:1035300056FD0028019B02DCE0D1DA07DED5392BED
:10354000DAD139238BF800302B461D46013B15F8A4
:10355000012C392A50D001321A704CE7002A03DDC1
:10356000392BEED00133C9E7019A079902F8013CE3
:103570008A422AD0514600230A22204600F04FFBFF
:10358000B84582464FF000034FF00A0241462046FC
:1035900007D100F044FB80460746019B01330193AD
:1035A00077E700F03CFB3946804600230A2220469C
:1035B00000F035FB0746F0E7BBF1000F009ACCBFE7
:1035C0005D46012515444FF0000851460122204672
:1035D000019300F0A5FC3146824600F000FD002872
:1035E000B2DC02D1019BDB07AED42B461D4613F89B
:1035F000012D302AFAD0FEE6009A9A42A5D1312355
:1036000009F101091370F6E6124BFFF7B5BA219BD9
:10361000002B7FF48BAA104BFFF7AEBABBF1000F63
:1036200003DC059B022B3FF7CFAE009D3146504691
:10363000FFF7ABF900F1300305F8013B009AAA1A35
:103640009345B9DD514600230A22204600F0E7FAEF
:103650008246EBE7C5720400EA7304008A892DE90B
:10366000F041054610070C4658D44B68002B05DC8A
:103670000B6C002B02DC0020BDE8F081E66A002E16
:10368000F9D0002312F480522F682B6032D0606D85
:10369000A3895A0705D56368C01A636B0BB1236C05
:1036A000C01A00230246E66A216A2846B047431C36
:1036B000A38906D129681D292CD82A4ACA40D607D1
:1036C00028D500226260D9042269226004D5421CF8
:1036D00001D12B6803B96065616B2F600029CAD0E6
:1036E00004F14403994202D02846FEF7EFF8002087
:1036F0006063C1E7216A01232846B047411CC7D156
:103700002B68002BC4D01D2B01D0162B01D12F60AC
:10371000B1E7A38943F04003A381ADE70F69002F10
:10372000A9D093070E6808BF4B690F6018BF00232C
:10373000A6EB07088B60B8F1000F9CDD216AA66A32
:1037400043463A462846B047002806DCA38943F0A2
:103750004003A3814FF0FF308EE70744A8EB000839
:10376000E9E700BF0100402038B50B6905460C466B
:1037700013B90025284638BD18B183690BB900F08C
:1037800087F8144B9C421BD16C68B4F90C30002BA9
:10379000EFD0626ED00704D4990502D4A06D00F07A
:1037A0001AF928462146FFF759FF636EDA070546E6
:1037B000E0D4A3899B05DDD4A06D00F00DF9D9E715
:1037C000054B9C4201D1AC68DFE7044B9C4208BF2B
:1037D000EC68DAE71874040038740400F873040025
:1037E000002310B50446C0E90033C0E90433836008
:1037F00081814366C2818361194608225C30FEF7ED
:103800005DF8054B6362054BA362054BE362054B14
:103810002462236310BD00BF4D4504006F450400C2
:10382000A7450400CB450400014900F0AFB800BF34
:103830006937040070B54A1E682555430E4605F1E8
:103840007401FEF793F8044640B10021C0E9001668
:103850000C30A06005F16802FEF730F8204670BD1C
:10386000014800F0B8B800BF70BC0020014800F06B
:10387000B3B800BF70BC0020014800F0ACB800BF76
:103880006BBC0020014800F0A7B800BF6BBC002053
:1038900010B50446FFF7F0FFA3691BB1BDE8104067
:1038A000FFF7F0BFC4E912332365134B134A1B68BB
:1038B000A262A34204BF0123A361204600F020F8C6
:1038C0006060204600F01CF8A060204600F018F868
:1038D0000022E06004216068FFF782FFA0680122F7
:1038E0000921FFF77DFFE06802221221FFF778FF30
:1038F0000123A361D2E700BFA072040029380400AD
:10390000F8B50746FFF7ACFF1E4B1E68B36913B945
:103910003046FFF7BDFF4836D6E90134013B03D5F9
:1039200033680BB33668F7E7B4F90C50D5B9164BCA
:10393000E36004F15800656600F04CF8FFF796FF6D
:10394000C4E90155C4E904552560A561082229464A
:1039500004F15C00FDF7B2FFC4E90D55C4E912554E
:103960002046F8BD6834D9E704213846FFF762FFE6
:10397000044630600028D5D1FFF778FF0C233B6068
:10398000EEE700BFA07204000100FFFF2DE9F8433D
:103990000646884600F148040027D4E90195B9F1AC
:1039A000010905D52468002CF7D13846BDE8F88315
:1039B000AB89012B07D9B5F90E30013303D0294665
:1039C0003046C04707436835E9E7000000487047C4
:1039D0002463002070477047704770B50E46B1F9F8
:1039E0000E10002996B014461D4607DA00232B60FE
:1039F000B3891A0610D44FF480630EE06A4600F0D3
:103A000017FE0028F2DB019A02F47042A2F500537F
:103A10005A425A412A60EEE740230020236016B044
:103A200070BD00008B8973B59D0706460C4607D50F
:103A300004F14703236023610123636102B070BD79
:103A400001AB6A46FFF7C9FF009905463046FDF70E
:103A50008DFF48B9B4F90C309A05EFD423F0030375
:103A600043F00203A381E3E70D4BB362A389206017
:103A700043F08003A381009B6361019B20615BB1E4
:103A8000B4F90E10304600F0E5FD28B1A38923F00B
:103A9000030343F00103A381A0890543A581CDE77A
:103AA0002938040082B001B901A942B14BB11378A1
:103AB0000B601278101E18BF012002B0704710462C
:103AC000FBE76FF00100F8E70000000000000000D5
:103AD00001F0FF01102A2BDB10F0070F08D010F8BF
:103AE000013B013A8B422DD010F0070F42B3F6D1C3
:103AF000F0B441EA012141EA014122F007047FF0DC
:103B000000070023F0E80256083C85EA010586EA32
:103B1000010685FA47F5A3FA87F586FA47F6A5FA6E
:103B200087F68EB9EED1F0BC01F0FF0102F007027A
:103B300032B110F8013B013A83EA010313B1F8D125
:103B40000020704701387047002D06BF3546033806
:103B5000073815F0010F07D1013015F4807F02BF3F
:103B6000013015F4C03F0130F0BC0138704700BF90
:103B70000148FFF730BF00BF6CBC00200148FFF7D1
:103B80002BBF00BF6CBC002070B5466A04460D46D2
:103B90003EB91020F4F73AFFC0E9016660620660A2
:103BA000C660666AF36883B1636ADB6853F8250010
:103BB000B8B9012101FA05F6721D9200204600F005
:103BC000F0FA60B1C0E901560EE02122042120463E
:103BD00000F0E7FA636AF060DB68002BE4D10020B4
:103BE00070BD026843F825200023C0E90333F7E7DE
:103BF00070B5466A05460C463EB91020F4F706FF3C
:103C0000C0E9016668620660C6603CB16B6A6268C2
:103C1000DB6853F82210216043F8224070BD2DE983
:103C2000F0410E69074698460C4601F11400002346
:103C30000568A9B202FB01814FEA114C2D0C02FB71
:103C400005C589B2013301EB05419E4240F8041BD2
:103C50004FEA1548ECDCB8F1000F1BD0A368B34263
:103C600012DC616838460131FFF78EFF22690232AB
:103C700004F10C01054692000C30FDF7F7FD2146DA
:103C80003846FFF7B5FF2C4604EB86030136C3F830
:103C9000148026612046BDE8F081030C1B04D3B9D3
:103CA0000004102310F07F4F04BF0002083310F00F
:103CB000704F04BF0001043310F0404F04BF800078
:103CC0000233002805DB10F0804F03F1010308BF29
:103CD0002023184670470023E4E7036813F0070227
:103CE00001460BD0DA0724D4980749BF5B089B082C
:103CF00001200B605CBF0B600220704798B2B0B926
:103D00001B0C102013F0FF0F04BF1B0A08301A070A
:103D100004BF1B0904309A0704BF9B080230DA076E
:103D200003D45B0800F1010005D00B60704710461A
:103D3000E8E7002070472020704710B50C460121AD
:103D4000FFF722FF01224461026110BD2DE9F04F0F
:103D500015460A692B699A42B8BF0B460C46BCBF90
:103D60002C461D462769D5F81090A368616807EBBB
:103D70000906B342B8BF013185B0FFF705FF00F176
:103D8000140101EB86080B46002243451DD304F1C4
:103D9000140305F1140203EB870702EB8903029376
:103DA0003B1B153B23F00303043304F11505AF421D
:103DB00038BF04230193029B0392934208D8002E3C
:103DC0005ADC066105B0BDE8F08F43F8042BDCE750
:103DD000B2F800A0BAF1000F24D004F1140E894605
:103DE0004FF0000C5EF8045BD9F800B0ABB21FFADC
:103DF0008BFB0AFB03B34FEA154BD9F80050634421
:103E00004FEA154C0AFB0BC505EB13459BB243EA81
:103E10000543774549F8043B4FEA154CE2D8019B2E
:103E200041F803C0039BB3F802900432B9F1000FCC
:103E300020D00B6804F1140C8E464FF0000ABCF839
:103E40000050BEF802B009FB05B5AA449BB243EA94
:103E50000A434EF8043B5CF8043BBEF800501B0CD0
:103E600009FB035303EB1A4367454FEA134AE6D8AD
:103E7000019D4B5104319EE758F8043D002BA0D121
:103E8000013E9CE72DE9F843154612F00302064671
:103E90000F4607D0214C013A002354F82220FFF7A7
:103EA000BEFE0746AD1035D0746A3CB91020F4F759
:103EB000ADFDC0E9014470620460C460D6F824809E
:103EC000D8F808404CB940F271213046FFF735FF71
:103ED0000023C8F80800044603604FF00009EB0710
:103EE0000AD5394622463046FFF730FF394680462C
:103EF0003046FFF77DFE47466D100BD0206838B97D
:103F0000224621463046FFF721FF2060C0F800908E
:103F10000446E4E73846BDE8F88300BF587504005E
:103F20002DE9F0470C464968236903EB6218A36842
:103F3000074691464FEA621A08F10106B3423FDB99
:103F40003846FFF721FE0023054600F1140100F179
:103F500010021846534536DB20692AEAEA7A04F152
:103F6000140319F01F0901EB8A0103EB800C2ED01A
:103F7000C9F1200E8A460022186800FA09F00243AF
:103F80004AF8042B53F8042B9C4522FA0EF2F3D87E
:103F9000ACEB0403153B23F00303043304F11500D9
:103FA000604588BF0423CA500AB108F10206013EE9
:103FB00038462E612146FFF71BFE2846BDE8F087F4
:103FC00001315B00BAE742F8040F0133C2E704395C
:103FD00053F8042B41F8042F9C45F9D8E7E730B596
:103FE00002690C69121B0ED100F11403143103EBAA
:103FF000840001EB840150F8045D51F8044DA542A2
:1040000003D005D30122104630BD8342F3D3FAE733
:104010004FF0FF32F7E72DE9F84F0C460646114600
:1040200020461746FFF7DBFF051E08D1294630461C
:10403000FFF7AAFD0123C0E90435BDE8F88FA4BF4E
:104040003B46274630467968A6BF1C460025012519
:10405000FFF79AFD3E69C560256907F1140104F177
:10406000140900F1140E07F1100201EB860C09EBA4
:104070008505F246002759F8043B52F804BF1FFAA1
:1040800083F817FA8BF71B0CA7EB0808C3EB1B434D
:1040900003EB28431FFA88F81F144D4548EA0343F1
:1040A0004AF8043BE7D82B1B153B23F003030433EA
:1040B0001534A54238BF0423194473449E460D4667
:1040C00065450ED30CF10302521A22F003020339A4
:1040D0008C4538BF00221A4452F8043D7BB106617A
:1040E000ABE755F8048B17FA88F4221402EB184258
:1040F000A4B244EA02444EF8044B1714E0E7013E30
:10410000EAE72DE9F7438946012157EC106B904609
:10411000FFF73AFDC7F30A550446C7F3130335BB4F
:10412000002E019328D068460096FFF7D6FD00992F
:1041300000B3019AC0F1200302FA03F30B43C2401B
:1041400063610192019BA361002B14BF0222012233
:104150002261D5B1A5F233450544C9F80050C0F13C
:104160003500C8F80000204603B0BDE8F08343F4F2
:104170008013D5E76161E5E701A8FFF7AEFD019B7C
:104180006361012222612030E3E704EB8203A0F2A5
:104190003240C9F800001869FFF77FFDC0EB4210FC
:1041A000DFE713B54A4311460192FDF7DFFB0446F2
:1041B00018B1019A0021FDF781FB204602B010BD25
:1041C000F8B5074614460E4621B9BDE8F840114639
:1041D000FDF7CCBB22B9FDF779FB25462846F8BD93
:1041E00000F05AFAA0420FD221463846FDF7BEFB36
:1041F00005460028F2D031462246FDF737FB31460E
:104200003846FDF763FBE9E73546E7E72DE9F04778
:104210008E689E4282460C4690461F4638D88A8950
:1042200012F4906F32D025680969A5EB0109656920
:1042300005EB450505EBD57501334B446D109D42EB
:1042400038BF1D46530531D52946FDF78FFB06467D
:1042500050B90C23CAF80030A38943F04003A3816E
:104260004FF0FF30BDE8F08721694A46FDF7FEFABE
:10427000A38923F4906343F08003A38126616561E1
:104280004E44A5EB09052660A5603E46BE4200D916
:104290003E46324620684146FDF7F6FAA36822689A
:1042A0009B1B3244A36022600020DBE72A46FFF715
:1042B00087FF06460028E1D121695046FDF706FB3D
:1042C000C7E700002DE9F04F98468B891B069DB08B
:1042D00007460D4614460ED50B6963B94021FDF71C
:1042E00045FB2860286120B90C233B604FF0FF306C
:1042F000D1E040236B610023099320238DF82930FE
:10430000CDF80C803023DFF8A8818DF82A304FF0EB
:10431000010923469A4613F8012B0AB1252AF9D13F
:10432000BAEB040B0BD05B46224629463846FFF712
:104330006DFF013000F0AA80099A5A4409929AF858
:104340000030002B00F0A28000234FF0FF32CDE9B7
:1043500005230AF1010A049307938DF853301A9349
:104360005446052214F8011B5148FFF7B1FB049A8B
:10437000D8B9D00644BF20238DF85330110744BF6D
:104380002B238DF853309AF800302A2B15D0079A3A
:10439000544600204FF00A0C214611F8013B303BF7
:1043A000092B4ED9B0B1079214E0A0EB080309FA2B
:1043B00003F313430493A246D2E7039B191D1B6822
:1043C0000391002BBBBF5B4242F0020207930793AD
:1043D000B8BF049223782E2B0CD163782A2B35D1C9
:1043E000039B1A1D1B680392002BB8BF4FF0FF33CD
:1043F00002340593DFF8C8A0217803225046FFF766
:1044000067FB40B14023A0EB0A0003FA00F0049BD5
:1044100003430134049314F8011B26488DF8281037
:104420000622FFF755FB002838D0234B1BBB039B0C
:10443000073323F0070308330393099B334409939D
:1044400067E70CFB02320C460120A5E7002301348C
:10445000059319464FF00A0C204610F8012B303A0C
:10446000092A03D9002BC5D00591C3E70CFB012114
:1044700004460123F0E703AB00932A460F4B04A93F
:104480003846FDF7C7FC421C0646D6D1AB895B0611
:104490003FF52CAF09981DB0BDE8F08F03AB00933A
:1044A0002A46064B04A93846FDF758FFEBE700BF44
:1044B000A4720400AE720400151E04000D42040034
:1044C000AA7204001F2938B504460D4604D91623E4
:1044D00003604FF0FF3038BD426C12B152F821300A
:1044E0004BB9204600F030F82A4601462046BDE888
:1044F000384000F017B8012B0AD0591C03D11623FD
:1045000003600120E7E7002442F825402846984749
:104510000020E0E7024B01461868FFF7D3BF00BF59
:10452000D061002038B5074D0023044608461146E7
:104530002B6000F013F9431C02D12B6803B12360F8
:1045400038BD00BF74BC002000F0F8B810B50C46B0
:10455000B1F90E1000F0A8F80028ABBF636DA38975
:104560001B1823F48053ACBF6365A38110BD2DE9F4
:10457000F0411F468B89DB0505460C46164605D5DE
:10458000B1F90E100223002200F074F8A389B4F9E7
:104590000E1023F48053A38132463B462846BDE8E3
:1045A000F04100F023B810B50C46B1F90E1000F040
:1045B00061F8431CA38915BF606523F4805343F45D
:1045C0008053A38118BFA38110BDB1F90E1000F074
:1045D0001FB849B1FF2A85BF8A2303600A704FF0D4
:1045E000FF3098BF012070470846704738B5074D27
:1045F00004460846114600222A601A46F6F71AFDBC
:10460000431C02D12B6803B1236038BD74BC002069
:1046100038B5064D0023044608462B6000F07EF8AE
:10462000431C02D12B6803B1236038BD74BC002049
:1046300038B5074D00230446084611462B6000F0AC
:1046400075F8431C02D12B6803B1236038BD00BF4D
:1046500074BC002038B5064D0023044608462B6084
:1046600000F074F8431C02D12B6803B1236038BDFD
:1046700074BC002038B5074D044608461146002298
:104680002A601A4600F072F8431C02D12B6803B16D
:10469000236038BD74BC002051F8043C181F002B67
:1046A000BCBF0B58C018704738B5074D04460846C4
:1046B000114600222A601A4600F060F8431C02D11D
:1046C0002B6803B1236038BD74BC00204FEA41025F
:1046D00012F5001215D211D56FF47873B3EB625254
:1046E00012D94FEAC12343F0004343EA505311F07B
:1046F000004F23FA02F018BF404270474FF000000D
:10470000704750EA013005D111F0004008BF6FF04A
:10471000004070474FF00000704700BF024B582226
:104720001A604FF0FF30704774BC0020024B5822D3
:104730001A604FF0FF30704774BC0020024B5822C3
:104740001A604FF0FF30704774BC0020024B5822B3
:104750001A600020704700BF74BC0020024B582232
:104760001A604FF0FF30704774BC0020024B582293
:104770001A604FF0FF30704774BC0020024B582283
:104780001A604FF0FF30704774BC0020FEE700BF96
:10479000F8B500BFF8BC08BC9E467047F8B500BF2E
:1047A000F8BC08BC9E4670472F75736167652E6222
:1047B000696E00002F636F6E6669672E62696E0016
:1047C0004E6F56617065204F6E6500004E6F5661EA
:1047D000706500004E6F56617065204F6E65205603
:1047E00030000000302E312E300000003300000079
:1047F000000000656E4F657061766F6E10000000FE
:10480000000000656E4F657061766F6E01000000FC
:10481000000000656E4F657061766F6E30000000BD
:10482000000000656E4F657061766F6E20000000BD
:10483000000000656E4F657061766F6E11000000BC
:10484000000000656E4F657061766F6E320000008B
:10485000000000656E4F657061766F6E310000007C
:10486000000000656E4F657061766F6E00050A147A
:104870001E28323C4B5A6400E40CAC0D100E740E32
:10488000A60ED80E0A0F3C0FA00F041068100000EF
:10489000000023003C005A000096C8FF11000000F1
:1048A0000000000000000000659102007D91020000
:1048B00099910200959302000000000000000000A2
:1048C000719B0200959B0200100018000000C800B8
:1048D0000000000000000000B5B00200B5B002000A
:1048E000B9B002000000000000000000000000005D
:1048F00031B1020035B102005075626C696300008D
:104900005374617469630000507269766174652044
:104910005265736F6C7661626C65000050726976E7
:10492000617465204E6F6E205265736F6C766162A4
:104930006C6500005849414F206E5246353238347C
:1049400030000000424C4500534F4300F84804003B
:1049500000490400084904001C4904000100000744
:1049600011000000D8ECF0F4F8FC00020304050686
:10497000070800000000000000000000B5B00200C1
:10498000B5B002002DBD0200312E312E31330000B2
:10499000416461667275697420496E6475737472DE
:1049A000696573000000000000000000B5B002005F
:1049B000B5B00200EDBD02002F61646166727569D9
:1049C000742F626F6E645F70727068002F61646133
:1049D00066727569742F626F6E645F636E747200C5
:1049E0002F61646166727569742F626F6E645F70A7
:1049F0007270682F253032582530325825303258A1
:104A00002530325825303258253032580000000009
:104A10002F61646166727569742F626F6E645F6383
:104A20006E74722F25303258253032582530325866
:104A300025303258253032582530325800000000D9
:104A4000253032583A253032583A253032583A25F6
:104A50003032583A253032583A253032580000006A
:104A600054696E795553422053657269616C000038
:104A7000000000000000000055C902000DC902003E
:104A8000FDC8020079C80200C5C8020099C802002A
:104A9000F1C8020091C70200F0FFFFFF0000000014
:104AA000C1C90200536565656400000030313233CE
:104AB000343536373839414243444546000000001A
:104AC000120100020000004086284480000101021B
:104AD0000301000009020900000100A032000000EB
:104AE0004164616672756974000000004D61737302
:104AF0002053746F7261676500000000312E300032
:104B00007573626400000000050F3900021810057B
:104B10000038B60834A909A0478BFDA0768815B6E1
:104B200065000101011C100500DF60DDD88945C763
:104B30004C9CD2659D9E648A9F00000306B20002D1
:104B400000000000F1D3020069D4020095D40200F5
:104B50008DD502004DD602000000000095DF020056
:104B6000A5DF0200B5DF020049E002007DE102009E
:104B700000000000D5D70200E5D70200F5D70200FB
:104B8000B5D80200B5DA02000000000095DB020093
:104B9000F5DB02001DDC02004DDD020051DD0200EC
:104BA0000000000051E80200ADE80200CDE802007C
:104BB000A1D10200B5E902000000000000010101DE
:104BC0000000000000000000351003003910030051
:104BD0002E0000002E2E00002F000000000000001C
:104BE00000000000C11303003D120300C9BC020015
:104BF000ED120300651303007D120300311303005F
:104C0000626C6F636B203C206C66732D3E6366673D
:104C10002D3E626C6F636B5F636F756E7400000096
:104C20002F746D702F636C617564652D302F2D6846
:104C30006F6D652D757365722D5454726164696E64
:104C4000672D44617368626F6172642F6439323515
:104C5000346431342D613130312D353237392D62A4
:104C60003834372D33356663373661623638383637
:104C70002F736372617463687061642F746F6F6CFB
:104C8000732F6172642D646174612F7061636B6155
:104C90006765732F536565656475696E6F2F68610D
:104CA0007264776172652F6E726635322F312E31E4
:104CB0002E31332F6C69627261726965732F4164A2
:104CC0006166727569745F4C6974746C6546532FC4
:104CD0007372632F6C6974746C6566732F6C667382
:104CE0002E63000068656164203E3D203220262648
:104CF0002068656164203C3D206C66732D3E6366D0
:104D0000672D3E626C6F636B5F636F756E7400003E
:104D10007063616368652D3E626C6F636B203D3D1F
:104D20002030786666666666666666006E626C6FE0
:104D3000636B203E3D2032202626206E626C6F631E
:104D40006B203C3D206C66732D3E6366672D3E6292
:104D50006C6F636B5F636F756E740000656E747269
:104D6000792E642E74797065203D3D204C46535F4A
:104D7000545950455F52454700000000726573006A
:104D80006C66732D3E6366672D3E6C6F6F6B61685A
:104D90006561642025203332203D3D203000000035
:104DA0006C66732D3E6366672D3E6C6F6F6B61683A
:104DB000656164203E2030006C66732D3E6366673B
:104DC0002D3E70726F675F73697A652025206C666F
:104DD000732D3E6366672D3E726561645F73697A09
:104DE00065203D3D203000006C66732D3E63666794
:104DF0002D3E626C6F636B5F73697A652025206C52
:104E000066732D3E6366672D3E70726F675F7369D0
:104E10007A65203D3D203000342A6C66735F6E70E9
:104E200077322830786666666666666666202F206A
:104E3000286C66732D3E6366672D3E626C6F636BF4
:104E40005F73697A652D322A342929203C3D206C14
:104E500066732D3E6366672D3E626C6F636B5F7396
:104E6000697A65006C6974746C6566730000000093
:104E70006C66735F63616368655F7265616400009F
:104E80006C66735F63616368655F70726F67000073
:104E90006C66735F63747A5F66696E64000000001D
:104EA0006C66735F63747A5F657874656E64000026
:104EB0006C66735F66696C655F73796E6300000092
:104EC0006C66735F72656D6F766500006C66735F0C
:104ED000696E697400000000000000006410B71DD6
:104EE000C8206E3BAC30D9269041DC76F4516B6B18
:104EF0005861B24D3C7105502083B8ED44930FF0DA
:104F0000E8A3D6D68CB361CBB0C2649BD4D2D3868F
:104F100078E20AA01CF2BDBD000000000000000005
:104F2000B56A0300C96A0300000000000000000029
:104F30001D6F0300556F0300C9BC0200156F03000D
:104F4000456F03004D6F0300116F03000000000068
:104F50000338FDD8704700008813000010270000B8
:104F6000204E0000409C00008038010000710200CB
:104F700000E2040000C409000088130000102700AC
:104F800000204E0000409C000080380100007102AB
:104F90000000E2040000C40900008813000010278C
:104FA0000000000002000000030000001C000000E0
:104FB0001D00000004000000050000002B000000A0
:104FC0002C0000002D0000002E0000002F0000002B
:104FD0001A000000060000001E0000000E00000085
:104FE000280000001B000000070000000B0000006C
:104FF0002A00000020000000100000000D0000004A
:10500000110000001500000019000000140000004D
:105010001800000016000000170000000900000042
:105020000A0000001F000000546D725100000000D3
:10503000546D7220537663006C6F6F700000000037
:1050400043616C6C6261636B0000000073256C75DA
:1050500020256C752E256C752E256C7500000000C2
:105060002530386C582530386C5800004661696C22
:1050700020746F2061637175697265206D75746548
:10508000780A00004661696C20746F2072656C6557
:10509000617365206D757465780A00004661696CFE
:1050A00020746F20696E63726561736520504D20B6
:1050B000636F756E7465720A000000004661696C6A
:1050C00020746F20646563726561736520504D20A4
:1050D000636F756E7465720A0000000000010203C0
:1050E0000405060708090A0B0C0D0E0F1011121308
:1050F0001415161718191A1B1C1D1E1FC6A13B37A5
:10510000878F5B826F4F8162A1C8D8799503E3A234
:10511000245A2BE43C9874EDFE1BED9EF29000B6F1
:105120002A499FD0A9F39A6ADD2E77809DBA41A7BC
:1051300077F3B46A37B7AAAE49D6DF8D2F7A3C60D1
:105140000708D124ACD3C5DE3B65844700000000CE
:10515000010000000300000002000000FFFFFFFF4D
:10516000070000004661696C20746F206765742039
:1051700054524E4720636861726163746572697A44
:105180006174696F6E20706172616D6574657273B0
:10519000200A00004661696C20746F2063726561AB
:1051A00074652053594D206D757465780A000000B0
:1051B0004661696C20746F2063726561746520417B
:1051C00053594D206D757465780A00004661696C0D
:1051D000656420746F2063726561746520506F7719
:1051E0006572206D757465780A0000004661696C0F
:1051F00020746F206372656174652047656E566523
:1052000063206D757465780A0000000043616E27A5
:105210007420696E697469616C697A65206D757452
:1052200065782C20776173204E554C4C0D0A000098
:1052300043616E2774206C6F636B206D75746578A5
:105240002C20776173204E554C4C0D0A0000000055
:1052500043616E277420756E6C6F636B206D75747F
:1052600065782C20776173204E554C4C0D0A000058
:10527000536153695F48616C57616974496E746525
:1052800072727570742063616E7420776169742026
:10529000666F72206E6F7468696E670A00000000A6
:1052A000000102030405060708090A0B0C0D0E0F86
:1052B000101112131415161718191A1B1C1D1E1F76
:1052C000810704008907040091070400990704007E
:1052D000A1070400A9070400B1070400B9070400EE
:1052E000C1070400C9070400D10704000000000042
:1052F00073ACFFFFFEFFFFFFFFFFFFFFFFFFFFFF9E
:10530000FFFFFFFF000000000000000000000000A1
:10531000000000000000000000000000000000008D
:10532000000000000000000000000000000000007D
:10533000000000000000000000000000000000006D
:10534000000000000000000000000000000000005D
:10535000000000000000000000000000000000004D
:10536000000000000000000000000000000000003D
:10537000000000000000000000000000000000002D
:105380000700000000000000000000000000000016
:10539000000000000000000000000000000000000D
:1053A00000000000000000000000000000000000FD
:1053B00000000000000000000000000000000000ED
:1053C0000000000000000000B3B616CA9AABDF165A
:1053D000FAB8010000000000000000000100000019
:1053E00000000000000000000000000000000000BD
:1053F00000000000000000000000000000000000AD
:10540000000000000000000000000000000000009C
:1054100000000000BB7E4DDDF5F43630769E01A421
:1054200092A17AE32C384C3B000000000000000001
:10543000000000000000000000000000000000006C
:10544000000000000000000000000000000000005C
:10545000000000000000000000000000EE4F3CF0E3
:10546000C33317538682C26BEDDC8F3135F98C93D1
:10547000000000000000000000000000000000002C
:10548000000000000000000000000000000000001C
:10549000000000000000000000000000000000000C
:1054A00000000000010000000000000000000000FB
:1054B000800000000000000000000000FFFFFFFF70
:1054C000FFFFFFFFFF0000000000000000000000E1
:1054D00000000000000000000000000000000000CC
:1054E00000000000000000000000000000000000BC
:1054F00000000000000000000000000000000000AC
:10550000000000000000000000000000000000009B
:10551000000000000000000000000000000000008B
:10552000000000000000000000000000000000007B
:10553000000000000000000000000000000000006B
:10554000000000000000000000000000000000005B
:10555000000000000000000000000000000000004B
:10556000000000000000000000000000000000003B
:10557000000000000000000000000000000000002B
:10558000000000000000000000000000000000001B
:10559000000000000000000000000000000000000B
:1055A0000000000000000000A0000000A1000000BA
:1055B0000500000000000000534543475F5052497A
:1055C0004D455F3136304B3100000000FFFFFF7F5B
:1055D000FFFFFFFFFFFFFFFFFFFFFFFFFFFFFFFFDB
:1055E00000000000000000000000000000000000BB
:1055F00000000000000000000000000000000000AB
:10560000000000000000000000000000000000009A
:1056100000000000FCFFFF7FFFFFFFFFFFFFFFFF19
:10562000FFFFFFFFFFFFFFFF000000000000000082
:10563000000000000000000000000000000000006A
:10564000000000000000000000000000000000005A
:1056500000000000000000000000000045FA65C5E1
:10566000ADD4D4819FF8AC658B7ABD54FCBE971C39
:10567000000000000000000000000000000000002A
:10568000000000000000000000000000000000001A
:10569000000000000000000000000000000000000A
:1056A00000000000572275CAD3AE27F9C8F40100E4
:1056B00000000000000000000100000000000000E9
:1056C00000000000000000000000000000000000DA
:1056D00000000000000000000000000000000000CA
:1056E00000000000000000000000000000000000BA
:1056F00082FCCB13B98BC368896964462873F58E25
:1057000068B5964A0000000000000000000000009C
:105710000000000000000000000000000000000089
:105720000000000000000000000000000000000079
:10573000000000000000000032FBC57A375123044E
:1057400012C9DC597D9468315528A6230000000059
:105750000000000000000000000000000000000049
:105760000000000000000000000000000000000039
:105770000000000000000000000000000000000029
:105780000100000000000000000000008000000098
:105790000000000000000000FFFFFFFFFFFFFFFF11
:1057A000FF000000000000000000000000000000FA
:1057B00000000000000000000000000000000000E9
:1057C00000000000000000000000000000000000D9
:1057D00000000000000000000000000000000000C9
:1057E00000000000000000000000000000000000B9
:1057F00000000000000000000000000000000000A9
:105800000000000000000000000000000000000098
:105810000000000000000000000000000000000088
:105820000000000000000000000000000000000078
:105830000000000000000000000000000000000068
:105840000000000000000000000000000000000058
:105850000000000000000000000000000000000048
:105860000000000000000000000000000000000038
:105870000000000000000000000000000000000028
:1058800000000000A0000000A100000005000000D2
:1058900001000000534543475F5052494D455F3179
:1058A000363052310000000073ACFFFFFEFFFFFFF7
:1058B000FFFFFFFFFFFFFFFFFFFFFFFF00000000F4
:1058C00000000000000000000000000000000000D8
:1058D00000000000000000000000000000000000C8
:1058E00000000000000000000000000000000000B8
:1058F00070ACFFFFFEFFFFFFFFFFFFFFFFFFFFFF9B
:10590000FFFFFFFF0000000000000000000000009B
:105910000000000000000000000000000000000087
:105920000000000000000000000000000000000077
:105930000000000000000000BA8803F55A4D66041C
:10594000492757AB8BEB59FBD334E1B4000000007F
:105950000000000000000000000000000000000047
:105960000000000000000000000000000000000037
:105970000000000000000000000000000000000027
:105980006BA1A1F318A886E71E35000000000000F7
:105990000000000001000000000000000000000006
:1059A00000000000000000000000000000000000F7
:1059B00000000000000000000000000000000000E7
:1059C0000000000000000000000000006DCE443127
:1059D0009D19F7301BF14F1F7E113A2934B0DC526C
:1059E00000000000000000000000000000000000B7
:1059F00000000000000000000000000000000000A7
:105A00000000000000000000000000000000000096
:105A1000000000002E3FD4A7FE2C98F90DFA71E08B
:105A200096F231E3F2FEAFFE00000000000000003D
:105A30000000000000000000000000000000000066
:105A40000000000000000000000000000000000056
:105A50000000000000000000000000000100000045
:105A600000000000000000008000000000000000B6
:105A700000000000FFFFFFFFFFFFFFFFFF0000002F
:105A80000000000000000000000000000000000016
:105A90000000000000000000000000000000000006
:105AA00000000000000000000000000000000000F6
:105AB00000000000000000000000000000000000E6
:105AC00000000000000000000000000000000000D6
:105AD00000000000000000000000000000000000C6
:105AE00000000000000000000000000000000000B6
:105AF00000000000000000000000000000000000A6
:105B00000000000000000000000000000000000095
:105B10000000000000000000000000000000000085
:105B20000000000000000000000000000000000075
:105B30000000000000000000000000000000000065
:105B40000000000000000000000000000000000055
:105B50000000000000000000000000000000000045
:105B6000A0000000A10000000500000002000000ED
:105B7000534543475F5052494D455F3136305232AD
:105B80000000000037EEFFFFFEFFFFFFFFFFFFFFFB
:105B9000FFFFFFFFFFFFFFFFFFFFFFFF0000000011
:105BA00000000000000000000000000000000000F5
:105BB00000000000000000000000000000000000E5
:105BC00000000000000000000000000000000000D5
:105BD00000000000000000000000000000000000C5
:105BE00000000000000000000000000000000000B5
:105BF00000000000000000000000000000000000A5
:105C00000000000000000000000000000000000094
:105C10000000000003000000000000000000000081
:105C20000000000000000000000000000000000074
:105C30000000000000000000000000000000000064
:105C40000000000000000000000000000000000054
:105C50000000000000000000000000008DFDDE7468
:105C60006A46690F17FCF226FEFFFFFFFFFFFFFFEA
:105C7000FFFFFFFF00000000000000000000000028
:105C80000000000000000000000000000000000014
:105C90000000000000000000000000000000000004
:105CA00000000000000000007D6CE0EAB1D1A51DFD
:105CB00034F4B780027DB026AEE957C00EF14FDB59
:105CC00000000000000000000000000000000000D4
:105CD00000000000000000000000000000000000C4
:105CE00000000000000000000000000000000000B4
:105CF0009D2F5ED988AA82403486BE15D063418428
:105D0000A728569C6D2F2F9B00000000000000006C
:105D10000000000000000000000000000000000083
:105D20000000000000000000000000000000000073
:105D30000000000000000000010000000000000062
:105D400000000000800000000000000000000000D3
:105D500000000000000000008000000000000000C3
:105D60000000000000000000000000000000000033
:105D70000000000000000000000000000000000023
:105D80000000000000000000000000000000000013
:105D90000000000000000000000000000000000003
:105DA00000000000000000000000000000000000F3
:105DB00000000000000000000000000000000000E3
:105DC00000000000000000000000000000000000D3
:105DD00000000000000000000000000000000000C3
:105DE00000000000000000000000000000000000B3
:105DF00000000000000000000000000000000000A3
:105E00000000000000000000000000000000000092
:105E10000000000000000000000000000000000082
:105E20000000000000000000000000000000000072
:105E3000000000000000000000000000C0000000A2
:105E4000C000000005000000030000005345434768
:105E50005F5052494D455F3139324B3100000000EF
:105E6000FFFFFFFFFFFFFFFFFEFFFFFFFFFFFFFF43
:105E7000FFFFFFFFFFFFFFFF00000000000000002A
:105E80000000000000000000000000000000000012
:105E90000000000000000000000000000000000002
:105EA0000000000000000000FCFFFFFFFFFFFFFFFD
:105EB000FEFFFFFFFFFFFFFFFFFFFFFFFFFFFFFFF3
:105EC00000000000000000000000000000000000D2
:105ED00000000000000000000000000000000000C2
:105EE00000000000000000000000000000000000B2
:105EF000B1B946C1ECDEB8FE49302472ABE9A70F58
:105F0000E7809CE519052164000000000000000006
:105F10000000000000000000000000000000000081
:105F20000000000000000000000000000000000071
:105F300000000000000000003128D2B4B1C96B1489
:105F400036F8DE99FFFFFFFFFFFFFFFFFFFFFFFFB8
:105F50000000000000000000000000000000000041
:105F60000000000000000000000000000000000031
:105F70000000000000000000000000000000000021
:105F8000000000001210FF82FD0AFFF40088A14308
:105F9000EB20BF7CF69030B00EA88D1800000000FA
:105FA00000000000000000000000000000000000F1
:105FB00000000000000000000000000000000000E1
:105FC0000000000000000000000000001148791EE1
:105FD000A177F973D5CD246BED11106378DAC8FF82
:105FE000952B1907000000000000000000000000D1
:105FF00000000000000000000000000000000000A1
:106000000000000000000000000000000000000090
:10601000000000000100000000000000000000007F
:1060200080000000000000000000000000000000F0
:1060300000000000800000000000000000000000E0
:106040000000000000000000000000000000000050
:106050000000000000000000000000000000000040
:106060000000000000000000000000000000000030
:106070000000000000000000000000000000000020
:106080000000000000000000000000000000000010
:106090000000000000000000000000000000000000
:1060A00000000000000000000000000000000000F0
:1060B00000000000000000000000000000000000E0
:1060C00000000000000000000000000000000000D0
:1060D00000000000000000000000000000000000C0
:1060E00000000000000000000000000000000000B0
:1060F00000000000000000000000000000000000A0
:10610000000000000000000000000000000000008F
:106110000000000000000000C0000000C0000000FF
:106120000500000004000000534543475F505249FA
:106130004D455F3139325231000000006DE5FFFFFF
:10614000FEFFFFFFFFFFFFFFFFFFFFFFFFFFFFFF60
:10615000FFFFFFFFFFFFFFFF000000000000000047
:10616000000000000000000000000000000000002F
:10617000000000000000000000000000000000001F
:10618000000000000000000000000000000000000F
:1061900000000000000000000000000000000000FF
:1061A00000000000000000000000000000000000EF
:1061B00000000000000000000000000000000000DF
:1061C00000000000000000000000000005000000CA
:1061D00000000000000000000000000000000000BF
:1061E00000000000000000000000000000000000AF
:1061F000000000000000000000000000000000009F
:10620000000000000000000000000000000000008E
:1062100000000000F7B19F7671A9F0CA8461ECD24A
:10622000E8DC0100000000000000000000000000A9
:10623000010000000000000000000000000000005D
:10624000000000000000000000000000000000004E
:10625000000000000000000000000000000000003E
:106260005CA4B7B60E657E0FA97570E4E967A469F2
:10627000A128FC30DF99F04D335B45A10000000000
:10628000000000000000000000000000000000000E
:1062900000000000000000000000000000000000FE
:1062A0000000000000000000A5616D55DB4BCAE254
:1062B00059BDB0C0F719E3F7D6FBCA824234BA7FA2
:1062C000ED9F087E000000000000000000000000BC
:1062D00000000000000000000000000000000000BE
:1062E00000000000000000000000000000000000AE
:1062F000010000000000000000000000800000001D
:106300000000000000000000FFFFFFFFFFFFFFFF95
:10631000FF0000000000000000000000000000007E
:10632000000000000000000000000000000000006D
:10633000000000000000000000000000000000005D
:10634000000000000000000000000000000000004D
:10635000000000000000000000000000000000003D
:10636000000000000000000000000000000000002D
:10637000000000000000000000000000000000001D
:10638000000000000000000000000000000000000D
:1063900000000000000000000000000000000000FD
:1063A00000000000000000000000000000000000ED
:1063B00000000000000000000000000000000000DD
:1063C00000000000000000000000000000000000CD
:1063D00000000000000000000000000000000000BD
:1063E00000000000000000000000000000000000AD
:1063F00000000000E0000000E100000005000000D7
:1064000005000000534543475F5052494D455F32F8
:1064100032344B3100000000010000000000000099
:1064200000000000FFFFFFFFFFFFFFFFFFFFFFFF78
:10643000FFFFFFFF00000000000000000000000060
:10644000000000000000000000000000000000004C
:10645000000000000000000000000000000000003C
:10646000FEFFFFFFFFFFFFFFFFFFFFFFFEFFFFFF3E
:10647000FFFFFFFFFFFFFFFFFFFFFFFF0000000028
:10648000000000000000000000000000000000000C
:1064900000000000000000000000000000000000FC
:1064A0000000000000000000B4FF552343390B2713
:1064B000BAD8BFD7B7B04450563241F5ABB3040C8D
:1064C000850A05B400000000000000000000000084
:1064D00000000000000000000000000000000000BC
:1064E00000000000000000000000000000000000AC
:1064F0003D2A5C5C4529DD133EF0B8E0A216FFFFA3
:10650000FFFFFFFFFFFFFFFFFFFFFFFF0000000097
:10651000000000000000000000000000000000007B
:10652000000000000000000000000000000000006B
:10653000000000000000000000000000211D5C11B0
:10654000D68032342211C256D3C1034AB9901332D5
:106550007FBFB46BBD0C0EB7000000000000000050
:10656000000000000000000000000000000000002B
:10657000000000000000000000000000000000001B
:1065800000000000347E00859981D5446447075A95
:10659000A07543CDE6DF224CFB23F7B5886337BDFA
:1065A00000000000000000000000000000000000EB
:1065B00000000000000000000000000000000000DB
:1065C00000000000000000000000000001000000CA
:1065D000000000000000000080000000000000003B
:1065E000000000000000000000000000800000002B
:1065F000000000000000000000000000000000009B
:10660000000000000000000000000000000000008A
:10661000000000000000000000000000000000007A
:10662000000000000000000000000000000000006A
:10663000000000000000000000000000000000005A
:10664000000000000000000000000000000000004A
:10665000000000000000000000000000000000003A
:10666000000000000000000000000000000000002A
:10667000000000000000000000000000000000001A
:10668000000000000000000000000000000000000A
:1066900000000000000000000000000000000000FA
:1066A00000000000000000000000000000000000EA
:1066B00000000000000000000000000000000000DA
:1066C00000000000000000000000000000000000CA
:1066D000E0000000E00000000500000006000000EF
:1066E000534543475F5052494D455F323234523132
:1066F000000000002FFCFFFFFEFFFFFFFFFFFFFF7A
:10670000FFFFFFFFFFFFFFFFFFFFFFFFFFFFFFFF99
:10671000FFFFFFFF0000000000000000000000007D
:106720000000000000000000000000000000000069
:106730000000000000000000000000000000000059
:106740000000000000000000000000000000000049
:106750000000000000000000000000000000000039
:106760000000000000000000000000000000000029
:106770000000000000000000000000000000000019
:106780000000000007000000000000000000000002
:1067900000000000000000000000000000000000F9
:1067A00000000000000000000000000000000000E9
:1067B00000000000000000000000000000000000D9
:1067C000000000000000000000000000414136D041
:1067D0008C5ED2BF3BA048AFE6DCAEBAFEFFFFFF47
:1067E000FFFFFFFFFFFFFFFFFFFFFFFF00000000B5
:1067F0000000000000000000000000000000000099
:106800000000000000000000000000000000000088
:1068100000000000000000009817F8165B81F25994
:10682000D928CE2DDBFC9B02070B87CE9562A055A5
:10683000ACBBDCF97E66BE79000000000000000001
:106840000000000000000000000000000000000048
:106850000000000000000000000000000000000038
:10686000B8D410FB8FD0479C195485A648B417FDA7
:10687000A808110EFCFBA45D65C4A32677DA3A488C
:106880000000000000000000000000000000000008
:1068900000000000000000000000000000000000F8
:1068A00000000000000000000100000000000000E7
:1068B0000000000080000000000000000000000058
:1068C0000000000000000000800000000000000048
:1068D00000000000000000000000000000000000B8
:1068E00000000000000000000000000000000000A8
:1068F0000000000000000000000000000000000098
:106900000000000000000000000000000000000087
:106910000000000000000000000000000000000077
:106920000000000000000000000000000000000067
:106930000000000000000000000000000000000057
:106940000000000000000000000000000000000047
:106950000000000000000000000000000000000037
:106960000000000000000000000000000000000027
:106970000000000000000000000000000000000017
:106980000000000000000000000000000000000007
:1069900000000000000000000000000000000000F7
:1069A00000000000000000000000000000010000E6
:1069B00000010000050000000700000053454347A8
:1069C0005F5052494D455F3235364B310000000073
:1069D000FFFFFFFFFFFFFFFFFFFFFFFF00000000C3
:1069E000000000000000000001000000FFFFFFFFAA
:1069F0000000000000000000000000000000000097
:106A00000000000000000000000000000000000086
:106A10000000000000000000FCFFFFFFFFFFFFFF81
:106A2000FFFFFFFF0000000000000000000000006A
:106A300001000000FFFFFFFF000000000000000059
:106A40000000000000000000000000000000000046
:106A50000000000000000000000000000000000036
:106A60004B60D2273E3CCE3BF6B053CCB0061D6502
:106A7000BC86987655BDEBB3E7933AAAD835C65A8B
:106A80000000000000000000000000000000000006
:106A900000000000000000000000000000000000F6
:106AA0000000000000000000512563FCC2CAB9F3D9
:106AB000849E17A7ADFAE6BCFFFFFFFFFFFFFFFFB5
:106AC00000000000FFFFFFFF0000000000000000CA
:106AD00000000000000000000000000000000000B6
:106AE00000000000000000000000000000000000A6
:106AF0000000000096C298D84539A1F4A033EB2DD0
:106B0000817D0377F240A463E5E6BCF847422CE1BF
:106B1000F2D1176B00000000000000000000000030
:106B20000000000000000000000000000000000065
:106B3000000000000000000000000000F551BF3719
:106B40006840B6CBCE5E316B5733CE2B169E0F7C92
:106B50004AEBE78E9B7F1AFEE242E34F0000000003
:106B60000000000000000000000000000000000025
:106B70000000000000000000000000000000000015
:106B80000000000001000000FFFFFFFF7F00000089
:106B9000800000000000000000000000FFFFFFFF79
:106BA0007F000000800000000000000000000000E6
:106BB00000000000000000000000000000000000D5
:106BC00000000000000000000000000000000000C5
:106BD00000000000000000000000000000000000B5
:106BE00000000000000000000000000000000000A5
:106BF0000000000000000000000000000000000095
:106C00000000000000000000000000000000000084
:106C10000000000000000000000000000000000074
:106C20000000000000000000000000000000000064
:106C30000000000000000000000000000000000054
:106C40000000000000000000000000000000000044
:106C50000000000000000000000000000000000034
:106C60000000000000000000000000000000000024
:106C70000000000000000000000000000000000014
:106C80000000000000000000000100000001000002
:106C90000500000008000000534543475F5052497B
:106CA0004D455F323536523100000000FFFFFFFFD7
:106CB0000000000000000000FFFFFFFFFEFFFFFFDD
:106CC000FFFFFFFFFFFFFFFFFFFFFFFFFFFFFFFFD4
:106CD000FFFFFFFFFFFFFFFFFFFFFFFF00000000C0
:106CE00000000000000000000000000000000000A4
:106CF00000000000FCFFFFFF00000000000000009B
:106D0000FFFFFFFFFEFFFFFFFFFFFFFFFFFFFFFF94
:106D1000FFFFFFFFFFFFFFFFFFFFFFFFFFFFFFFF83
:106D2000FFFFFFFF00000000000000000000000067
:106D3000000000000000000000000000EF2AECD37B
:106D4000EDC8852A9DD12E8A8D3956C65A87135093
:106D50008F081403124181FE6E9C1D18192DF8E353
:106D60006B058E98E4E73EE2A72F31B300000000E8
:106D70000000000000000000000000000000000013
:106D8000000000007329C5CC6A19ECEC7AA7B04862
:106D9000B20D1A58DF2D37F4814D63C7FFFFFFFF97
:106DA000FFFFFFFFFFFFFFFFFFFFFFFFFFFFFFFFF3
:106DB000FFFFFFFF000000000000000000000000D7
:106DC00000000000000000000000000000000000C3
:106DD000B70A7672385E543A6C2955BF5DF2025597
:106DE000382A5482E041F759989BA78B623B1D6E6D
:106DF00074AD20F31EC7B18E37058BBE22CA87AA99
:106E00000000000000000000000000000000000082
:106E100000000000000000005F0EEA907C1D437A35
:106E20009D817E1DCEB1600AC0B8F0B51331DAE99C
:106E30007C149A28BD1DF4F829DC9292BF989E5DBF
:106E40006F2C26964ADE1736000000000000000076
:106E50000000000000000000000000000000000032
:106E600001000000000000000000000080000000A1
:106E70000000000000000000000000000000000012
:106E80008000000000000000000000000000000082
:106E900000000000000000000000000000000000F2
:106EA00000000000000000000000000000000000E2
:106EB00000000000000000000000000000000000D2
:106EC00000000000000000000000000000000000C2
:106ED00000000000000000000000000000000000B2
:106EE00000000000000000000000000000000000A2
:106EF0000000000000000000000000000000000092
:106F00000000000000000000000000000000000081
:106F10000000000000000000000000000000000071
:106F20000000000000000000000000000000000061
:106F30000000000000000000000000000000000051
:106F40000000000000000000000000000000000041
:106F50000000000000000000000000000000000031
:106F6000000000008001000080010000050000001A
:106F700009000000534543475F5052494D455F3378
:106F80003834523100000000FFFFFFFFFFFFFFFF1A
:106F9000FFFFFFFFFFFFFFFFFFFFFFFFFFFFFFFF01
:106FA000FFFFFFFFFFFFFFFFFFFFFFFFFFFFFFFFF1
:106FB000FFFFFFFFFFFFFFFFFFFFFFFFFFFFFFFFE1
:106FC000FFFFFFFFFFFFFFFFFF01000000000000C9
:106FD000FCFFFFFFFFFFFFFFFFFFFFFFFFFFFFFFC4
:106FE000FFFFFFFFFFFFFFFFFFFFFFFFFFFFFFFFB1
:106FF000FFFFFFFFFFFFFFFFFFFFFFFFFFFFFFFFA1
:10700000FFFFFFFFFFFFFFFFFFFFFFFFFFFFFFFF90
:10701000FF01000000000000003F506BD41F45EF4F
:10702000F1342C3D88DF733507BFB13BBDC052162C
:107030007B937EEC51391956E109F18E9189B4B8F0
:10704000F315B3995B72DAA2EE4085B6A0219A924D
:107050001F9A1C8E61B93E9551000000000000008F
:10706000096438911EB76FBBAE479C89B8C9B53B60
:10707000D0A509F74801CC7F6B962FBF8387865137
:10708000FAFFFFFFFFFFFFFFFFFFFFFFFFFFFFFF15
:10709000FFFFFFFFFFFFFFFFFFFFFFFFFFFFFFFF00
:1070A000FF010000000000000000000066BDE5C216
:1070B000317E7EF99B426A85C1B34833DEA8FFA2C8
:1070C00027C11DFE2859E7EF775E4BA1BA3D4D6BF6
:1070D00060AF28F821B53F053981649C42B49523FF
:1070E00066CB3E9ECDE90404B7068E85C60000003F
:1070F000000000005066D19F7694BE8840C272A204
:1071000086703C356107AD3F01B950C54026F45E3D
:107110009972EE972C663E2717BDAF1768449B57B0
:107120004944F598D91B7D2CB45F8A5C04C03B9A16
:10713000786A2939180100000000000001000000F1
:1071400000000000000000008000000000000000BF
:1071500000000000000000000000000080000000AF
:10716000000000000000000000000000000000001F
:10717000000000000000000000000000000000000F
:1071800000000000000000000000000000000000FF
:1071900000000000000000000000000000000000EF
:1071A00000000000000000000000000000000000DF
:1071B00000000000000000000000000000000000CF
:1071C00000000000000000000000000000000000BF
:1071D00000000000000000000000000000000000AF
:1071E000000000000000000000000000000000009F
:1071F000000000000000000000000000000000008F
:10720000000000000000000000000000000000007E
:10721000000000000000000000000000000000006E
:10722000000000000000000000000000000000005E
:10723000000000000000000000000000000000004E
:107240000902000009020000050000000A00000019
:10725000534543475F5052494D455F3532315231B6
:10726000000000002C2066756E6374696F6E3A2012
:1072700000617373657274696F6E2022257322201A
:107280006661696C65643A2066696C6520222573C5
:10729000222C206C696E65202564257325730A00F5
:1072A000D4610020232D302B2000686C4C006566D3
:1072B0006745464700494E4600696E66004E414E9E
:1072C000006E616E0030003031323334353637387D
:1072D0003941424344454600303132333435363744
:1072E0003839616263646566000020202020202018
:1072F0002020202828282828202020202020202066
:107300002020202020202020202088101010101065
:1073100010101010101010101010040404040404B5
:107320000404040410101010101010414141414198
:1073300041010101010101010101010101010101FD
:10734000010101010110101010101042424242428E
:1073500042020202020202020202020202020202CD
:1073600002020202021010101020000000000000B3
:10737000000000000000000000000000000000000D
:1073800000000000000000000000000000000000FD
:1073900000000000000000000000000000000000ED
:1073A00000000000000000000000000000000000DD
:1073B00000000000000000000000000000000000CD
:1073C00000000000000000000000000000000000BD
:1073D00000000000000000000000000000000000AD
:1073E00000000000000000000000496E66696E6940
:1073F0007479004E614E00000000000000000000A3
:10740000000000000000000000000000000000007C
:10741000000000000000000000000000000000006C
:10742000000000000000000000000000000000005C
:10743000000000000000000000000000000000004C
:10744000000000000000000000000000000000003C
:1074500000000000000000004300504F5349580056
:107460002E000000000000000080E03779C3414397
:10747000176E05B5B5B89346F5F93FE9034F384D9A
:10748000321D30F94877825A3CBF737FDD4F157546
:10749000000000000000F03F000000000000244059
:1074A00000000000000059400000000000408F4034
:1074B000000000000088C34000000000006AF8409F
:1074C0000000000080842E4100000000D0126341C3
:1074D0000000000084D797410000000065CDCD4139
:1074E000000000205FA00242000000E8764837421A
:1074F000000000A2941A6D42000040E59C30A242B8
:107500000000901EC4BCD64200003426F56B0C432C
:107510000080E03779C3414300A0D88557347643D3
:1075200000C84E676DC1AB43003D9160E458E14334
:10753000408CB5781DAF154450EFE2D6E41A4B44A9
:1075400092D54D06CFF08044F64AE1C7022DB544EE
:10755000B49DD9794378EA44050000001900000081
:087560007D00000000000000A6
:08756800E8FCFD7F01000000BA
:1075700000000000000000000000C07F00000000CC
:1075800000000000000000000000000000000000FB
:1075900000000000000000000000000000000000EB
:1075A00000000000000000000000000000000000DB
:1075B00000000000000000000000000000000000CB
:1075C000FFFF00000A00000000000306B2000800F0
:1075D00001000000A800080002000000A000140044
:1075E000030057494E5553420000000000000000C0
:1075F00000008400040007002A00440065007600B3
:1076000069006300650049006E0074006500720047
:1076100066006100630065004700550049004400B2
:107620007300000050007B00390037003500460031
:1076300034003400440039002D0030004400300094
:1076400038002D0034003300460044002D0038007F
:107650004200330045002D00310032003700430066
:107660004100380041004600460046003900440011
:107670007D0000000000000010000C00AC9A00200B
:1076800000000000000000000000000000000000FA
:1076900000000000000000000000000000000000EA
:1076A00000000000000000000000000000000000DA
:1076B00000000000000000000000000000000000CA
:1076C00000000000000000000000000000000000BA
:1076D00000000000396B03001D6B0300F16A03001A
:1076E000E56A0300800000008000000080000000C8
:1076F000E00000008000000000000000000000002A
:107700000000000000000000D56D03003D6D030087
:10771000316D0300216D0300FFFFFFFF409D00203E
:1077200078BC00200090D003080000000A00000090
:1077300068B900207CB9002090B90020A4B90020CD
:10774000D4610020000000001874040038740400A4
:10775000F8730400000000000000000000000000BA
:107760000000000000000000000000000000000019
:107770000000000000000000000000000000000009
:1077800000000000000000000000000000000000F9
:1077900000000000000000000000000000000000E9
:1077A0000000000043000000000000000000000096
:1077B00000000000000000000000000000000000C9
:1077C0000000000043000000000000000000000076
:1077D00000000000000000000000000000000000A9
:1077E0000000000043000000000000000000000056
:1077F0000000000000000000000000000000000089
:107800000000000043000000000000000000000035
:107810000000000000000000000000000000000068
:107820000000000043000000000000000000000015
:107830000000000000000000000000000000000048
:1078400000000000430000000000000000000000F5
:107850000000000000000000000000000000000028
:1078600000000000430000000000000000000000D5
:107870000000000000000000000000000000000008
:1078800000000000D3450400A53A040000000000F9
:10789000E9720400607404009F7204009F72040087
:1078A0009F7204009F7204009F7204009F72040084
:1078B0009F7204009F7204009F720400FFFFFFFF8D
:1078C000FFFFFFFFFFFFFFFFFFFF0000010041532D
:1078D00043494900000000000000000000000000D3
:1078E0000000000000000000000000000000415304
:1078F00043494900000000000000000000000000B3
:107900000000000000000000000000000000000077
:1079100001720200357202006D870200BDBC0200D8
:10792000D1C5020031CB0200916B030065730300E7
:0C793000818803006DC00300117202008A
:040000033000AF29F1
:00000001FF
